time,lat,lon,2t
1990-01-01,27.05,-81.1,293.7224
1990-01-01,26.8,-81.1,294.0029
1990-01-01,27.05,-80.85,293.91687
1990-01-01,26.8,-80.85,294.2178
1990-01-01,27.05,-80.6,294.26862
1990-01-01,26.8,-80.6,294.44504
1990-02-01,27.05,-81.1,295.10968
1990-02-01,26.8,-81.1,295.2574
1990-02-01,27.05,-80.85,294.95895
1990-02-01,26.8,-80.85,295.16635
1990-02-01,27.05,-80.6,295.1238
1990-02-01,26.8,-80.6,295.20813
1990-03-01,27.05,-81.1,295.1399
1990-03-01,26.8,-81.1,295.29846
1990-03-01,27.05,-80.85,295.12192
1990-03-01,26.8,-80.85,295.3368
1990-03-01,27.05,-80.6,295.25476
1990-03-01,26.8,-80.6,295.3922
1990-04-01,27.05,-81.1,296.10223
1990-04-01,26.8,-81.1,296.28665
1990-04-01,27.05,-80.85,295.93747
1990-04-01,26.8,-80.85,296.1667
1990-04-01,27.05,-80.6,296.0062
1990-04-01,26.8,-80.6,296.16473
1990-05-01,27.05,-81.1,300.04834
1990-05-01,26.8,-81.1,299.9314
1990-05-01,27.05,-80.85,299.30255
1990-05-01,26.8,-80.85,299.2937
1990-05-01,27.05,-80.6,299.17737
1990-05-01,26.8,-80.6,299.12073
1990-06-01,27.05,-81.1,300.97375
1990-06-01,26.8,-81.1,300.83704
1990-06-01,27.05,-80.85,300.6294
1990-06-01,26.8,-80.85,300.52054
1990-06-01,27.05,-80.6,300.67538
1990-06-01,26.8,-80.6,300.3921
1990-07-01,27.05,-81.1,300.97836
1990-07-01,26.8,-81.1,300.8938
1990-07-01,27.05,-80.85,300.9276
1990-07-01,26.8,-80.85,300.8712
1990-07-01,27.05,-80.6,301.0479
1990-07-01,26.8,-80.6,300.8251
1990-08-01,27.05,-81.1,300.99078
1990-08-01,26.8,-81.1,300.81552
1990-08-01,27.05,-80.85,301.0497
1990-08-01,26.8,-80.85,300.8863
1990-08-01,27.05,-80.6,300.99265
1990-08-01,26.8,-80.6,300.76642
1990-09-01,27.05,-81.1,300.93225
1990-09-01,26.8,-81.1,300.78046
1990-09-01,27.05,-80.85,300.99472
1990-09-01,26.8,-80.85,300.89853
1990-09-01,27.05,-80.6,300.96896
1990-09-01,26.8,-80.6,300.7853
1990-10-01,27.05,-81.1,298.8223
1990-10-01,26.8,-81.1,298.7995
1990-10-01,27.05,-80.85,298.89804
1990-10-01,26.8,-80.85,298.91794
1990-10-01,27.05,-80.6,298.9473
1990-10-01,26.8,-80.6,298.9402
1990-11-01,27.05,-81.1,295.2217
1990-11-01,26.8,-81.1,295.3395
1990-11-01,27.05,-80.85,295.6926
1990-11-01,26.8,-80.85,295.82056
1990-11-01,27.05,-80.6,295.78107
1990-11-01,26.8,-80.6,295.87677
1990-12-01,27.05,-81.1,293.6464
1990-12-01,26.8,-81.1,293.8119
1990-12-01,27.05,-80.85,294.25314
1990-12-01,26.8,-80.85,294.4011
1990-12-01,27.05,-80.6,294.4358
1990-12-01,26.8,-80.6,294.57446
1991-01-01,27.05,-81.1,293.50424
1991-01-01,26.8,-81.1,293.8728
1991-01-01,27.05,-80.85,293.89587
1991-01-01,26.8,-80.85,294.24677
1991-01-01,27.05,-80.6,294.021
1991-01-01,26.8,-80.6,294.26904
1991-02-01,27.05,-81.1,292.2782
1991-02-01,26.8,-81.1,292.47263
1991-02-01,27.05,-80.85,292.70068
1991-02-01,26.8,-80.85,292.90167
1991-02-01,27.05,-80.6,292.82196
1991-02-01,26.8,-80.6,293.011
1991-03-01,27.05,-81.1,294.4788
1991-03-01,26.8,-81.1,294.8467
1991-03-01,27.05,-80.85,294.45108
1991-03-01,26.8,-80.85,294.85104
1991-03-01,27.05,-80.6,294.5534
1991-03-01,26.8,-80.6,294.83035
1991-04-01,27.05,-81.1,297.77148
1991-04-01,26.8,-81.1,297.98834
1991-04-01,27.05,-80.85,297.3498
1991-04-01,26.8,-80.85,297.6234
1991-04-01,27.05,-80.6,297.3391
1991-04-01,26.8,-80.6,297.4598
1991-05-01,27.05,-81.1,299.38528
1991-05-01,26.8,-81.1,299.53613
1991-05-01,27.05,-80.85,299.1432
1991-05-01,26.8,-80.85,299.30713
1991-05-01,27.05,-80.6,299.08725
1991-05-01,26.8,-80.6,299.1369
1991-06-01,27.05,-81.1,300.26566
1991-06-01,26.8,-81.1,300.2663
1991-06-01,27.05,-80.85,300.0966
1991-06-01,26.8,-80.85,300.12332
1991-06-01,27.05,-80.6,300.1336
1991-06-01,26.8,-80.6,300.03275
1991-07-01,27.05,-81.1,300.43347
1991-07-01,26.8,-81.1,300.36447
1991-07-01,27.05,-80.85,300.52637
1991-07-01,26.8,-80.85,300.44345
1991-07-01,27.05,-80.6,300.6764
1991-07-01,26.8,-80.6,300.45087
1991-08-01,27.05,-81.1,300.87494
1991-08-01,26.8,-81.1,300.7524
1991-08-01,27.05,-80.85,300.9171
1991-08-01,26.8,-80.85,300.80875
1991-08-01,27.05,-80.6,301.13547
1991-08-01,26.8,-80.6,300.90674
1991-09-01,27.05,-81.1,300.19492
1991-09-01,26.8,-81.1,300.09033
1991-09-01,27.05,-80.85,300.27612
1991-09-01,26.8,-80.85,300.2057
1991-09-01,27.05,-80.6,300.35388
1991-09-01,26.8,-80.6,300.24512
1991-10-01,27.05,-81.1,297.80292
1991-10-01,26.8,-81.1,297.72028
1991-10-01,27.05,-80.85,298.04266
1991-10-01,26.8,-80.85,297.98367
1991-10-01,27.05,-80.6,298.07983
1991-10-01,26.8,-80.6,298.04965
1991-11-01,27.05,-81.1,293.37103
1991-11-01,26.8,-81.1,293.3833
1991-11-01,27.05,-80.85,294.2054
1991-11-01,26.8,-80.85,294.21716
1991-11-01,27.05,-80.6,294.40424
1991-11-01,26.8,-80.6,294.52365
1991-12-01,27.05,-81.1,293.07886
1991-12-01,26.8,-81.1,293.20056
1991-12-01,27.05,-80.85,293.75433
1991-12-01,26.8,-80.85,293.86246
1991-12-01,27.05,-80.6,293.91046
1991-12-01,26.8,-80.6,294.053
1992-01-01,27.05,-81.1,290.22314
1992-01-01,26.8,-81.1,290.47763
1992-01-01,27.05,-80.85,291.04465
1992-01-01,26.8,-80.85,291.2802
1992-01-01,27.05,-80.6,291.22
1992-01-01,26.8,-80.6,291.4938
1992-02-01,27.05,-81.1,292.67746
1992-02-01,26.8,-81.1,292.85236
1992-02-01,27.05,-80.85,292.85358
1992-02-01,26.8,-80.85,293.06143
1992-02-01,27.05,-80.6,292.94467
1992-02-01,26.8,-80.6,293.0954
1992-03-01,27.05,-81.1,293.56387
1992-03-01,26.8,-81.1,293.64
1992-03-01,27.05,-80.85,293.61307
1992-03-01,26.8,-80.85,293.74124
1992-03-01,27.05,-80.6,293.6553
1992-03-01,26.8,-80.6,293.78107
1992-04-01,27.05,-81.1,295.3194
1992-04-01,26.8,-81.1,295.29324
1992-04-01,27.05,-80.85,295.1476
1992-04-01,26.8,-80.85,295.18073
1992-04-01,27.05,-80.6,295.13898
1992-04-01,26.8,-80.6,295.162
1992-05-01,27.05,-81.1,297.8504
1992-05-01,26.8,-81.1,297.72473
1992-05-01,27.05,-80.85,297.49744
1992-05-01,26.8,-80.85,297.4684
1992-05-01,27.05,-80.6,297.397
1992-05-01,26.8,-80.6,297.48676
1992-06-01,27.05,-81.1,299.62885
1992-06-01,26.8,-81.1,299.57013
1992-06-01,27.05,-80.85,299.51678
1992-06-01,26.8,-80.85,299.47168
1992-06-01,27.05,-80.6,299.55188
1992-06-01,26.8,-80.6,299.4049
1992-07-01,27.05,-81.1,301.40405
1992-07-01,26.8,-81.1,301.26825
1992-07-01,27.05,-80.85,301.21002
1992-07-01,26.8,-80.85,301.08505
1992-07-01,27.05,-80.6,301.22272
1992-07-01,26.8,-80.6,300.96286
1992-08-01,27.05,-81.1,300.25613
1992-08-01,26.8,-81.1,300.1668
1992-08-01,27.05,-80.85,300.3272
1992-08-01,26.8,-80.85,300.2188
1992-08-01,27.05,-80.6,300.4295
1992-08-01,26.8,-80.6,300.17236
1992-09-01,27.05,-81.1,300.119
1992-09-01,26.8,-81.1,300.09726
1992-09-01,27.05,-80.85,299.97372
1992-09-01,26.8,-80.85,299.95938
1992-09-01,27.05,-80.6,300.00446
1992-09-01,26.8,-80.6,299.85162
1992-10-01,27.05,-81.1,297.25317
1992-10-01,26.8,-81.1,297.29465
1992-10-01,27.05,-80.85,297.70685
1992-10-01,26.8,-80.85,297.7292
1992-10-01,27.05,-80.6,297.84253
1992-10-01,26.8,-80.6,297.79282
1992-11-01,27.05,-81.1,295.74524
1992-11-01,26.8,-81.1,295.82947
1992-11-01,27.05,-80.85,296.09
1992-11-01,26.8,-80.85,296.1823
1992-11-01,27.05,-80.6,296.18036
1992-11-01,26.8,-80.6,296.29633
1992-12-01,27.05,-81.1,292.35178
1992-12-01,26.8,-81.1,292.4836
1992-12-01,27.05,-80.85,293.3693
1992-12-01,26.8,-80.85,293.435
1992-12-01,27.05,-80.6,293.40875
1992-12-01,26.8,-80.6,293.61423
1993-01-01,27.05,-81.1,293.4296
1993-01-01,26.8,-81.1,293.64453
1993-01-01,27.05,-80.85,294.01447
1993-01-01,26.8,-80.85,294.17676
1993-01-01,27.05,-80.6,294.08847
1993-01-01,26.8,-80.6,294.19122
1993-02-01,27.05,-81.1,290.4423
1993-02-01,26.8,-81.1,290.78613
1993-02-01,27.05,-80.85,291.16034
1993-02-01,26.8,-80.85,291.4641
1993-02-01,27.05,-80.6,291.3184
1993-02-01,26.8,-80.6,291.57733
1993-03-01,27.05,-81.1,292.3396
1993-03-01,26.8,-81.1,292.68823
1993-03-01,27.05,-80.85,292.47665
1993-03-01,26.8,-80.85,292.8403
1993-03-01,27.05,-80.6,292.50793
1993-03-01,26.8,-80.6,292.77353
1993-04-01,27.05,-81.1,294.72876
1993-04-01,26.8,-81.1,294.98538
1993-04-01,27.05,-80.85,294.71588
1993-04-01,26.8,-80.85,294.9971
1993-04-01,27.05,-80.6,294.58774
1993-04-01,26.8,-80.6,294.89478
1993-05-01,27.05,-81.1,298.43127
1993-05-01,26.8,-81.1,298.41113
1993-05-01,27.05,-80.85,298.0775
1993-05-01,26.8,-80.85,298.12585
1993-05-01,27.05,-80.6,297.96378
1993-05-01,26.8,-80.6,298.08093
1993-06-01,27.05,-81.1,300.91122
1993-06-01,26.8,-81.1,300.76978
1993-06-01,27.05,-80.85,300.57465
1993-06-01,26.8,-80.85,300.5389
1993-06-01,27.05,-80.6,300.50037
1993-06-01,26.8,-80.6,300.47995
1993-07-01,27.05,-81.1,301.67856
1993-07-01,26.8,-81.1,301.4862
1993-07-01,27.05,-80.85,301.60632
1993-07-01,26.8,-80.85,301.4468
1993-07-01,27.05,-80.6,301.53796
1993-07-01,26.8,-80.6,301.31952
1993-08-01,27.05,-81.1,301.02173
1993-08-01,26.8,-81.1,300.93842
1993-08-01,27.05,-80.85,301.00415
1993-08-01,26.8,-80.85,300.9412
1993-08-01,27.05,-80.6,301.02487
1993-08-01,26.8,-80.6,300.8885
1993-09-01,27.05,-81.1,300.21545
1993-09-01,26.8,-81.1,300.18158
1993-09-01,27.05,-80.85,300.31735
1993-09-01,26.8,-80.85,300.27856
1993-09-01,27.05,-80.6,300.34155
1993-09-01,26.8,-80.6,300.25082
1993-10-01,27.05,-81.1,297.80508
1993-10-01,26.8,-81.1,297.89386
1993-10-01,27.05,-80.85,298.18265
1993-10-01,26.8,-80.85,298.23035
1993-10-01,27.05,-80.6,298.24835
1993-10-01,26.8,-80.6,298.26743
1993-11-01,27.05,-81.1,295.06
1993-11-01,26.8,-81.1,295.25433
1993-11-01,27.05,-80.85,295.6051
1993-11-01,26.8,-80.85,295.79282
1993-11-01,27.05,-80.6,295.8686
1993-11-01,26.8,-80.6,296.0189
1993-12-01,27.05,-81.1,290.44397
1993-12-01,26.8,-81.1,290.6526
1993-12-01,27.05,-80.85,291.6278
1993-12-01,26.8,-80.85,291.81195
1993-12-01,27.05,-80.6,291.9025
1993-12-01,26.8,-80.6,292.19537
1994-01-01,27.05,-81.1,291.57034
1994-01-01,26.8,-81.1,291.79904
1994-01-01,27.05,-80.85,292.25363
1994-01-01,26.8,-80.85,292.4684
1994-01-01,27.05,-80.6,292.58517
1994-01-01,26.8,-80.6,292.74133
1994-02-01,27.05,-81.1,293.8618
1994-02-01,26.8,-81.1,294.0359
1994-02-01,27.05,-80.85,294.02734
1994-02-01,26.8,-80.85,294.2317
1994-02-01,27.05,-80.6,294.1493
1994-02-01,26.8,-80.6,294.27386
1994-03-01,27.05,-81.1,294.55457
1994-03-01,26.8,-81.1,294.6183
1994-03-01,27.05,-80.85,294.49524
1994-03-01,26.8,-80.85,294.6324
1994-03-01,27.05,-80.6,294.51596
1994-03-01,26.8,-80.6,294.68234
1994-04-01,27.05,-81.1,297.47516
1994-04-01,26.8,-81.1,297.51898
1994-04-01,27.05,-80.85,297.09058
1994-04-01,26.8,-80.85,297.2232
1994-04-01,27.05,-80.6,296.94983
1994-04-01,26.8,-80.6,297.07758
1994-05-01,27.05,-81.1,299.14142
1994-05-01,26.8,-81.1,299.1705
1994-05-01,27.05,-80.85,298.73065
1994-05-01,26.8,-80.85,298.80432
1994-05-01,27.05,-80.6,298.5622
1994-05-01,26.8,-80.6,298.65363
1994-06-01,27.05,-81.1,300.33826
1994-06-01,26.8,-81.1,300.34634
1994-06-01,27.05,-80.85,300.2012
1994-06-01,26.8,-80.85,300.22015
1994-06-01,27.05,-80.6,300.21637
1994-06-01,26.8,-80.6,300.12878
1994-07-01,27.05,-81.1,300.09903
1994-07-01,26.8,-81.1,299.98276
1994-07-01,27.05,-80.85,300.1701
1994-07-01,26.8,-80.85,300.05667
1994-07-01,27.05,-80.6,300.17984
1994-07-01,26.8,-80.6,300.02817
1994-08-01,27.05,-81.1,299.90778
1994-08-01,26.8,-81.1,299.84778
1994-08-01,27.05,-80.85,299.98746
1994-08-01,26.8,-80.85,299.92792
1994-08-01,27.05,-80.6,299.9757
1994-08-01,26.8,-80.6,299.86703
1994-09-01,27.05,-81.1,299.10287
1994-09-01,26.8,-81.1,299.11588
1994-09-01,27.05,-80.85,299.32504
1994-09-01,26.8,-80.85,299.3152
1994-09-01,27.05,-80.6,299.39966
1994-09-01,26.8,-80.6,299.3019
1994-10-01,27.05,-81.1,297.703
1994-10-01,26.8,-81.1,297.78552
1994-10-01,27.05,-80.85,297.9974
1994-10-01,26.8,-80.85,298.0583
1994-10-01,27.05,-80.6,298.07324
1994-10-01,26.8,-80.6,298.0661
1994-11-01,27.05,-81.1,296.08966
1994-11-01,26.8,-81.1,296.24133
1994-11-01,27.05,-80.85,296.5098
1994-11-01,26.8,-80.85,296.63916
1994-11-01,27.05,-80.6,296.67163
1994-11-01,26.8,-80.6,296.70007
1994-12-01,27.05,-81.1,292.51566
1994-12-01,26.8,-81.1,292.77475
1994-12-01,27.05,-80.85,293.222
1994-12-01,26.8,-80.85,293.4578
1994-12-01,27.05,-80.6,293.47968
1994-12-01,26.8,-80.6,293.68115
1995-01-01,27.05,-81.1,289.47424
1995-01-01,26.8,-81.1,289.86746
1995-01-01,27.05,-80.85,290.59055
1995-01-01,26.8,-80.85,290.9249
1995-01-01,27.05,-80.6,290.87448
1995-01-01,26.8,-80.6,291.1736
1995-02-01,27.05,-81.1,290.2329
1995-02-01,26.8,-81.1,290.5232
1995-02-01,27.05,-80.85,290.86154
1995-02-01,26.8,-80.85,291.13596
1995-02-01,27.05,-80.6,291.0672
1995-02-01,26.8,-80.6,291.2808
1995-03-01,27.05,-81.1,294.0227
1995-03-01,26.8,-81.1,294.24243
1995-03-01,27.05,-80.85,294.04105
1995-03-01,26.8,-80.85,294.29486
1995-03-01,27.05,-80.6,294.17032
1995-03-01,26.8,-80.6,294.3179
1995-04-01,27.05,-81.1,296.43185
1995-04-01,26.8,-81.1,296.82593
1995-04-01,27.05,-80.85,296.33502
1995-04-01,26.8,-80.85,296.71417
1995-04-01,27.05,-80.6,296.40567
1995-04-01,26.8,-80.6,296.58804
1995-05-01,27.05,-81.1,300.3947
1995-05-01,26.8,-81.1,300.62335
1995-05-01,27.05,-80.85,299.91562
1995-05-01,26.8,-80.85,300.19196
1995-05-01,27.05,-80.6,299.85498
1995-05-01,26.8,-80.6,299.95532
1995-06-01,27.05,-81.1,299.91434
1995-06-01,26.8,-81.1,299.88776
1995-06-01,27.05,-80.85,299.85733
1995-06-01,26.8,-80.85,299.844
1995-06-01,27.05,-80.6,299.812
1995-06-01,26.8,-80.6,299.77798
1995-07-01,27.05,-81.1,300.5724
1995-07-01,26.8,-81.1,300.57184
1995-07-01,27.05,-80.85,300.59818
1995-07-01,26.8,-80.85,300.58203
1995-07-01,27.05,-80.6,300.56573
1995-07-01,26.8,-80.6,300.4899
1995-08-01,27.05,-81.1,300.6437
1995-08-01,26.8,-81.1,300.665
1995-08-01,27.05,-80.85,300.67496
1995-08-01,26.8,-80.85,300.70844
1995-08-01,27.05,-80.6,300.65616
1995-08-01,26.8,-80.6,300.6405
1995-09-01,27.05,-81.1,300.0208
1995-09-01,26.8,-81.1,300.04944
1995-09-01,27.05,-80.85,300.04776
1995-09-01,26.8,-80.85,300.07138
1995-09-01,27.05,-80.6,300.08792
1995-09-01,26.8,-80.6,300.0062
1995-10-01,27.05,-81.1,298.58475
1995-10-01,26.8,-81.1,298.72168
1995-10-01,27.05,-80.85,298.68237
1995-10-01,26.8,-80.85,298.8155
1995-10-01,27.05,-80.6,298.8304
1995-10-01,26.8,-80.6,298.8635
1995-11-01,27.05,-81.1,293.22662
1995-11-01,26.8,-81.1,293.49936
1995-11-01,27.05,-80.85,294.07236
1995-11-01,26.8,-80.85,294.30392
1995-11-01,27.05,-80.6,294.38748
1995-11-01,26.8,-80.6,294.562
1995-12-01,27.05,-81.1,290.32703
1995-12-01,26.8,-81.1,290.68643
1995-12-01,27.05,-80.85,291.25046
1995-12-01,26.8,-80.85,291.5508
1995-12-01,27.05,-80.6,291.53513
1995-12-01,26.8,-80.6,291.73978
1996-01-01,27.05,-81.1,289.93976
1996-01-01,26.8,-81.1,290.26367
1996-01-01,27.05,-80.85,290.73236
1996-01-01,26.8,-80.85,291.03427
1996-01-01,27.05,-80.6,291.02017
1996-01-01,26.8,-80.6,291.28415
1996-02-01,27.05,-81.1,290.06052
1996-02-01,26.8,-81.1,290.29272
1996-02-01,27.05,-80.85,290.75592
1996-02-01,26.8,-80.85,290.97736
1996-02-01,27.05,-80.6,291.05972
1996-02-01,26.8,-80.6,291.26434
1996-03-01,27.05,-81.1,291.59033
1996-03-01,26.8,-81.1,292.02148
1996-03-01,27.05,-80.85,291.74692
1996-03-01,26.8,-80.85,292.1739
1996-03-01,27.05,-80.6,291.9751
1996-03-01,26.8,-80.6,292.25082
1996-04-01,27.05,-81.1,295.60144
1996-04-01,26.8,-81.1,295.87482
1996-04-01,27.05,-80.85,295.27344
1996-04-01,26.8,-80.85,295.56305
1996-04-01,27.05,-80.6,295.2245
1996-04-01,26.8,-80.6,295.36508
1996-05-01,27.05,-81.1,299.0058
1996-05-01,26.8,-81.1,299.0066
1996-05-01,27.05,-80.85,298.58063
1996-05-01,26.8,-80.85,298.63464
1996-05-01,27.05,-80.6,298.41754
1996-05-01,26.8,-80.6,298.4687
1996-06-01,27.05,-81.1,299.35315
1996-06-01,26.8,-81.1,299.4034
1996-06-01,27.05,-80.85,299.1997
1996-06-01,26.8,-80.85,299.24048
1996-06-01,27.05,-80.6,299.1449
1996-06-01,26.8,-80.6,299.07648
1996-07-01,27.05,-81.1,301.0324
1996-07-01,26.8,-81.1,301.0565
1996-07-01,27.05,-80.85,300.94766
1996-07-01,26.8,-80.85,300.96936
1996-07-01,27.05,-80.6,301.02142
1996-07-01,26.8,-80.6,300.8815
1996-08-01,27.05,-81.1,300.32812
1996-08-01,26.8,-81.1,300.3337
1996-08-01,27.05,-80.85,300.32147
1996-08-01,26.8,-80.85,300.32166
1996-08-01,27.05,-80.6,300.41245
1996-08-01,26.8,-80.6,300.24747
1996-09-01,27.05,-81.1,299.98264
1996-09-01,26.8,-81.1,300.02887
1996-09-01,27.05,-80.85,300.1552
1996-09-01,26.8,-80.85,300.1543
1996-09-01,27.05,-80.6,300.358
1996-09-01,26.8,-80.6,300.1793
1996-10-01,27.05,-81.1,297.14758
1996-10-01,26.8,-81.1,297.35083
1996-10-01,27.05,-80.85,297.53845
1996-10-01,26.8,-80.85,297.6998
1996-10-01,27.05,-80.6,297.67407
1996-10-01,26.8,-80.6,297.749
1996-11-01,27.05,-81.1,294.32962
1996-11-01,26.8,-81.1,294.57202
1996-11-01,27.05,-80.85,294.94186
1996-11-01,26.8,-80.85,295.1472
1996-11-01,27.05,-80.6,295.22882
1996-11-01,26.8,-80.6,295.35138
1996-12-01,27.05,-81.1,292.181
1996-12-01,26.8,-81.1,292.3957
1996-12-01,27.05,-80.85,292.98727
1996-12-01,26.8,-80.85,293.1709
1996-12-01,27.05,-80.6,293.34506
1996-12-01,26.8,-80.6,293.50238
1997-01-01,27.05,-81.1,291.4556
1997-01-01,26.8,-81.1,291.67685
1997-01-01,27.05,-80.85,292.18652
1997-01-01,26.8,-80.85,292.3532
1997-01-01,27.05,-80.6,292.3356
1997-01-01,26.8,-80.6,292.47696
1997-02-01,27.05,-81.1,294.18622
1997-02-01,26.8,-81.1,294.47284
1997-02-01,27.05,-80.85,294.43338
1997-02-01,26.8,-80.85,294.69318
1997-02-01,27.05,-80.6,294.53113
1997-02-01,26.8,-80.6,294.67288
1997-03-01,27.05,-81.1,296.613
1997-03-01,26.8,-81.1,296.8869
1997-03-01,27.05,-80.85,296.3721
1997-03-01,26.8,-80.85,296.66882
1997-03-01,27.05,-80.6,296.4209
1997-03-01,26.8,-80.6,296.515
1997-04-01,27.05,-81.1,295.67206
1997-04-01,26.8,-81.1,295.9009
1997-04-01,27.05,-80.85,295.6951
1997-04-01,26.8,-80.85,295.94156
1997-04-01,27.05,-80.6,295.81427
1997-04-01,26.8,-80.6,295.95248
1997-05-01,27.05,-81.1,298.5688
1997-05-01,26.8,-81.1,298.73166
1997-05-01,27.05,-80.85,298.35953
1997-05-01,26.8,-80.85,298.54565
1997-05-01,27.05,-80.6,298.3489
1997-05-01,26.8,-80.6,298.44495
1997-06-01,27.05,-81.1,299.83762
1997-06-01,26.8,-81.1,299.82184
1997-06-01,27.05,-80.85,299.68338
1997-06-01,26.8,-80.85,299.66284
1997-06-01,27.05,-80.6,299.69385
1997-06-01,26.8,-80.6,299.53088
1997-07-01,27.05,-81.1,300.69748
1997-07-01,26.8,-81.1,300.58078
1997-07-01,27.05,-80.85,300.82553
1997-07-01,26.8,-80.85,300.67694
1997-07-01,27.05,-80.6,300.95837
1997-07-01,26.8,-80.6,300.6
1997-08-01,27.05,-81.1,300.3763
1997-08-01,26.8,-81.1,300.32053
1997-08-01,27.05,-80.85,300.56763
1997-08-01,26.8,-80.85,300.46555
1997-08-01,27.05,-80.6,300.59613
1997-08-01,26.8,-80.6,300.3562
1997-09-01,27.05,-81.1,299.5453
1997-09-01,26.8,-81.1,299.50128
1997-09-01,27.05,-80.85,299.77686
1997-09-01,26.8,-80.85,299.6908
1997-09-01,27.05,-80.6,299.8452
1997-09-01,26.8,-80.6,299.61115
1997-10-01,27.05,-81.1,297.26068
1997-10-01,26.8,-81.1,297.27948
1997-10-01,27.05,-80.85,297.72845
1997-10-01,26.8,-80.85,297.71948
1997-10-01,27.05,-80.6,297.83832
1997-10-01,26.8,-80.6,297.75385
1997-11-01,27.05,-81.1,293.73914
1997-11-01,26.8,-81.1,294.00012
1997-11-01,27.05,-80.85,294.44974
1997-11-01,26.8,-80.85,294.68085
1997-11-01,27.05,-80.6,294.71564
1997-11-01,26.8,-80.6,294.8788
1997-12-01,27.05,-81.1,291.04965
1997-12-01,26.8,-81.1,291.29074
1997-12-01,27.05,-80.85,291.76144
1997-12-01,26.8,-80.85,291.97147
1997-12-01,27.05,-80.6,291.99606
1997-12-01,26.8,-80.6,292.12607
1998-01-01,27.05,-81.1,291.7523
1998-01-01,26.8,-81.1,291.97696
1998-01-01,27.05,-80.85,292.1728
1998-01-01,26.8,-80.85,292.40375
1998-01-01,27.05,-80.6,292.43622
1998-01-01,26.8,-80.6,292.54272
1998-02-01,27.05,-81.1,291.05823
1998-02-01,26.8,-81.1,291.36813
1998-02-01,27.05,-80.85,291.35852
1998-02-01,26.8,-80.85,291.68707
1998-02-01,27.05,-80.6,291.59024
1998-02-01,26.8,-80.6,291.79364
1998-03-01,27.05,-81.1,291.95575
1998-03-01,26.8,-81.1,292.14536
1998-03-01,27.05,-80.85,292.1209
1998-03-01,26.8,-80.85,292.33887
1998-03-01,27.05,-80.6,292.3534
1998-03-01,26.8,-80.6,292.42203
1998-04-01,27.05,-81.1,295.97714
1998-04-01,26.8,-81.1,296.0372
1998-04-01,27.05,-80.85,295.8241
1998-04-01,26.8,-80.85,295.9427
1998-04-01,27.05,-80.6,295.9264
1998-04-01,26.8,-80.6,295.94034
1998-05-01,27.05,-81.1,299.59766
1998-05-01,26.8,-81.1,299.64413
1998-05-01,27.05,-80.85,299.18146
1998-05-01,26.8,-80.85,299.2917
1998-05-01,27.05,-80.6,299.09732
1998-05-01,26.8,-80.6,299.19565
1998-06-01,27.05,-81.1,302.77603
1998-06-01,26.8,-81.1,302.687
1998-06-01,27.05,-80.85,302.42307
1998-06-01,26.8,-80.85,302.4002
1998-06-01,27.05,-80.6,302.4746
1998-06-01,26.8,-80.6,302.4213
1998-07-01,27.05,-81.1,301.62024
1998-07-01,26.8,-81.1,301.6396
1998-07-01,27.05,-80.85,301.7069
1998-07-01,26.8,-80.85,301.71973
1998-07-01,27.05,-80.6,301.9523
1998-07-01,26.8,-80.6,301.7607
1998-08-01,27.05,-81.1,301.25964
1998-08-01,26.8,-81.1,301.28873
1998-08-01,27.05,-80.85,301.3924
1998-08-01,26.8,-80.85,301.44745
1998-08-01,27.05,-80.6,301.47018
1998-08-01,26.8,-80.6,301.43533
1998-09-01,27.05,-81.1,300.31952
1998-09-01,26.8,-81.1,300.36542
1998-09-01,27.05,-80.85,300.5214
1998-09-01,26.8,-80.85,300.58154
1998-09-01,27.05,-80.6,300.61365
1998-09-01,26.8,-80.6,300.56946
1998-10-01,27.05,-81.1,298.66263
1998-10-01,26.8,-81.1,298.80612
1998-10-01,27.05,-80.85,298.88635
1998-10-01,26.8,-80.85,299.03555
1998-10-01,27.05,-80.6,298.99658
1998-10-01,26.8,-80.6,298.9926
1998-11-01,27.05,-81.1,295.69043
1998-11-01,26.8,-81.1,295.9228
1998-11-01,27.05,-80.85,296.26556
1998-11-01,26.8,-80.85,296.44177
1998-11-01,27.05,-80.6,296.3629
1998-11-01,26.8,-80.6,296.41327
1998-12-01,27.05,-81.1,293.9524
1998-12-01,26.8,-81.1,294.1845
1998-12-01,27.05,-80.85,294.55524
1998-12-01,26.8,-80.85,294.76282
1998-12-01,27.05,-80.6,294.7664
1998-12-01,26.8,-80.6,294.84796
1999-01-01,27.05,-81.1,292.2826
1999-01-01,26.8,-81.1,292.5128
1999-01-01,27.05,-80.85,293.0744
1999-01-01,26.8,-80.85,293.2849
1999-01-01,27.05,-80.6,293.4263
1999-01-01,26.8,-80.6,293.5192
1999-02-01,27.05,-81.1,292.44803
1999-02-01,26.8,-81.1,292.51617
1999-02-01,27.05,-80.85,292.96344
1999-02-01,26.8,-80.85,293.07227
1999-02-01,27.05,-80.6,293.023
1999-02-01,26.8,-80.6,293.17337
1999-03-01,27.05,-81.1,293.22046
1999-03-01,26.8,-81.1,293.3258
1999-03-01,27.05,-80.85,293.55823
1999-03-01,26.8,-80.85,293.70563
1999-03-01,27.05,-80.6,293.54623
1999-03-01,26.8,-80.6,293.781
1999-04-01,27.05,-81.1,297.73035
1999-04-01,26.8,-81.1,297.72263
1999-04-01,27.05,-80.85,297.3723
1999-04-01,26.8,-80.85,297.44873
1999-04-01,27.05,-80.6,297.2898
1999-04-01,26.8,-80.6,297.4042
1999-05-01,27.05,-81.1,297.8926
1999-05-01,26.8,-81.1,298.03983
1999-05-01,27.05,-80.85,297.87778
1999-05-01,26.8,-80.85,298.0023
1999-05-01,27.05,-80.6,297.91412
1999-05-01,26.8,-80.6,297.925
1999-06-01,27.05,-81.1,299.17435
1999-06-01,26.8,-81.1,299.0512
1999-06-01,27.05,-80.85,299.19662
1999-06-01,26.8,-80.85,299.0645
1999-06-01,27.05,-80.6,299.1103
1999-06-01,26.8,-80.6,298.98407
1999-07-01,27.05,-81.1,300.74
1999-07-01,26.8,-81.1,300.59204
1999-07-01,27.05,-80.85,300.78647
1999-07-01,26.8,-80.85,300.64252
1999-07-01,27.05,-80.6,300.85635
1999-07-01,26.8,-80.6,300.60855
1999-08-01,27.05,-81.1,300.68506
1999-08-01,26.8,-81.1,300.45004
1999-08-01,27.05,-80.85,300.89905
1999-08-01,26.8,-80.85,300.6431
1999-08-01,27.05,-80.6,300.95532
1999-08-01,26.8,-80.6,300.64896
1999-09-01,27.05,-81.1,299.58243
1999-09-01,26.8,-81.1,299.54236
1999-09-01,27.05,-80.85,299.89987
1999-09-01,26.8,-80.85,299.8323
1999-09-01,27.05,-80.6,299.95465
1999-09-01,26.8,-80.6,299.85962
1999-10-01,27.05,-81.1,297.46582
1999-10-01,26.8,-81.1,297.6249
1999-10-01,27.05,-80.85,297.8004
1999-10-01,26.8,-80.85,297.93756
1999-10-01,27.05,-80.6,297.97357
1999-10-01,26.8,-80.6,298.00354
1999-11-01,27.05,-81.1,294.00256
1999-11-01,26.8,-81.1,294.2323
1999-11-01,27.05,-80.85,294.64328
1999-11-01,26.8,-80.85,294.85675
1999-11-01,27.05,-80.6,294.9275
1999-11-01,26.8,-80.6,295.06253
1999-12-01,27.05,-81.1,291.50928
1999-12-01,26.8,-81.1,291.77887
1999-12-01,27.05,-80.85,292.35422
1999-12-01,26.8,-80.85,292.5936
1999-12-01,27.05,-80.6,292.71198
1999-12-01,26.8,-80.6,292.88058
2000-01-01,27.05,-81.1,290.68237
2000-01-01,26.8,-81.1,290.99847
2000-01-01,27.05,-80.85,291.44922
2000-01-01,26.8,-80.85,291.7159
2000-01-01,27.05,-80.6,291.7022
2000-01-01,26.8,-80.6,291.89862
2000-02-01,27.05,-81.1,291.43372
2000-02-01,26.8,-81.1,291.83356
2000-02-01,27.05,-80.85,291.832
2000-02-01,26.8,-80.85,292.213
2000-02-01,27.05,-80.6,292.174
2000-02-01,26.8,-80.6,292.39105
2000-03-01,27.05,-81.1,295.15988
2000-03-01,26.8,-81.1,295.35825
2000-03-01,27.05,-80.85,295.0572
2000-03-01,26.8,-80.85,295.27936
2000-03-01,27.05,-80.6,295.1556
2000-03-01,26.8,-80.6,295.2239
2000-04-01,27.05,-81.1,295.30444
2000-04-01,26.8,-81.1,295.45355
2000-04-01,27.05,-80.85,295.37238
2000-04-01,26.8,-80.85,295.53366
2000-04-01,27.05,-80.6,295.5056
2000-04-01,26.8,-80.6,295.6309
2000-05-01,27.05,-81.1,299.19678
2000-05-01,26.8,-81.1,299.17883
2000-05-01,27.05,-80.85,298.85278
2000-05-01,26.8,-80.85,298.89008
2000-05-01,27.05,-80.6,298.8324
2000-05-01,26.8,-80.6,298.87408
2000-06-01,27.05,-81.1,300.153
2000-06-01,26.8,-81.1,300.05258
2000-06-01,27.05,-80.85,300.0843
2000-06-01,26.8,-80.85,299.9928
2000-06-01,27.05,-80.6,300.0874
2000-06-01,26.8,-80.6,299.9803
2000-07-01,27.05,-81.1,300.2277
2000-07-01,26.8,-81.1,300.1579
2000-07-01,27.05,-80.85,300.32098
2000-07-01,26.8,-80.85,300.2318
2000-07-01,27.05,-80.6,300.42258
2000-07-01,26.8,-80.6,300.21033
2000-08-01,27.05,-81.1,300.39523
2000-08-01,26.8,-81.1,300.3446
2000-08-01,27.05,-80.85,300.4827
2000-08-01,26.8,-80.85,300.42395
2000-08-01,27.05,-80.6,300.50574
2000-08-01,26.8,-80.6,300.4021
2000-09-01,27.05,-81.1,300.2886
2000-09-01,26.8,-81.1,300.1567
2000-09-01,27.05,-80.85,300.38855
2000-09-01,26.8,-80.85,300.24896
2000-09-01,27.05,-80.6,300.3526
2000-09-01,26.8,-80.6,300.23413
2000-10-01,27.05,-81.1,296.32587
2000-10-01,26.8,-81.1,296.48145
2000-10-01,27.05,-80.85,296.89166
2000-10-01,26.8,-80.85,297.02112
2000-10-01,27.05,-80.6,297.0426
2000-10-01,26.8,-80.6,297.10938
2000-11-01,27.05,-81.1,293.68765
2000-11-01,26.8,-81.1,293.8772
2000-11-01,27.05,-80.85,294.46973
2000-11-01,26.8,-80.85,294.62668
2000-11-01,27.05,-80.6,294.63287
2000-11-01,26.8,-80.6,294.75552
2000-12-01,27.05,-81.1,290.98135
2000-12-01,26.8,-81.1,291.25455
2000-12-01,27.05,-80.85,291.86182
2000-12-01,26.8,-80.85,292.1087
2000-12-01,27.05,-80.6,292.20282
2000-12-01,26.8,-80.6,292.44293
2001-01-01,27.05,-81.1,287.55978
2001-01-01,26.8,-81.1,287.68262
2001-01-01,27.05,-80.85,288.74442
2001-01-01,26.8,-80.85,288.85016
2001-01-01,27.05,-80.6,289.06918
2001-01-01,26.8,-80.6,289.31168
2001-02-01,27.05,-81.1,294.57825
2001-02-01,26.8,-81.1,294.82745
2001-02-01,27.05,-80.85,294.43103
2001-02-01,26.8,-80.85,294.69968
2001-02-01,27.05,-80.6,294.5326
2001-02-01,26.8,-80.6,294.65283
2001-03-01,27.05,-81.1,293.99643
2001-03-01,26.8,-81.1,294.171
2001-03-01,27.05,-80.85,293.9855
2001-03-01,26.8,-80.85,294.21677
2001-03-01,27.05,-80.6,294.16565
2001-03-01,26.8,-80.6,294.35068
2001-04-01,27.05,-81.1,295.87283
2001-04-01,26.8,-81.1,296.15137
2001-04-01,27.05,-80.85,295.72992
2001-04-01,26.8,-80.85,295.9884
2001-04-01,27.05,-80.6,295.90845
2001-04-01,26.8,-80.6,295.90405
2001-05-01,27.05,-81.1,297.70105
2001-05-01,26.8,-81.1,297.7542
2001-05-01,27.05,-80.85,297.47028
2001-05-01,26.8,-80.85,297.53186
2001-05-01,27.05,-80.6,297.48663
2001-05-01,26.8,-80.6,297.39636
2001-06-01,27.05,-81.1,299.80554
2001-06-01,26.8,-81.1,299.74088
2001-06-01,27.05,-80.85,299.90903
2001-06-01,26.8,-80.85,299.8132
2001-06-01,27.05,-80.6,299.92737
2001-06-01,26.8,-80.6,299.66367
2001-07-01,27.05,-81.1,299.9748
2001-07-01,26.8,-81.1,299.96283
2001-07-01,27.05,-80.85,300.0603
2001-07-01,26.8,-80.85,300.01562
2001-07-01,27.05,-80.6,300.16653
2001-07-01,26.8,-80.6,299.9176
2001-08-01,27.05,-81.1,300.47815
2001-08-01,26.8,-81.1,300.50082
2001-08-01,27.05,-80.85,300.67337
2001-08-01,26.8,-80.85,300.6474
2001-08-01,27.05,-80.6,300.70264
2001-08-01,26.8,-80.6,300.53964
2001-09-01,27.05,-81.1,298.93176
2001-09-01,26.8,-81.1,298.95956
2001-09-01,27.05,-80.85,299.2457
2001-09-01,26.8,-80.85,299.23117
2001-09-01,27.05,-80.6,299.24063
2001-09-01,26.8,-80.6,299.16205
2001-10-01,27.05,-81.1,296.96252
2001-10-01,26.8,-81.1,297.16623
2001-10-01,27.05,-80.85,297.29364
2001-10-01,26.8,-80.85,297.46753
2001-10-01,27.05,-80.6,297.4488
2001-10-01,26.8,-80.6,297.52606
2001-11-01,27.05,-81.1,294.41577
2001-11-01,26.8,-81.1,294.65247
2001-11-01,27.05,-80.85,295.08966
2001-11-01,26.8,-80.85,295.2617
2001-11-01,27.05,-80.6,295.23633
2001-11-01,26.8,-80.6,295.2683
2001-12-01,27.05,-81.1,293.43903
2001-12-01,26.8,-81.1,293.70587
2001-12-01,27.05,-80.85,294.14575
2001-12-01,26.8,-80.85,294.353
2001-12-01,27.05,-80.6,294.3151
2001-12-01,26.8,-80.6,294.42993
2002-01-01,27.05,-81.1,291.29807
2002-01-01,26.8,-81.1,291.6384
2002-01-01,27.05,-80.85,291.8443
2002-01-01,26.8,-80.85,292.1507
2002-01-01,27.05,-80.6,292.06323
2002-01-01,26.8,-80.6,292.25342
2002-02-01,27.05,-81.1,291.4414
2002-02-01,26.8,-81.1,291.80212
2002-02-01,27.05,-80.85,291.92987
2002-02-01,26.8,-80.85,292.28043
2002-02-01,27.05,-80.6,292.17105
2002-02-01,26.8,-80.6,292.43658
2002-03-01,27.05,-81.1,295.0759
2002-03-01,26.8,-81.1,295.32074
2002-03-01,27.05,-80.85,295.07355
2002-03-01,26.8,-80.85,295.336
2002-03-01,27.05,-80.6,295.18994
2002-03-01,26.8,-80.6,295.33014
2002-04-01,27.05,-81.1,297.54404
2002-04-01,26.8,-81.1,297.6209
2002-04-01,27.05,-80.85,297.49405
2002-04-01,26.8,-80.85,297.5873
2002-04-01,27.05,-80.6,297.45264
2002-04-01,26.8,-80.6,297.54007
2002-05-01,27.05,-81.1,299.37793
2002-05-01,26.8,-81.1,299.38266
2002-05-01,27.05,-80.85,299.04996
2002-05-01,26.8,-80.85,299.11853
2002-05-01,27.05,-80.6,299.0034
2002-05-01,26.8,-80.6,299.05292
2002-06-01,27.05,-81.1,299.3874
2002-06-01,26.8,-81.1,299.30365
2002-06-01,27.05,-80.85,299.43112
2002-06-01,26.8,-80.85,299.3443
2002-06-01,27.05,-80.6,299.35416
2002-06-01,26.8,-80.6,299.25998
2002-07-01,27.05,-81.1,300.19537
2002-07-01,26.8,-81.1,300.1732
2002-07-01,27.05,-80.85,300.3402
2002-07-01,26.8,-80.85,300.29398
2002-07-01,27.05,-80.6,300.32336
2002-07-01,26.8,-80.6,300.20264
2002-08-01,27.05,-81.1,300.49258
2002-08-01,26.8,-81.1,300.46848
2002-08-01,27.05,-80.85,300.6058
2002-08-01,26.8,-80.85,300.55057
2002-08-01,27.05,-80.6,300.69952
2002-08-01,26.8,-80.6,300.47208
2002-09-01,27.05,-81.1,300.56366
2002-09-01,26.8,-81.1,300.48645
2002-09-01,27.05,-80.85,300.58746
2002-09-01,26.8,-80.85,300.50095
2002-09-01,27.05,-80.6,300.71594
2002-09-01,26.8,-80.6,300.442
2002-10-01,27.05,-81.1,299.0595
2002-10-01,26.8,-81.1,299.10217
2002-10-01,27.05,-80.85,299.3508
2002-10-01,26.8,-80.85,299.36557
2002-10-01,27.05,-80.6,299.46646
2002-10-01,26.8,-80.6,299.36166
2002-11-01,27.05,-81.1,293.5894
2002-11-01,26.8,-81.1,293.80392
2002-11-01,27.05,-80.85,294.54013
2002-11-01,26.8,-80.85,294.7257
2002-11-01,27.05,-80.6,294.90652
2002-11-01,26.8,-80.6,295.1017
2002-12-01,27.05,-81.1,290.75534
2002-12-01,26.8,-81.1,291.20612
2002-12-01,27.05,-80.85,291.76425
2002-12-01,26.8,-80.85,292.16974
2002-12-01,27.05,-80.6,292.18182
2002-12-01,26.8,-80.6,292.54535
2003-01-01,27.05,-81.1,286.81088
2003-01-01,26.8,-81.1,287.09174
2003-01-01,27.05,-80.85,288.04156
2003-01-01,26.8,-80.85,288.2953
2003-01-01,27.05,-80.6,288.43582
2003-01-01,26.8,-80.6,288.80405
2003-02-01,27.05,-81.1,293.06134
2003-02-01,26.8,-81.1,293.31238
2003-02-01,27.05,-80.85,293.2058
2003-02-01,26.8,-80.85,293.5113
2003-02-01,27.05,-80.6,293.55945
2003-02-01,26.8,-80.6,293.82758
2003-03-01,27.05,-81.1,297.45987
2003-03-01,26.8,-81.1,297.63135
2003-03-01,27.05,-80.85,296.90894
2003-03-01,26.8,-80.85,297.17108
2003-03-01,27.05,-80.6,296.85754
2003-03-01,26.8,-80.6,297.03873
2003-04-01,27.05,-81.1,296.35022
2003-04-01,26.8,-81.1,296.37967
2003-04-01,27.05,-80.85,295.9719
2003-04-01,26.8,-80.85,296.08698
2003-04-01,27.05,-80.6,295.8636
2003-04-01,26.8,-80.6,296.02063
2003-05-01,27.05,-81.1,300.20093
2003-05-01,26.8,-81.1,299.99197
2003-05-01,27.05,-80.85,299.7074
2003-05-01,26.8,-80.85,299.606
2003-05-01,27.05,-80.6,299.61115
2003-05-01,26.8,-80.6,299.46347
2003-06-01,27.05,-81.1,299.93008
2003-06-01,26.8,-81.1,299.86823
2003-06-01,27.05,-80.85,299.9098
2003-06-01,26.8,-80.85,299.84012
2003-06-01,27.05,-80.6,299.98395
2003-06-01,26.8,-80.6,299.77725
2003-07-01,27.05,-81.1,300.74854
2003-07-01,26.8,-81.1,300.66
2003-07-01,27.05,-80.85,300.6958
2003-07-01,26.8,-80.85,300.59714
2003-07-01,27.05,-80.6,300.7879
2003-07-01,26.8,-80.6,300.5245
2003-08-01,27.05,-81.1,300.19275
2003-08-01,26.8,-81.1,300.17178
2003-08-01,27.05,-80.85,300.30054
2003-08-01,26.8,-80.85,300.25153
2003-08-01,27.05,-80.6,300.33093
2003-08-01,26.8,-80.6,300.17148
2003-09-01,27.05,-81.1,299.74078
2003-09-01,26.8,-81.1,299.7718
2003-09-01,27.05,-80.85,299.83682
2003-09-01,26.8,-80.85,299.848
2003-09-01,27.05,-80.6,299.9372
2003-09-01,26.8,-80.6,299.8023
2003-10-01,27.05,-81.1,298.2116
2003-10-01,26.8,-81.1,298.41443
2003-10-01,27.05,-80.85,298.5755
2003-10-01,26.8,-80.85,298.73682
2003-10-01,27.05,-80.6,298.78967
2003-10-01,26.8,-80.6,298.69778
2003-11-01,27.05,-81.1,295.71912
2003-11-01,26.8,-81.1,295.7978
2003-11-01,27.05,-80.85,296.1646
2003-11-01,26.8,-80.85,296.212
2003-11-01,27.05,-80.6,296.38315
2003-11-01,26.8,-80.6,296.3389
2003-12-01,27.05,-81.1,290.2323
2003-12-01,26.8,-81.1,290.37265
2003-12-01,27.05,-80.85,291.21976
2003-12-01,26.8,-80.85,291.3206
2003-12-01,27.05,-80.6,291.54007
2003-12-01,26.8,-80.6,291.63492
2004-01-01,27.05,-81.1,290.03635
2004-01-01,26.8,-81.1,290.1985
2004-01-01,27.05,-80.85,290.98163
2004-01-01,26.8,-80.85,291.09213
2004-01-01,27.05,-80.6,291.17493
2004-01-01,26.8,-80.6,291.27838
2004-02-01,27.05,-81.1,292.24072
2004-02-01,26.8,-81.1,292.42343
2004-02-01,27.05,-80.85,292.5113
2004-02-01,26.8,-80.85,292.6989
2004-02-01,27.05,-80.6,292.71106
2004-02-01,26.8,-80.6,292.85938
2004-03-01,27.05,-81.1,294.1914
2004-03-01,26.8,-81.1,294.2972
2004-03-01,27.05,-80.85,294.26324
2004-03-01,26.8,-80.85,294.3894
2004-03-01,27.05,-80.6,294.3133
2004-03-01,26.8,-80.6,294.4218
2004-04-01,27.05,-81.1,295.33893
2004-04-01,26.8,-81.1,295.38812
2004-04-01,27.05,-80.85,295.26318
2004-04-01,26.8,-80.85,295.36472
2004-04-01,27.05,-80.6,295.30814
2004-04-01,26.8,-80.6,295.37018
2004-05-01,27.05,-81.1,298.93033
2004-05-01,26.8,-81.1,298.91162
2004-05-01,27.05,-80.85,298.45087
2004-05-01,26.8,-80.85,298.49472
2004-05-01,27.05,-80.6,298.37726
2004-05-01,26.8,-80.6,298.34167
2004-06-01,27.05,-81.1,301.28882
2004-06-01,26.8,-81.1,301.03632
2004-06-01,27.05,-80.85,301.00183
2004-06-01,26.8,-80.85,300.78668
2004-06-01,27.05,-80.6,300.92392
2004-06-01,26.8,-80.6,300.65625
2004-07-01,27.05,-81.1,301.2129
2004-07-01,26.8,-81.1,301.02518
2004-07-01,27.05,-80.85,301.14417
2004-07-01,26.8,-80.85,300.95093
2004-07-01,27.05,-80.6,301.06516
2004-07-01,26.8,-80.6,300.7604
2004-08-01,27.05,-81.1,300.61288
2004-08-01,26.8,-81.1,300.60208
2004-08-01,27.05,-80.85,300.56055
2004-08-01,26.8,-80.85,300.5365
2004-08-01,27.05,-80.6,300.61908
2004-08-01,26.8,-80.6,300.43497
2004-09-01,27.05,-81.1,300.2369
2004-09-01,26.8,-81.1,300.2399
2004-09-01,27.05,-80.85,300.14554
2004-09-01,26.8,-80.85,300.16022
2004-09-01,27.05,-80.6,300.19156
2004-09-01,26.8,-80.6,300.11063
2004-10-01,27.05,-81.1,297.77396
2004-10-01,26.8,-81.1,298.02362
2004-10-01,27.05,-80.85,297.97427
2004-10-01,26.8,-80.85,298.19128
2004-10-01,27.05,-80.6,297.9996
2004-10-01,26.8,-80.6,298.03708
2004-11-01,27.05,-81.1,295.01105
2004-11-01,26.8,-81.1,295.27518
2004-11-01,27.05,-80.85,295.62637
2004-11-01,26.8,-80.85,295.83514
2004-11-01,27.05,-80.6,295.70386
2004-11-01,26.8,-80.6,295.81836
2004-12-01,27.05,-81.1,290.61316
2004-12-01,26.8,-81.1,290.98712
2004-12-01,27.05,-80.85,291.699
2004-12-01,26.8,-80.85,291.9995
2004-12-01,27.05,-80.6,292.0342
2004-12-01,26.8,-80.6,292.29782
2005-01-01,27.05,-81.1,290.82498
2005-01-01,26.8,-81.1,291.1052
2005-01-01,27.05,-80.85,291.51062
2005-01-01,26.8,-80.85,291.74643
2005-01-01,27.05,-80.6,291.76947
2005-01-01,26.8,-80.6,291.90222
2005-02-01,27.05,-81.1,291.4021
2005-02-01,26.8,-81.1,291.6925
2005-02-01,27.05,-80.85,292.00104
2005-02-01,26.8,-80.85,292.25363
2005-02-01,27.05,-80.6,292.13446
2005-02-01,26.8,-80.6,292.29816
2005-03-01,27.05,-81.1,292.75168
2005-03-01,26.8,-81.1,293.14838
2005-03-01,27.05,-80.85,292.78525
2005-03-01,26.8,-80.85,293.18906
2005-03-01,27.05,-80.6,292.87076
2005-03-01,26.8,-80.6,293.07388
2005-04-01,27.05,-81.1,294.38214
2005-04-01,26.8,-81.1,294.82303
2005-04-01,27.05,-80.85,294.354
2005-04-01,26.8,-80.85,294.79767
2005-04-01,27.05,-80.6,294.42078
2005-04-01,26.8,-80.6,294.6493
2005-05-01,27.05,-81.1,298.10504
2005-05-01,26.8,-81.1,298.37646
2005-05-01,27.05,-80.85,297.84106
2005-05-01,26.8,-80.85,298.1393
2005-05-01,27.05,-80.6,297.82065
2005-05-01,26.8,-80.6,298.00928
2005-06-01,27.05,-81.1,299.72815
2005-06-01,26.8,-81.1,299.77487
2005-06-01,27.05,-80.85,299.6118
2005-06-01,26.8,-80.85,299.6526
2005-06-01,27.05,-80.6,299.5777
2005-06-01,26.8,-80.6,299.52844
2005-07-01,27.05,-81.1,301.77945
2005-07-01,26.8,-81.1,301.80737
2005-07-01,27.05,-80.85,301.51355
2005-07-01,26.8,-80.85,301.55777
2005-07-01,27.05,-80.6,301.51965
2005-07-01,26.8,-80.6,301.42346
2005-08-01,27.05,-81.1,302.2265
2005-08-01,26.8,-81.1,302.13556
2005-08-01,27.05,-80.85,302.06485
2005-08-01,26.8,-80.85,302.03836
2005-08-01,27.05,-80.6,301.86154
2005-08-01,26.8,-80.6,301.874
2005-09-01,27.05,-81.1,301.1494
2005-09-01,26.8,-81.1,301.17285
2005-09-01,27.05,-80.85,300.85306
2005-09-01,26.8,-80.85,300.9458
2005-09-01,27.05,-80.6,300.59198
2005-09-01,26.8,-80.6,300.70685
2005-10-01,27.05,-81.1,297.94843
2005-10-01,26.8,-81.1,298.12012
2005-10-01,27.05,-80.85,298.14093
2005-10-01,26.8,-80.85,298.3292
2005-10-01,27.05,-80.6,298.22498
2005-10-01,26.8,-80.6,298.3452
2005-11-01,27.05,-81.1,295.2563
2005-11-01,26.8,-81.1,295.45172
2005-11-01,27.05,-80.85,295.66003
2005-11-01,26.8,-80.85,295.8519
2005-11-01,27.05,-80.6,295.79565
2005-11-01,26.8,-80.6,295.88666
2005-12-01,27.05,-81.1,290.76797
2005-12-01,26.8,-81.1,291.08362
2005-12-01,27.05,-80.85,291.72458
2005-12-01,26.8,-80.85,292.01166
2005-12-01,27.05,-80.6,291.88425
2005-12-01,26.8,-80.6,292.20493
2006-01-01,27.05,-81.1,291.9477
2006-01-01,26.8,-81.1,292.06198
2006-01-01,27.05,-80.85,292.28152
2006-01-01,26.8,-80.85,292.4375
2006-01-01,27.05,-80.6,292.29492
2006-01-01,26.8,-80.6,292.53708
2006-02-01,27.05,-81.1,290.6322
2006-02-01,26.8,-81.1,291.01596
2006-02-01,27.05,-80.85,291.1402
2006-02-01,26.8,-80.85,291.51575
2006-02-01,27.05,-80.6,291.2353
2006-02-01,26.8,-80.6,291.572
2006-03-01,27.05,-81.1,294.23264
2006-03-01,26.8,-81.1,294.3471
2006-03-01,27.05,-80.85,294.10144
2006-03-01,26.8,-80.85,294.276
2006-03-01,27.05,-80.6,294.02292
2006-03-01,26.8,-80.6,294.2182
2006-04-01,27.05,-81.1,297.86713
2006-04-01,26.8,-81.1,297.8531
2006-04-01,27.05,-80.85,297.31427
2006-04-01,26.8,-80.85,297.42255
2006-04-01,27.05,-80.6,297.18204
2006-04-01,26.8,-80.6,297.2203
2006-05-01,27.05,-81.1,299.23126
2006-05-01,26.8,-81.1,299.12897
2006-05-01,27.05,-80.85,298.8779
2006-05-01,26.8,-80.85,298.83514
2006-05-01,27.05,-80.6,298.70514
2006-05-01,26.8,-80.6,298.68988
2006-06-01,27.05,-81.1,300.79926
2006-06-01,26.8,-81.1,300.87195
2006-06-01,27.05,-80.85,300.3842
2006-06-01,26.8,-80.85,300.50113
2006-06-01,27.05,-80.6,300.3817
2006-06-01,26.8,-80.6,300.33478
2006-07-01,27.05,-81.1,300.71393
2006-07-01,26.8,-81.1,300.72235
2006-07-01,27.05,-80.85,300.51636
2006-07-01,26.8,-80.85,300.51724
2006-07-01,27.05,-80.6,300.4701
2006-07-01,26.8,-80.6,300.33566
2006-08-01,27.05,-81.1,301.3462
2006-08-01,26.8,-81.1,301.0945
2006-08-01,27.05,-80.85,301.28995
2006-08-01,26.8,-80.85,301.06052
2006-08-01,27.05,-80.6,301.16806
2006-08-01,26.8,-80.6,300.96057
2006-09-01,27.05,-81.1,300.14105
2006-09-01,26.8,-81.1,300.20245
2006-09-01,27.05,-80.85,300.30115
2006-09-01,26.8,-80.85,300.35452
2006-09-01,27.05,-80.6,300.33118
2006-09-01,26.8,-80.6,300.25183
2006-10-01,27.05,-81.1,298.53296
2006-10-01,26.8,-81.1,298.58203
2006-10-01,27.05,-80.85,298.85236
2006-10-01,26.8,-80.85,298.96933
2006-10-01,27.05,-80.6,298.90295
2006-10-01,26.8,-80.6,299.04898
2006-11-01,27.05,-81.1,293.69498
2006-11-01,26.8,-81.1,293.88702
2006-11-01,27.05,-80.85,294.30762
2006-11-01,26.8,-80.85,294.51065
2006-11-01,27.05,-80.6,294.47388
2006-11-01,26.8,-80.6,294.74023
2006-12-01,27.05,-81.1,294.7808
2006-12-01,26.8,-81.1,294.9753
2006-12-01,27.05,-80.85,294.93347
2006-12-01,26.8,-80.85,295.148
2006-12-01,27.05,-80.6,295.1793
2006-12-01,26.8,-80.6,295.27997
2007-01-01,27.05,-81.1,293.18445
2007-01-01,26.8,-81.1,293.5254
2007-01-01,27.05,-80.85,293.6104
2007-01-01,26.8,-80.85,293.94696
2007-01-01,27.05,-80.6,293.83408
2007-01-01,26.8,-80.6,294.1301
2007-02-01,27.05,-81.1,290.92096
2007-02-01,26.8,-81.1,291.28336
2007-02-01,27.05,-80.85,291.52383
2007-02-01,26.8,-80.85,291.89722
2007-02-01,27.05,-80.6,291.7675
2007-02-01,26.8,-80.6,292.21075
2007-03-01,27.05,-81.1,294.60504
2007-03-01,26.8,-81.1,294.75586
2007-03-01,27.05,-80.85,294.50897
2007-03-01,26.8,-80.85,294.72302
2007-03-01,27.05,-80.6,294.5297
2007-03-01,26.8,-80.6,294.77652
2007-04-01,27.05,-81.1,296.38065
2007-04-01,26.8,-81.1,296.46713
2007-04-01,27.05,-80.85,296.0472
2007-04-01,26.8,-80.85,296.19946
2007-04-01,27.05,-80.6,295.97604
2007-04-01,26.8,-80.6,296.1159
2007-05-01,27.05,-81.1,298.56317
2007-05-01,26.8,-81.1,298.48636
2007-05-01,27.05,-80.85,298.0716
2007-05-01,26.8,-80.85,298.0968
2007-05-01,27.05,-80.6,297.9535
2007-05-01,26.8,-80.6,298.02377
2007-06-01,27.05,-81.1,300.29507
2007-06-01,26.8,-81.1,300.13834
2007-06-01,27.05,-80.85,300.05145
2007-06-01,26.8,-80.85,299.9684
2007-06-01,27.05,-80.6,300.09317
2007-06-01,26.8,-80.6,299.9813
2007-07-01,27.05,-81.1,301.07242
2007-07-01,26.8,-81.1,301.09988
2007-07-01,27.05,-80.85,301.05133
2007-07-01,26.8,-80.85,301.064
2007-07-01,27.05,-80.6,301.1118
2007-07-01,26.8,-80.6,300.86877
2007-08-01,27.05,-81.1,302.0614
2007-08-01,26.8,-81.1,302.0366
2007-08-01,27.05,-80.85,301.90405
2007-08-01,26.8,-80.85,301.903
2007-08-01,27.05,-80.6,301.7785
2007-08-01,26.8,-80.6,301.64337
2007-09-01,27.05,-81.1,300.54636
2007-09-01,26.8,-81.1,300.45898
2007-09-01,27.05,-80.85,300.5936
2007-09-01,26.8,-80.85,300.57785
2007-09-01,27.05,-80.6,300.50995
2007-09-01,26.8,-80.6,300.5068
2007-10-01,27.05,-81.1,299.6717
2007-10-01,26.8,-81.1,299.76453
2007-10-01,27.05,-80.85,299.6143
2007-10-01,26.8,-80.85,299.73328
2007-10-01,27.05,-80.6,299.6353
2007-10-01,26.8,-80.6,299.65793
2007-11-01,27.05,-81.1,294.66898
2007-11-01,26.8,-81.1,294.92188
2007-11-01,27.05,-80.85,295.30774
2007-11-01,26.8,-80.85,295.53534
2007-11-01,27.05,-80.6,295.40955
2007-11-01,26.8,-80.6,295.58923
2007-12-01,27.05,-81.1,294.59375
2007-12-01,26.8,-81.1,294.7787
2007-12-01,27.05,-80.85,295.14856
2007-12-01,26.8,-80.85,295.32224
2007-12-01,27.05,-80.6,295.24683
2007-12-01,26.8,-80.6,295.38782
2008-01-01,27.05,-81.1,291.92938
2008-01-01,26.8,-81.1,292.11716
2008-01-01,27.05,-80.85,292.69116
2008-01-01,26.8,-80.85,292.8877
2008-01-01,27.05,-80.6,292.89267
2008-01-01,26.8,-80.6,293.1524
2008-02-01,27.05,-81.1,294.39426
2008-02-01,26.8,-81.1,294.61218
2008-02-01,27.05,-80.85,294.67853
2008-02-01,26.8,-80.85,294.90912
2008-02-01,27.05,-80.6,294.82828
2008-02-01,26.8,-80.6,295.00714
2008-03-01,27.05,-81.1,294.35303
2008-03-01,26.8,-81.1,294.53506
2008-03-01,27.05,-80.85,294.49945
2008-03-01,26.8,-80.85,294.70462
2008-03-01,27.05,-80.6,294.62653
2008-03-01,26.8,-80.6,294.80304
2008-04-01,27.05,-81.1,295.9022
2008-04-01,26.8,-81.1,296.06262
2008-04-01,27.05,-80.85,295.96036
2008-04-01,26.8,-80.85,296.15567
2008-04-01,27.05,-80.6,295.9315
2008-04-01,26.8,-80.6,296.1447
2008-05-01,27.05,-81.1,299.52887
2008-05-01,26.8,-81.1,299.50473
2008-05-01,27.05,-80.85,299.19696
2008-05-01,26.8,-80.85,299.26443
2008-05-01,27.05,-80.6,299.13364
2008-05-01,26.8,-80.6,299.2906
2008-06-01,27.05,-81.1,300.29266
2008-06-01,26.8,-81.1,300.23236
2008-06-01,27.05,-80.85,300.23682
2008-06-01,26.8,-80.85,300.17963
2008-06-01,27.05,-80.6,300.20203
2008-06-01,26.8,-80.6,300.1195
2008-07-01,27.05,-81.1,300.04462
2008-07-01,26.8,-81.1,300.0525
2008-07-01,27.05,-80.85,300.23123
2008-07-01,26.8,-80.85,300.1905
2008-07-01,27.05,-80.6,300.32108
2008-07-01,26.8,-80.6,300.09717
2008-08-01,27.05,-81.1,300.63828
2008-08-01,26.8,-81.1,300.66888
2008-08-01,27.05,-80.85,300.78705
2008-08-01,26.8,-80.85,300.78613
2008-08-01,27.05,-80.6,300.96442
2008-08-01,26.8,-80.6,300.74316
2008-09-01,27.05,-81.1,300.2644
2008-09-01,26.8,-81.1,300.37476
2008-09-01,27.05,-80.85,300.1625
2008-09-01,26.8,-80.85,300.27905
2008-09-01,27.05,-80.6,300.19403
2008-09-01,26.8,-80.6,300.18692
2008-10-01,27.05,-81.1,296.85132
2008-10-01,26.8,-81.1,297.12402
2008-10-01,27.05,-80.85,297.2176
2008-10-01,26.8,-80.85,297.46362
2008-10-01,27.05,-80.6,297.35748
2008-10-01,26.8,-80.6,297.47263
2008-11-01,27.05,-81.1,291.7665
2008-11-01,26.8,-81.1,292.1363
2008-11-01,27.05,-80.85,292.9316
2008-11-01,26.8,-80.85,293.22888
2008-11-01,27.05,-80.6,293.1874
2008-11-01,26.8,-80.6,293.4284
2008-12-01,27.05,-81.1,292.5228
2008-12-01,26.8,-81.1,292.8236
2008-12-01,27.05,-80.85,293.37476
2008-12-01,26.8,-80.85,293.62036
2008-12-01,27.05,-80.6,293.57385
2008-12-01,26.8,-80.6,293.73126
2009-01-01,27.05,-81.1,289.80823
2009-01-01,26.8,-81.1,290.21057
2009-01-01,27.05,-80.85,290.97803
2009-01-01,26.8,-80.85,291.31055
2009-01-01,27.05,-80.6,291.12527
2009-01-01,26.8,-80.6,291.4929
2009-02-01,27.05,-81.1,290.63492
2009-02-01,26.8,-81.1,290.93283
2009-02-01,27.05,-80.85,291.17767
2009-02-01,26.8,-80.85,291.4865
2009-02-01,27.05,-80.6,291.36224
2009-02-01,26.8,-80.6,291.704
2009-03-01,27.05,-81.1,293.96982
2009-03-01,26.8,-81.1,294.16473
2009-03-01,27.05,-80.85,293.94833
2009-03-01,26.8,-80.85,294.1698
2009-03-01,27.05,-80.6,293.94482
2009-03-01,26.8,-80.6,294.08896
2009-04-01,27.05,-81.1,296.5635
2009-04-01,26.8,-81.1,296.81552
2009-04-01,27.05,-80.85,296.4077
2009-04-01,26.8,-80.85,296.72018
2009-04-01,27.05,-80.6,296.4585
2009-04-01,26.8,-80.6,296.70575
2009-05-01,27.05,-81.1,298.98868
2009-05-01,26.8,-81.1,299.05865
2009-05-01,27.05,-80.85,298.58923
2009-05-01,26.8,-80.85,298.70935
2009-05-01,27.05,-80.6,298.46722
2009-05-01,26.8,-80.6,298.5395
2009-06-01,27.05,-81.1,300.54196
2009-06-01,26.8,-81.1,300.56558
2009-06-01,27.05,-80.85,300.3756
2009-06-01,26.8,-80.85,300.39996
2009-06-01,27.05,-80.6,300.29346
2009-06-01,26.8,-80.6,300.20123
2009-07-01,27.05,-81.1,300.7383
2009-07-01,26.8,-81.1,300.84113
2009-07-01,27.05,-80.85,300.81174
2009-07-01,26.8,-80.85,300.86853
2009-07-01,27.05,-80.6,300.84253
2009-07-01,26.8,-80.6,300.72446
2009-08-01,27.05,-81.1,301.28558
2009-08-01,26.8,-81.1,301.29272
2009-08-01,27.05,-80.85,301.2899
2009-08-01,26.8,-80.85,301.27206
2009-08-01,27.05,-80.6,301.4285
2009-08-01,26.8,-80.6,301.2049
2009-09-01,27.05,-81.1,300.5172
2009-09-01,26.8,-81.1,300.53687
2009-09-01,27.05,-80.85,300.5434
2009-09-01,26.8,-80.85,300.53418
2009-09-01,27.05,-80.6,300.65585
2009-09-01,26.8,-80.6,300.40027
2009-10-01,27.05,-81.1,299.78348
2009-10-01,26.8,-81.1,299.76886
2009-10-01,27.05,-80.85,299.90802
2009-10-01,26.8,-80.85,299.86188
2009-10-01,27.05,-80.6,299.96515
2009-10-01,26.8,-80.6,299.70178
2009-11-01,27.05,-81.1,295.336
2009-11-01,26.8,-81.1,295.49316
2009-11-01,27.05,-80.85,295.9685
2009-11-01,26.8,-80.85,296.10547
2009-11-01,27.05,-80.6,295.96954
2009-11-01,26.8,-80.6,296.14374
2009-12-01,27.05,-81.1,292.85153
2009-12-01,26.8,-81.1,293.20596
2009-12-01,27.05,-80.85,293.7156
2009-12-01,26.8,-80.85,294.04648
2009-12-01,27.05,-80.6,294.0855
2009-12-01,26.8,-80.6,294.37485
2010-01-01,27.05,-81.1,287.42053
2010-01-01,26.8,-81.1,287.58707
2010-01-01,27.05,-80.85,288.6317
2010-01-01,26.8,-80.85,288.81168
2010-01-01,27.05,-80.6,288.90295
2010-01-01,26.8,-80.6,289.28415
2010-02-01,27.05,-81.1,288.09866
2010-02-01,26.8,-81.1,288.46985
2010-02-01,27.05,-80.85,288.9276
2010-02-01,26.8,-80.85,289.27444
2010-02-01,27.05,-80.6,289.11383
2010-02-01,26.8,-80.6,289.49817
2010-03-01,27.05,-81.1,290.73422
2010-03-01,26.8,-81.1,290.8067
2010-03-01,27.05,-80.85,291.1239
2010-03-01,26.8,-80.85,291.23773
2010-03-01,27.05,-80.6,291.20178
2010-03-01,26.8,-80.6,291.36346
2010-04-01,27.05,-81.1,295.96738
2010-04-01,26.8,-81.1,296.18256
2010-04-01,27.05,-80.85,295.7866
2010-04-01,26.8,-80.85,296.0431
2010-04-01,27.05,-80.6,295.81506
2010-04-01,26.8,-80.6,295.96188
2010-05-01,27.05,-81.1,300.16357
2010-05-01,26.8,-81.1,300.13568
2010-05-01,27.05,-80.85,299.62866
2010-05-01,26.8,-80.85,299.66907
2010-05-01,27.05,-80.6,299.53986
2010-05-01,26.8,-80.6,299.52148
2010-06-01,27.05,-81.1,301.74078
2010-06-01,26.8,-81.1,301.62274
2010-06-01,27.05,-80.85,301.61118
2010-06-01,26.8,-80.85,301.50555
2010-06-01,27.05,-80.6,301.61035
2010-06-01,26.8,-80.6,301.4294
2010-07-01,27.05,-81.1,301.8802
2010-07-01,26.8,-81.1,301.77072
2010-07-01,27.05,-80.85,301.7123
2010-07-01,26.8,-80.85,301.61798
2010-07-01,27.05,-80.6,301.81696
2010-07-01,26.8,-80.6,301.58633
2010-08-01,27.05,-81.1,301.59222
2010-08-01,26.8,-81.1,301.54517
2010-08-01,27.05,-80.85,301.52704
2010-08-01,26.8,-80.85,301.4737
2010-08-01,27.05,-80.6,301.63867
2010-08-01,26.8,-80.6,301.36713
2010-09-01,27.05,-81.1,301.1092
2010-09-01,26.8,-81.1,300.9512
2010-09-01,27.05,-80.85,301.02563
2010-09-01,26.8,-80.85,300.87738
2010-09-01,27.05,-80.6,301.02283
2010-09-01,26.8,-80.6,300.7751
2010-10-01,27.05,-81.1,298.21014
2010-10-01,26.8,-81.1,298.0631
2010-10-01,27.05,-80.85,298.46237
2010-10-01,26.8,-80.85,298.30847
2010-10-01,27.05,-80.6,298.32257
2010-10-01,26.8,-80.6,298.2429
2010-11-01,27.05,-81.1,294.66116
2010-11-01,26.8,-81.1,294.70123
2010-11-01,27.05,-80.85,295.31866
2010-11-01,26.8,-80.85,295.35535
2010-11-01,27.05,-80.6,295.51038
2010-11-01,26.8,-80.6,295.50568
2010-12-01,27.05,-81.1,286.2824
2010-12-01,26.8,-81.1,286.4856
2010-12-01,27.05,-80.85,287.92938
2010-12-01,26.8,-80.85,288.08685
2010-12-01,27.05,-80.6,288.23822
2010-12-01,26.8,-80.6,288.5835
2011-01-01,27.05,-81.1,290.12387
2011-01-01,26.8,-81.1,290.33896
2011-01-01,27.05,-80.85,291.05667
2011-01-01,26.8,-80.85,291.25253
2011-01-01,27.05,-80.6,291.39618
2011-01-01,26.8,-80.6,291.58908
2011-02-01,27.05,-81.1,293.61743
2011-02-01,26.8,-81.1,293.86353
2011-02-01,27.05,-80.85,293.6643
2011-02-01,26.8,-80.85,293.953
2011-02-01,27.05,-80.6,293.8636
2011-02-01,26.8,-80.6,294.0069
2011-03-01,27.05,-81.1,295.1793
2011-03-01,26.8,-81.1,295.22928
2011-03-01,27.05,-80.85,295.17853
2011-03-01,26.8,-80.85,295.29965
2011-03-01,27.05,-80.6,295.1754
2011-03-01,26.8,-80.6,295.34534
2011-04-01,27.05,-81.1,299.45334
2011-04-01,26.8,-81.1,299.4781
2011-04-01,27.05,-80.85,298.90942
2011-04-01,26.8,-80.85,299.07254
2011-04-01,27.05,-80.6,298.81085
2011-04-01,26.8,-80.6,298.9386
2011-05-01,27.05,-81.1,299.84113
2011-05-01,26.8,-81.1,299.8026
2011-05-01,27.05,-80.85,299.3847
2011-05-01,26.8,-80.85,299.44666
2011-05-01,27.05,-80.6,299.33575
2011-05-01,26.8,-80.6,299.3869
2011-06-01,27.05,-81.1,301.22232
2011-06-01,26.8,-81.1,301.113
2011-06-01,27.05,-80.85,300.85452
2011-06-01,26.8,-80.85,300.82428
2011-06-01,27.05,-80.6,300.7935
2011-06-01,26.8,-80.6,300.79382
2011-07-01,27.05,-81.1,301.55658
2011-07-01,26.8,-81.1,301.53052
2011-07-01,27.05,-80.85,301.34222
2011-07-01,26.8,-80.85,301.32782
2011-07-01,27.05,-80.6,301.49832
2011-07-01,26.8,-80.6,301.22162
2011-08-01,27.05,-81.1,301.39612
2011-08-01,26.8,-81.1,301.3537
2011-08-01,27.05,-80.85,301.43478
2011-08-01,26.8,-80.85,301.39752
2011-08-01,27.05,-80.6,301.61566
2011-08-01,26.8,-80.6,301.4186
2011-09-01,27.05,-81.1,300.36447
2011-09-01,26.8,-81.1,300.4407
2011-09-01,27.05,-80.85,300.42734
2011-09-01,26.8,-80.85,300.48376
2011-09-01,27.05,-80.6,300.51358
2011-09-01,26.8,-80.6,300.41736
2011-10-01,27.05,-81.1,296.973
2011-10-01,26.8,-81.1,297.26285
2011-10-01,27.05,-80.85,297.4345
2011-10-01,26.8,-80.85,297.6994
2011-10-01,27.05,-80.6,297.72916
2011-10-01,26.8,-80.6,297.81848
2011-11-01,27.05,-81.1,295.06708
2011-11-01,26.8,-81.1,295.3187
2011-11-01,27.05,-80.85,295.45987
2011-11-01,26.8,-80.85,295.70288
2011-11-01,27.05,-80.6,295.78577
2011-11-01,26.8,-80.6,295.85632
2011-12-01,27.05,-81.1,293.45557
2011-12-01,26.8,-81.1,293.65143
2011-12-01,27.05,-80.85,293.5926
2011-12-01,26.8,-80.85,293.7949
2011-12-01,27.05,-80.6,293.90637
2011-12-01,26.8,-80.6,294.01706
2012-01-01,27.05,-81.1,290.88718
2012-01-01,26.8,-81.1,291.11194
2012-01-01,27.05,-80.85,291.26202
2012-01-01,26.8,-80.85,291.47968
2012-01-01,27.05,-80.6,291.46997
2012-01-01,26.8,-80.6,291.6792
2012-02-01,27.05,-81.1,294.23016
2012-02-01,26.8,-81.1,294.3806
2012-02-01,27.05,-80.85,293.8827
2012-02-01,26.8,-80.85,294.09814
2012-02-01,27.05,-80.6,294.06543
2012-02-01,26.8,-80.6,294.20084
2012-03-01,27.05,-81.1,295.94333
2012-03-01,26.8,-81.1,296.01553
2012-03-01,27.05,-80.85,295.74536
2012-03-01,26.8,-80.85,295.89172
2012-03-01,27.05,-80.6,295.73907
2012-03-01,26.8,-80.6,295.81635
2012-04-01,27.05,-81.1,296.6108
2012-04-01,26.8,-81.1,296.603
2012-04-01,27.05,-80.85,296.54248
2012-04-01,26.8,-80.85,296.5862
2012-04-01,27.05,-80.6,296.48196
2012-04-01,26.8,-80.6,296.54794
2012-05-01,27.05,-81.1,299.2811
2012-05-01,26.8,-81.1,299.2351
2012-05-01,27.05,-80.85,298.8438
2012-05-01,26.8,-80.85,298.7904
2012-05-01,27.05,-80.6,298.805
2012-05-01,26.8,-80.6,298.51785
2012-06-01,27.05,-81.1,300.07358
2012-06-01,26.8,-81.1,300.17618
2012-06-01,27.05,-80.85,299.84906
2012-06-01,26.8,-80.85,299.97107
2012-06-01,27.05,-80.6,299.93918
2012-06-01,26.8,-80.6,299.88165
2012-07-01,27.05,-81.1,301.4051
2012-07-01,26.8,-81.1,301.1526
2012-07-01,27.05,-80.85,301.32312
2012-07-01,26.8,-80.85,301.078
2012-07-01,27.05,-80.6,301.37894
2012-07-01,26.8,-80.6,300.99524
2012-08-01,27.05,-81.1,301.27582
2012-08-01,26.8,-81.1,301.1801
2012-08-01,27.05,-80.85,301.1032
2012-08-01,26.8,-80.85,300.98978
2012-08-01,27.05,-80.6,301.20828
2012-08-01,26.8,-80.6,300.87772
2012-09-01,27.05,-81.1,300.16373
2012-09-01,26.8,-81.1,300.2351
2012-09-01,27.05,-80.85,300.06024
2012-09-01,26.8,-80.85,300.10614
2012-09-01,27.05,-80.6,300.11957
2012-09-01,26.8,-80.6,299.97104
2012-10-01,27.05,-81.1,298.31396
2012-10-01,26.8,-81.1,298.32208
2012-10-01,27.05,-80.85,298.26126
2012-10-01,26.8,-80.85,298.28378
2012-10-01,27.05,-80.6,298.2628
2012-10-01,26.8,-80.6,298.22443
2012-11-01,27.05,-81.1,293.07767
2012-11-01,26.8,-81.1,293.11865
2012-11-01,27.05,-80.85,293.44507
2012-11-01,26.8,-80.85,293.46988
2012-11-01,27.05,-80.6,293.58124
2012-11-01,26.8,-80.6,293.60223
2012-12-01,27.05,-81.1,293.50348
2012-12-01,26.8,-81.1,293.66788
2012-12-01,27.05,-80.85,293.3633
2012-12-01,26.8,-80.85,293.54794
2012-12-01,27.05,-80.6,293.53088
2012-12-01,26.8,-80.6,293.5987
2013-01-01,27.05,-81.1,294.14093
2013-01-01,26.8,-81.1,294.2547
2013-01-01,27.05,-80.85,293.79382
2013-01-01,26.8,-80.85,293.94287
2013-01-01,27.05,-80.6,293.94452
2013-01-01,26.8,-80.6,293.98074
2013-02-01,27.05,-81.1,293.16995
2013-02-01,26.8,-81.1,293.31104
2013-02-01,27.05,-80.85,293.06882
2013-02-01,26.8,-80.85,293.2497
2013-02-01,27.05,-80.6,293.21457
2013-02-01,26.8,-80.6,293.33286
2013-03-01,27.05,-81.1,291.23724
2013-03-01,26.8,-81.1,291.3755
2013-03-01,27.05,-80.85,291.45825
2013-03-01,26.8,-80.85,291.6193
2013-03-01,27.05,-80.6,291.506
2013-03-01,26.8,-80.6,291.7056
2013-04-01,27.05,-81.1,297.47092
2013-04-01,26.8,-81.1,297.4827
2013-04-01,27.05,-80.85,296.97858
2013-04-01,26.8,-80.85,297.0799
2013-04-01,27.05,-80.6,296.9835
2013-04-01,26.8,-80.6,297.0268
2013-05-01,27.05,-81.1,297.78445
2013-05-01,26.8,-81.1,297.99805
2013-05-01,27.05,-80.85,297.67395
2013-05-01,26.8,-80.85,297.8941
2013-05-01,27.05,-80.6,297.66882
2013-05-01,26.8,-80.6,297.78168
2013-06-01,27.05,-81.1,299.99942
2013-06-01,26.8,-81.1,299.96756
2013-06-01,27.05,-80.85,299.92953
2013-06-01,26.8,-80.85,299.89142
2013-06-01,27.05,-80.6,299.9634
2013-06-01,26.8,-80.6,299.80045
2013-07-01,27.05,-81.1,300.02133
2013-07-01,26.8,-81.1,299.9918
2013-07-01,27.05,-80.85,300.0077
2013-07-01,26.8,-80.85,299.97034
2013-07-01,27.05,-80.6,300.0279
2013-07-01,26.8,-80.6,299.90942
2013-08-01,27.05,-81.1,300.97784
2013-08-01,26.8,-81.1,300.97168
2013-08-01,27.05,-80.85,300.9759
2013-08-01,26.8,-80.85,300.96628
2013-08-01,27.05,-80.6,300.9719
2013-08-01,26.8,-80.6,300.88547
2013-09-01,27.05,-81.1,299.6511
2013-09-01,26.8,-81.1,299.7266
2013-09-01,27.05,-80.85,299.84085
2013-09-01,26.8,-80.85,299.87744
2013-09-01,27.05,-80.6,299.9256
2013-09-01,26.8,-80.6,299.84152
2013-10-01,27.05,-81.1,298.50598
2013-10-01,26.8,-81.1,298.6521
2013-10-01,27.05,-80.85,298.8191
2013-10-01,26.8,-80.85,298.93777
2013-10-01,27.05,-80.6,298.92227
2013-10-01,26.8,-80.6,298.91473
2013-11-01,27.05,-81.1,295.94226
2013-11-01,26.8,-81.1,296.0957
2013-11-01,27.05,-80.85,296.05707
2013-11-01,26.8,-80.85,296.227
2013-11-01,27.05,-80.6,296.38684
2013-11-01,26.8,-80.6,296.45737
2013-12-01,27.05,-81.1,294.65454
2013-12-01,26.8,-81.1,294.90253
2013-12-01,27.05,-80.85,294.67484
2013-12-01,26.8,-80.85,294.9099
2013-12-01,27.05,-80.6,294.88736
2013-12-01,26.8,-80.6,294.98798
2014-01-01,27.05,-81.1,289.92697
2014-01-01,26.8,-81.1,290.20105
2014-01-01,27.05,-80.85,290.50873
2014-01-01,26.8,-80.85,290.7684
2014-01-01,27.05,-80.6,290.91724
2014-01-01,26.8,-80.6,291.17953
2014-02-01,27.05,-81.1,293.89783
2014-02-01,26.8,-81.1,294.3837
2014-02-01,27.05,-80.85,293.75064
2014-02-01,26.8,-80.85,294.2458
2014-02-01,27.05,-80.6,294.04318
2014-02-01,26.8,-80.6,294.37305
2014-03-01,27.05,-81.1,294.30136
2014-03-01,26.8,-81.1,294.5063
2014-03-01,27.05,-80.85,294.37085
2014-03-01,26.8,-80.85,294.62476
2014-03-01,27.05,-80.6,294.5467
2014-03-01,26.8,-80.6,294.76532
2014-04-01,27.05,-81.1,297.12177
2014-04-01,26.8,-81.1,297.19446
2014-04-01,27.05,-80.85,296.90427
2014-04-01,26.8,-80.85,297.03033
2014-04-01,27.05,-80.6,297.00305
2014-04-01,26.8,-80.6,297.08658
2014-05-01,27.05,-81.1,299.12897
2014-05-01,26.8,-81.1,299.18607
2014-05-01,27.05,-80.85,298.91425
2014-05-01,26.8,-80.85,299.02664
2014-05-01,27.05,-80.6,298.88605
2014-05-01,26.8,-80.6,298.9962
2014-06-01,27.05,-81.1,300.1606
2014-06-01,26.8,-81.1,299.9085
2014-06-01,27.05,-80.85,300.05597
2014-06-01,26.8,-80.85,299.8347
2014-06-01,27.05,-80.6,299.86566
2014-06-01,26.8,-80.6,299.65784
2014-07-01,27.05,-81.1,300.87442
2014-07-01,26.8,-81.1,300.8234
2014-07-01,27.05,-80.85,300.9931
2014-07-01,26.8,-80.85,300.9129
2014-07-01,27.05,-80.6,300.97864
2014-07-01,26.8,-80.6,300.75867
2014-08-01,27.05,-81.1,301.46884
2014-08-01,26.8,-81.1,301.5291
2014-08-01,27.05,-80.85,301.5645
2014-08-01,26.8,-80.85,301.5905
2014-08-01,27.05,-80.6,301.6848
2014-08-01,26.8,-80.6,301.40817
2014-09-01,27.05,-81.1,299.88953
2014-09-01,26.8,-81.1,299.79633
2014-09-01,27.05,-80.85,300.07227
2014-09-01,26.8,-80.85,299.96045
2014-09-01,27.05,-80.6,300.02618
2014-09-01,26.8,-80.6,299.86832
2014-10-01,27.05,-81.1,297.94302
2014-10-01,26.8,-81.1,298.1872
2014-10-01,27.05,-80.85,298.28778
2014-10-01,26.8,-80.85,298.47015
2014-10-01,27.05,-80.6,298.42883
2014-10-01,26.8,-80.6,298.39478
2014-11-01,27.05,-81.1,292.78848
2014-11-01,26.8,-81.1,293.06058
2014-11-01,27.05,-80.85,293.33475
2014-11-01,26.8,-80.85,293.59943
2014-11-01,27.05,-80.6,293.8014
2014-11-01,26.8,-80.6,293.91763
2014-12-01,27.05,-81.1,292.6095
2014-12-01,26.8,-81.1,292.92548
2014-12-01,27.05,-80.85,292.73486
2014-12-01,26.8,-80.85,293.03485
2014-12-01,27.05,-80.6,293.05408
2014-12-01,26.8,-80.6,293.14612
2015-01-01,27.05,-81.1,291.7348
2015-01-01,26.8,-81.1,292.12177
2015-01-01,27.05,-80.85,291.8941
2015-01-01,26.8,-80.85,292.26947
2015-01-01,27.05,-80.6,292.2032
2015-01-01,26.8,-80.6,292.4694
2015-02-01,27.05,-81.1,290.43945
2015-02-01,26.8,-81.1,290.81436
2015-02-01,27.05,-80.85,290.72565
2015-02-01,26.8,-80.85,291.0949
2015-02-01,27.05,-80.6,291.08325
2015-02-01,26.8,-80.6,291.40805
2015-03-01,27.05,-81.1,296.43045
2015-03-01,26.8,-81.1,296.65637
2015-03-01,27.05,-80.85,295.9525
2015-03-01,26.8,-80.85,296.216
2015-03-01,27.05,-80.6,295.8313
2015-03-01,26.8,-80.6,296.00397
2015-04-01,27.05,-81.1,299.0564
2015-04-01,26.8,-81.1,299.12524
2015-04-01,27.05,-80.85,298.5207
2015-04-01,26.8,-80.85,298.66537
2015-04-01,27.05,-80.6,298.30722
2015-04-01,26.8,-80.6,298.4303
2015-05-01,27.05,-81.1,299.3431
2015-05-01,26.8,-81.1,299.37915
2015-05-01,27.05,-80.85,299.0171
2015-05-01,26.8,-80.85,299.09076
2015-05-01,27.05,-80.6,298.85095
2015-05-01,26.8,-80.6,298.87988
2015-06-01,27.05,-81.1,301.00418
2015-06-01,26.8,-81.1,301.1127
2015-06-01,27.05,-80.85,300.9136
2015-06-01,26.8,-80.85,301.0463
2015-06-01,27.05,-80.6,300.81003
2015-06-01,26.8,-80.6,300.85614
2015-07-01,27.05,-81.1,301.19678
2015-07-01,26.8,-81.1,301.2021
2015-07-01,27.05,-80.85,301.4037
2015-07-01,26.8,-80.85,301.3967
2015-07-01,27.05,-80.6,301.48114
2015-07-01,26.8,-80.6,301.37872
2015-08-01,27.05,-81.1,301.32242
2015-08-01,26.8,-81.1,301.32843
2015-08-01,27.05,-80.85,301.39542
2015-08-01,26.8,-80.85,301.3992
2015-08-01,27.05,-80.6,301.3864
2015-08-01,26.8,-80.6,301.2516
2015-09-01,27.05,-81.1,300.61926
2015-09-01,26.8,-81.1,300.59167
2015-09-01,27.05,-80.85,300.6091
2015-09-01,26.8,-80.85,300.58197
2015-09-01,27.05,-80.6,300.59146
2015-09-01,26.8,-80.6,300.47382
2015-10-01,27.05,-81.1,299.12256
2015-10-01,26.8,-81.1,299.14908
2015-10-01,27.05,-80.85,298.98434
2015-10-01,26.8,-80.85,299.03537
2015-10-01,27.05,-80.6,299.01712
2015-10-01,26.8,-80.6,298.95297
2015-11-01,27.05,-81.1,298.1671
2015-11-01,26.8,-81.1,298.15277
2015-11-01,27.05,-80.85,297.9887
2015-11-01,26.8,-80.85,298.02222
2015-11-01,27.05,-80.6,298.0766
2015-11-01,26.8,-80.6,298.03354
2015-12-01,27.05,-81.1,296.35052
2015-12-01,26.8,-81.1,296.497
2015-12-01,27.05,-80.85,296.06277
2015-12-01,26.8,-80.85,296.23093
2015-12-01,27.05,-80.6,296.31464
2015-12-01,26.8,-80.6,296.31564
2016-01-01,27.05,-81.1,290.02094
2016-01-01,26.8,-81.1,290.3801
2016-01-01,27.05,-80.85,290.5539
2016-01-01,26.8,-80.85,290.88184
2016-01-01,27.05,-80.6,290.8666
2016-01-01,26.8,-80.6,291.1485
2016-02-01,27.05,-81.1,290.93
2016-02-01,26.8,-81.1,291.1595
2016-02-01,27.05,-80.85,291.10297
2016-02-01,26.8,-80.85,291.34473
2016-02-01,27.05,-80.6,291.3659
2016-02-01,26.8,-80.6,291.51617
2016-03-01,27.05,-81.1,295.87976
2016-03-01,26.8,-81.1,295.98846
2016-03-01,27.05,-80.85,295.4858
2016-03-01,26.8,-80.85,295.66687
2016-03-01,27.05,-80.6,295.64157
2016-03-01,26.8,-80.6,295.7348
2016-04-01,27.05,-81.1,296.8222
2016-04-01,26.8,-81.1,297.03326
2016-04-01,27.05,-80.85,296.68985
2016-04-01,26.8,-80.85,296.89447
2016-04-01,27.05,-80.6,296.7152
2016-04-01,26.8,-80.6,296.81793
2016-05-01,27.05,-81.1,298.8684
2016-05-01,26.8,-81.1,298.95825
2016-05-01,27.05,-80.85,298.7747
2016-05-01,26.8,-80.85,298.8883
2016-05-01,27.05,-80.6,298.6684
2016-05-01,26.8,-80.6,298.82114
2016-06-01,27.05,-81.1,301.03052
2016-06-01,26.8,-81.1,300.9472
2016-06-01,27.05,-80.85,300.81537
2016-06-01,26.8,-80.85,300.7409
2016-06-01,27.05,-80.6,300.7203
2016-06-01,26.8,-80.6,300.6093
2016-07-01,27.05,-81.1,302.06757
2016-07-01,26.8,-81.1,301.9436
2016-07-01,27.05,-80.85,301.87976
2016-07-01,26.8,-80.85,301.73767
2016-07-01,27.05,-80.6,301.905
2016-07-01,26.8,-80.6,301.60413
2016-08-01,27.05,-81.1,301.2802
2016-08-01,26.8,-81.1,301.1749
2016-08-01,27.05,-80.85,301.22632
2016-08-01,26.8,-80.85,301.12924
2016-08-01,27.05,-80.6,301.26648
2016-08-01,26.8,-80.6,301.0574
2016-09-01,27.05,-81.1,300.61365
2016-09-01,26.8,-81.1,300.64777
2016-09-01,27.05,-80.85,300.46332
2016-09-01,26.8,-80.85,300.5013
2016-09-01,27.05,-80.6,300.5206
2016-09-01,26.8,-80.6,300.3947
2016-10-01,27.05,-81.1,298.56155
2016-10-01,26.8,-81.1,298.6672
2016-10-01,27.05,-80.85,298.535
2016-10-01,26.8,-80.85,298.66647
2016-10-01,27.05,-80.6,298.78067
2016-10-01,26.8,-80.6,298.72818
2016-11-01,27.05,-81.1,294.58658
2016-11-01,26.8,-81.1,294.7933
2016-11-01,27.05,-80.85,295.0438
2016-11-01,26.8,-80.85,295.20126
2016-11-01,27.05,-80.6,295.23724
2016-11-01,26.8,-80.6,295.28677
2016-12-01,27.05,-81.1,295.35394
2016-12-01,26.8,-81.1,295.6016
2016-12-01,27.05,-80.85,295.26807
2016-12-01,26.8,-80.85,295.51642
2016-12-01,27.05,-80.6,295.52744
2016-12-01,26.8,-80.6,295.64526
2017-01-01,27.05,-81.1,292.7791
2017-01-01,26.8,-81.1,292.96844
2017-01-01,27.05,-80.85,292.995
2017-01-01,26.8,-80.85,293.1939
2017-01-01,27.05,-80.6,293.2666
2017-01-01,26.8,-80.6,293.39148
2017-02-01,27.05,-81.1,294.48074
2017-02-01,26.8,-81.1,294.65533
2017-02-01,27.05,-80.85,294.36517
2017-02-01,26.8,-80.85,294.56976
2017-02-01,27.05,-80.6,294.4663
2017-02-01,26.8,-80.6,294.57248
2017-03-01,27.05,-81.1,294.94293
2017-03-01,26.8,-81.1,295.00708
2017-03-01,27.05,-80.85,294.6864
2017-03-01,26.8,-80.85,294.82852
2017-03-01,27.05,-80.6,294.69965
2017-03-01,26.8,-80.6,294.84882
2017-04-01,27.05,-81.1,297.7509
2017-04-01,26.8,-81.1,297.76892
2017-04-01,27.05,-80.85,297.34912
2017-04-01,26.8,-80.85,297.45828
2017-04-01,27.05,-80.6,297.31772
2017-04-01,26.8,-80.6,297.36224
2017-05-01,27.05,-81.1,300.18463
2017-05-01,26.8,-81.1,300.14334
2017-05-01,27.05,-80.85,299.7231
2017-05-01,26.8,-80.85,299.7702
2017-05-01,27.05,-80.6,299.64215
2017-05-01,26.8,-80.6,299.65268
2017-06-01,27.05,-81.1,300.29364
2017-06-01,26.8,-81.1,300.2036
2017-06-01,27.05,-80.85,300.1156
2017-06-01,26.8,-80.85,300.0595
2017-06-01,27.05,-80.6,300.1272
2017-06-01,26.8,-80.6,300.02045
2017-07-01,27.05,-81.1,301.59808
2017-07-01,26.8,-81.1,301.44388
2017-07-01,27.05,-80.85,301.33728
2017-07-01,26.8,-80.85,301.20834
2017-07-01,27.05,-80.6,301.4074
2017-07-01,26.8,-80.6,301.11856
2017-08-01,27.05,-81.1,301.59033
2017-08-01,26.8,-81.1,301.49673
2017-08-01,27.05,-80.85,301.45132
2017-08-01,26.8,-80.85,301.37018
2017-08-01,27.05,-80.6,301.52582
2017-08-01,26.8,-80.6,301.2964
2017-09-01,27.05,-81.1,300.93158
2017-09-01,26.8,-81.1,300.9708
2017-09-01,27.05,-80.85,300.7137
2017-09-01,26.8,-80.85,300.77863
2017-09-01,27.05,-80.6,300.7956
2017-09-01,26.8,-80.6,300.7103
2017-10-01,27.05,-81.1,298.3119
2017-10-01,26.8,-81.1,298.43036
2017-10-01,27.05,-80.85,298.27597
2017-10-01,26.8,-80.85,298.4242
2017-10-01,27.05,-80.6,298.43683
2017-10-01,26.8,-80.6,298.44058
2017-11-01,27.05,-81.1,295.67798
2017-11-01,26.8,-81.1,295.946
2017-11-01,27.05,-80.85,295.72913
2017-11-01,26.8,-80.85,296.0016
2017-11-01,27.05,-80.6,295.9689
2017-11-01,26.8,-80.6,296.05664
2017-12-01,27.05,-81.1,292.50748
2017-12-01,26.8,-81.1,292.77484
2017-12-01,27.05,-80.85,292.8128
2017-12-01,26.8,-80.85,293.0312
2017-12-01,27.05,-80.6,292.95154
2017-12-01,26.8,-80.6,293.05774
2018-01-01,27.05,-81.1,289.67267
2018-01-01,26.8,-81.1,289.94995
2018-01-01,27.05,-80.85,289.821
2018-01-01,26.8,-80.85,290.1129
2018-01-01,27.05,-80.6,290.27625
2018-01-01,26.8,-80.6,290.51468
2018-02-01,27.05,-81.1,296.21973
2018-02-01,26.8,-81.1,296.4116
2018-02-01,27.05,-80.85,295.7102
2018-02-01,26.8,-80.85,295.9251
2018-02-01,27.05,-80.6,295.76547
2018-02-01,26.8,-80.6,295.77087
2018-03-01,27.05,-81.1,293.09583
2018-03-01,26.8,-81.1,293.25433
2018-03-01,27.05,-80.85,293.22662
2018-03-01,26.8,-80.85,293.413
2018-03-01,27.05,-80.6,293.26614
2018-03-01,26.8,-80.6,293.50516
2018-04-01,27.05,-81.1,297.1543
2018-04-01,26.8,-81.1,297.43823
2018-04-01,27.05,-80.85,296.93604
2018-04-01,26.8,-80.85,297.23663
2018-04-01,27.05,-80.6,296.93826
2018-04-01,26.8,-80.6,297.1031
2018-05-01,27.05,-81.1,298.23517
2018-05-01,26.8,-81.1,298.31674
2018-05-01,27.05,-80.85,298.05753
2018-05-01,26.8,-80.85,298.1491
2018-05-01,27.05,-80.6,298.10977
2018-05-01,26.8,-80.6,298.08783
2018-06-01,27.05,-81.1,300.5325
2018-06-01,26.8,-81.1,300.51193
2018-06-01,27.05,-80.85,300.30914
2018-06-01,26.8,-80.85,300.29318
2018-06-01,27.05,-80.6,300.25272
2018-06-01,26.8,-80.6,300.10538
2018-07-01,27.05,-81.1,301.13986
2018-07-01,26.8,-81.1,301.13446
2018-07-01,27.05,-80.85,300.96808
2018-07-01,26.8,-80.85,300.96497
2018-07-01,27.05,-80.6,300.94128
2018-07-01,26.8,-80.6,300.81036
2018-08-01,27.05,-81.1,301.08057
2018-08-01,26.8,-81.1,300.9775
2018-08-01,27.05,-80.85,300.92908
2018-08-01,26.8,-80.85,300.84747
2018-08-01,27.05,-80.6,300.98087
2018-08-01,26.8,-80.6,300.8221
2018-09-01,27.05,-81.1,301.37933
2018-09-01,26.8,-81.1,301.32867
2018-09-01,27.05,-80.85,301.01114
2018-09-01,26.8,-80.85,301.00018
2018-09-01,27.05,-80.6,301.01285
2018-09-01,26.8,-80.6,300.8436
2018-10-01,27.05,-81.1,299.51187
2018-10-01,26.8,-81.1,299.73978
2018-10-01,27.05,-80.85,299.47986
2018-10-01,26.8,-80.85,299.6816
2018-10-01,27.05,-80.6,299.6212
2018-10-01,26.8,-80.6,299.59845
2018-11-01,27.05,-81.1,295.76697
2018-11-01,26.8,-81.1,296.10123
2018-11-01,27.05,-80.85,296.02386
2018-11-01,26.8,-80.85,296.3306
2018-11-01,27.05,-80.6,296.299
2018-11-01,26.8,-80.6,296.45203
2018-12-01,27.05,-81.1,292.7166
2018-12-01,26.8,-81.1,293.06738
2018-12-01,27.05,-80.85,292.8939
2018-12-01,26.8,-80.85,293.22717
2018-12-01,27.05,-80.6,293.2284
2018-12-01,26.8,-80.6,293.40558
2019-01-01,27.05,-81.1,290.91333
2019-01-01,26.8,-81.1,291.21747
2019-01-01,27.05,-80.85,291.37756
2019-01-01,26.8,-80.85,291.6477
2019-01-01,27.05,-80.6,291.70746
2019-01-01,26.8,-80.6,291.86908
2019-02-01,27.05,-81.1,295.34653
2019-02-01,26.8,-81.1,295.56128
2019-02-01,27.05,-80.85,295.12787
2019-02-01,26.8,-80.85,295.36203
2019-02-01,27.05,-80.6,295.3442
2019-02-01,26.8,-80.6,295.3511
2019-03-01,27.05,-81.1,294.72375
2019-03-01,26.8,-81.1,294.92603
2019-03-01,27.05,-80.85,294.7491
2019-03-01,26.8,-80.85,294.94165
2019-03-01,27.05,-80.6,294.84326
2019-03-01,26.8,-80.6,294.88895
2019-04-01,27.05,-81.1,297.96918
2019-04-01,26.8,-81.1,298.05237
2019-04-01,27.05,-80.85,297.6642
2019-04-01,26.8,-80.85,297.8086
2019-04-01,27.05,-80.6,297.53638
2019-04-01,26.8,-80.6,297.65356
2019-05-01,27.05,-81.1,300.0625
2019-05-01,26.8,-81.1,299.9985
2019-05-01,27.05,-80.85,299.57794
2019-05-01,26.8,-80.85,299.5675
2019-05-01,27.05,-80.6,299.4524
2019-05-01,26.8,-80.6,299.3758
2019-06-01,27.05,-81.1,301.28183
2019-06-01,26.8,-81.1,301.26532
2019-06-01,27.05,-80.85,301.10846
2019-06-01,26.8,-80.85,301.07935
2019-06-01,27.05,-80.6,301.17868
2019-06-01,26.8,-80.6,300.96924
2019-07-01,27.05,-81.1,301.43277
2019-07-01,26.8,-81.1,301.33328
2019-07-01,27.05,-80.85,301.30157
2019-07-01,26.8,-80.85,301.22632
2019-07-01,27.05,-80.6,301.34912
2019-07-01,26.8,-80.6,301.17007
2019-08-01,27.05,-81.1,301.09552
2019-08-01,26.8,-81.1,301.05582
2019-08-01,27.05,-80.85,300.95847
2019-08-01,26.8,-80.85,300.91873
2019-08-01,27.05,-80.6,300.98685
2019-08-01,26.8,-80.6,300.79028
2019-09-01,27.05,-81.1,301.32504
2019-09-01,26.8,-81.1,301.32608
2019-09-01,27.05,-80.85,301.02246
2019-09-01,26.8,-80.85,301.06708
2019-09-01,27.05,-80.6,301.13168
2019-09-01,26.8,-80.6,301.02646
2019-10-01,27.05,-81.1,300.67175
2019-10-01,26.8,-81.1,300.64282
2019-10-01,27.05,-80.85,300.252
2019-10-01,26.8,-80.85,300.27005
2019-10-01,27.05,-80.6,300.2718
2019-10-01,26.8,-80.6,300.1943
2019-11-01,27.05,-81.1,295.48163
2019-11-01,26.8,-81.1,295.65375
2019-11-01,27.05,-80.85,295.73035
2019-11-01,26.8,-80.85,295.89288
2019-11-01,27.05,-80.6,295.78046
2019-11-01,26.8,-80.6,295.96783
2019-12-01,27.05,-81.1,294.35593
2019-12-01,26.8,-81.1,294.4629
2019-12-01,27.05,-80.85,294.40784
2019-12-01,26.8,-80.85,294.543
2019-12-01,27.05,-80.6,294.60205
2019-12-01,26.8,-80.6,294.71167
2020-01-01,27.05,-81.1,292.9875
2020-01-01,26.8,-81.1,293.1656
2020-01-01,27.05,-80.85,293.19598
2020-01-01,26.8,-80.85,293.41174
2020-01-01,27.05,-80.6,293.39496
2020-01-01,26.8,-80.6,293.66086
2020-02-01,27.05,-81.1,294.1404
2020-02-01,26.8,-81.1,294.30292
2020-02-01,27.05,-80.85,294.08185
2020-02-01,26.8,-80.85,294.27594
2020-02-01,27.05,-80.6,294.30685
2020-02-01,26.8,-80.6,294.4442
2020-03-01,27.05,-81.1,297.2551
2020-03-01,26.8,-81.1,297.2381
2020-03-01,27.05,-80.85,296.7971
2020-03-01,26.8,-80.85,296.87234
2020-03-01,27.05,-80.6,296.78214
2020-03-01,26.8,-80.6,296.86453
2020-04-01,27.05,-81.1,299.31006
2020-04-01,26.8,-81.1,299.41565
2020-04-01,27.05,-80.85,298.927
2020-04-01,26.8,-80.85,299.13232
2020-04-01,27.05,-80.6,298.82184
2020-04-01,26.8,-80.6,299.1261
2020-05-01,27.05,-81.1,298.94537
2020-05-01,26.8,-81.1,298.8606
2020-05-01,27.05,-80.85,298.65057
2020-05-01,26.8,-80.85,298.63672
2020-05-01,27.05,-80.6,298.57822
2020-05-01,26.8,-80.6,298.6039
2020-06-01,27.05,-81.1,301.17996
2020-06-01,26.8,-81.1,301.14185
2020-06-01,27.05,-80.85,300.8282
2020-06-01,26.8,-80.85,300.82816
2020-06-01,27.05,-80.6,300.78418
2020-06-01,26.8,-80.6,300.68408
2020-07-01,27.05,-81.1,301.6794
2020-07-01,26.8,-81.1,301.6308
2020-07-01,27.05,-80.85,301.50763
2020-07-01,26.8,-80.85,301.4593
2020-07-01,27.05,-80.6,301.68802
2020-07-01,26.8,-80.6,301.38354
2020-08-01,27.05,-81.1,301.88947
2020-08-01,26.8,-81.1,301.82642
2020-08-01,27.05,-80.85,301.66965
2020-08-01,26.8,-80.85,301.6002
2020-08-01,27.05,-80.6,301.82968
2020-08-01,26.8,-80.6,301.56116
2020-09-01,27.05,-81.1,301.02014
2020-09-01,26.8,-81.1,300.96255
2020-09-01,27.05,-80.85,300.86554
2020-09-01,26.8,-80.85,300.82153
2020-09-01,27.05,-80.6,300.9748
2020-09-01,26.8,-80.6,300.80475
2020-10-01,27.05,-81.1,299.90466
2020-10-01,26.8,-81.1,299.942
2020-10-01,27.05,-80.85,299.77466
2020-10-01,26.8,-80.85,299.80838
2020-10-01,27.05,-80.6,299.8792
2020-10-01,26.8,-80.6,299.74707
2020-11-01,27.05,-81.1,297.05988
2020-11-01,26.8,-81.1,297.17105
2020-11-01,27.05,-80.85,297.03528
2020-11-01,26.8,-80.85,297.15466
2020-11-01,27.05,-80.6,297.27197
2020-11-01,26.8,-80.6,297.2527
2020-12-01,27.05,-81.1,290.802
2020-12-01,26.8,-81.1,291.05417
2020-12-01,27.05,-80.85,291.24634
2020-12-01,26.8,-80.85,291.4617
2020-12-01,27.05,-80.6,291.59613
2020-12-01,26.8,-80.6,291.7272
2021-01-01,27.05,-81.1,291.04327
2021-01-01,26.8,-81.1,291.25317
2021-01-01,27.05,-80.85,291.3181
2021-01-01,26.8,-80.85,291.50873
2021-01-01,27.05,-80.6,291.49323
2021-01-01,26.8,-80.6,291.62628
2021-02-01,27.05,-81.1,294.6693
2021-02-01,26.8,-81.1,294.87677
2021-02-01,27.05,-80.85,294.40106
2021-02-01,26.8,-80.85,294.63644
2021-02-01,27.05,-80.6,294.59595
2021-02-01,26.8,-80.6,294.71295
2021-03-01,27.05,-81.1,295.78125
2021-03-01,26.8,-81.1,295.81564
2021-03-01,27.05,-80.85,295.7254
2021-03-01,26.8,-80.85,295.7781
2021-03-01,27.05,-80.6,295.78012
2021-03-01,26.8,-80.6,295.76678
2021-04-01,27.05,-81.1,297.0218
2021-04-01,26.8,-81.1,297.16275
2021-04-01,27.05,-80.85,296.891
2021-04-01,26.8,-80.85,297.05884
2021-04-01,27.05,-80.6,296.99292
2021-04-01,26.8,-80.6,297.06546
2021-05-01,27.05,-81.1,300.27365
2021-05-01,26.8,-81.1,300.27625
2021-05-01,27.05,-80.85,299.67938
2021-05-01,26.8,-80.85,299.76083
2021-05-01,27.05,-80.6,299.65662
2021-05-01,26.8,-80.6,299.58826
2021-06-01,27.05,-81.1,300.61774
2021-06-01,26.8,-81.1,300.42078
2021-06-01,27.05,-80.85,300.33972
2021-06-01,26.8,-80.85,300.20084
2021-06-01,27.05,-80.6,300.31656
2021-06-01,26.8,-80.6,300.16568
2021-07-01,27.05,-81.1,301.1002
2021-07-01,26.8,-81.1,301.07965
2021-07-01,27.05,-80.85,300.84366
2021-07-01,26.8,-80.85,300.83588
2021-07-01,27.05,-80.6,300.88763
2021-07-01,26.8,-80.6,300.70508
2021-08-01,27.05,-81.1,301.57935
2021-08-01,26.8,-81.1,301.50873
2021-08-01,27.05,-80.85,301.3763
2021-08-01,26.8,-80.85,301.3326
2021-08-01,27.05,-80.6,301.49255
2021-08-01,26.8,-80.6,301.292
2021-09-01,27.05,-81.1,300.3052
2021-09-01,26.8,-81.1,300.3057
2021-09-01,27.05,-80.85,300.22906
2021-09-01,26.8,-80.85,300.22485
2021-09-01,27.05,-80.6,300.3266
2021-09-01,26.8,-80.6,300.11163
2021-10-01,27.05,-81.1,299.32843
2021-10-01,26.8,-81.1,299.45154
2021-10-01,27.05,-80.85,299.23822
2021-10-01,26.8,-80.85,299.3504
2021-10-01,27.05,-80.6,299.4182
2021-10-01,26.8,-80.6,299.2235
2021-11-01,27.05,-81.1,294.06064
2021-11-01,26.8,-81.1,294.35803
2021-11-01,27.05,-80.85,294.35388
2021-11-01,26.8,-80.85,294.65036
2021-11-01,27.05,-80.6,294.7161
2021-11-01,26.8,-80.6,294.79678
2021-12-01,27.05,-81.1,295.19214
2021-12-01,26.8,-81.1,295.4018
2021-12-01,27.05,-80.85,295.08517
2021-12-01,26.8,-80.85,295.26697
2021-12-01,27.05,-80.6,295.18433
2021-12-01,26.8,-80.6,295.16
2022-01-01,27.05,-81.1,291.3384
2022-01-01,26.8,-81.1,291.5109
2022-01-01,27.05,-80.85,291.43484
2022-01-01,26.8,-80.85,291.61993
2022-01-01,27.05,-80.6,291.59113
2022-01-01,26.8,-80.6,291.71796
2022-02-01,27.05,-81.1,294.06
2022-02-01,26.8,-81.1,294.26788
2022-02-01,27.05,-80.85,293.83392
2022-02-01,26.8,-80.85,294.11197
2022-02-01,27.05,-80.6,294.0902
2022-02-01,26.8,-80.6,294.24982
2022-03-01,27.05,-81.1,296.6689
2022-03-01,26.8,-81.1,296.75482
2022-03-01,27.05,-80.85,296.47992
2022-03-01,26.8,-80.85,296.6431
2022-03-01,27.05,-80.6,296.5561
2022-03-01,26.8,-80.6,296.6716
2022-04-01,27.05,-81.1,297.9363
2022-04-01,26.8,-81.1,298.1051
2022-04-01,27.05,-80.85,297.46307
2022-04-01,26.8,-80.85,297.71906
2022-04-01,27.05,-80.6,297.41214
2022-04-01,26.8,-80.6,297.58746
2022-05-01,27.05,-81.1,300.52274
2022-05-01,26.8,-81.1,300.37982
2022-05-01,27.05,-80.85,299.90387
2022-05-01,26.8,-80.85,299.86093
2022-05-01,27.05,-80.6,299.64856
2022-05-01,26.8,-80.6,299.59894
2022-06-01,27.05,-81.1,300.96613
2022-06-01,26.8,-81.1,300.83823
2022-06-01,27.05,-80.85,300.62958
2022-06-01,26.8,-80.85,300.52255
2022-06-01,27.05,-80.6,300.61182
2022-06-01,26.8,-80.6,300.34177
2022-07-01,27.05,-81.1,302.43268
2022-07-01,26.8,-81.1,301.96606
2022-07-01,27.05,-80.85,301.92865
2022-07-01,26.8,-80.85,301.56644
2022-07-01,27.05,-80.6,301.89597
2022-07-01,26.8,-80.6,301.50122
2022-08-01,27.05,-81.1,302.26315
2022-08-01,26.8,-81.1,301.886
2022-08-01,27.05,-80.85,301.9438
2022-08-01,26.8,-80.85,301.65393
2022-08-01,27.05,-80.6,302.07724
2022-08-01,26.8,-80.6,301.70822
2022-09-01,27.05,-81.1,300.77414
2022-09-01,26.8,-81.1,300.66095
2022-09-01,27.05,-80.85,300.70895
2022-09-01,26.8,-80.85,300.6157
2022-09-01,27.05,-80.6,300.70297
2022-09-01,26.8,-80.6,300.56534
2022-10-01,27.05,-81.1,297.93158
2022-10-01,26.8,-81.1,298.0273
2022-10-01,27.05,-80.85,297.90424
2022-10-01,26.8,-80.85,298.05322
2022-10-01,27.05,-80.6,298.05923
2022-10-01,26.8,-80.6,298.07898
2022-11-01,27.05,-81.1,297.07816
2022-11-01,26.8,-81.1,297.20367
2022-11-01,27.05,-80.85,297.16953
2022-11-01,26.8,-80.85,297.32486
2022-11-01,27.05,-80.6,297.36444
2022-11-01,26.8,-80.6,297.40802
2022-12-01,27.05,-81.1,292.80676
2022-12-01,26.8,-81.1,293.01312
2022-12-01,27.05,-80.85,293.1398
2022-12-01,26.8,-80.85,293.3758
2022-12-01,27.05,-80.6,293.42078
2022-12-01,26.8,-80.6,293.58704
2023-01-01,27.05,-81.1,293.06357
2023-01-01,26.8,-81.1,293.18384
2023-01-01,27.05,-80.85,292.82187
2023-01-01,26.8,-80.85,292.98807
2023-01-01,27.05,-80.6,292.99292
2023-01-01,26.8,-80.6,293.05405
2023-02-01,27.05,-81.1,296.08112
2023-02-01,26.8,-81.1,296.196
2023-02-01,27.05,-80.85,295.7719
2023-02-01,26.8,-80.85,295.9428
2023-02-01,27.05,-80.6,295.8273
2023-02-01,26.8,-80.6,295.8862
2023-03-01,27.05,-81.1,296.99503
2023-03-01,26.8,-81.1,296.9946
2023-03-01,27.05,-80.85,296.7303
2023-03-01,26.8,-80.85,296.81802
2023-03-01,27.05,-80.6,296.73685
2023-03-01,26.8,-80.6,296.82855
2023-04-01,27.05,-81.1,298.36578
2023-04-01,26.8,-81.1,298.40988
2023-04-01,27.05,-80.85,298.01398
2023-04-01,26.8,-80.85,298.09845
2023-04-01,27.05,-80.6,298.02203
2023-04-01,26.8,-80.6,297.99265
2023-05-01,27.05,-81.1,299.48474
2023-05-01,26.8,-81.1,299.56525
2023-05-01,27.05,-80.85,299.10208
2023-05-01,26.8,-80.85,299.21783
2023-05-01,27.05,-80.6,299.06564
2023-05-01,26.8,-80.6,299.06674
2023-06-01,27.05,-81.1,300.67938
2023-06-01,26.8,-81.1,300.57178
2023-06-01,27.05,-80.85,300.56302
2023-06-01,26.8,-80.85,300.46085
2023-06-01,27.05,-80.6,300.69498
2023-06-01,26.8,-80.6,300.35815
2023-07-01,27.05,-81.1,302.25717
2023-07-01,26.8,-81.1,302.10028
2023-07-01,27.05,-80.85,302.16934
2023-07-01,26.8,-80.85,302.01593
2023-07-01,27.05,-80.6,302.37125
2023-07-01,26.8,-80.6,301.97296
2023-08-01,27.05,-81.1,302.36722
2023-08-01,26.8,-81.1,302.18454
2023-08-01,27.05,-80.85,302.21222
2023-08-01,26.8,-80.85,302.05878
2023-08-01,27.05,-80.6,302.38986
2023-08-01,26.8,-80.6,302.01233
2023-09-01,27.05,-81.1,300.95926
2023-09-01,26.8,-81.1,300.9289
2023-09-01,27.05,-80.85,300.85425
2023-09-01,26.8,-80.85,300.8653
2023-09-01,27.05,-80.6,300.96313
2023-09-01,26.8,-80.6,300.81378
2023-10-01,27.05,-81.1,298.61304
2023-10-01,26.8,-81.1,298.69165
2023-10-01,27.05,-80.85,298.61108
2023-10-01,26.8,-80.85,298.7617
2023-10-01,27.05,-80.6,298.72665
2023-10-01,26.8,-80.6,298.78122
2023-11-01,27.05,-81.1,295.7497
2023-11-01,26.8,-81.1,295.89005
2023-11-01,27.05,-80.85,295.90234
2023-11-01,26.8,-80.85,296.09607
2023-11-01,27.05,-80.6,296.0977
2023-11-01,26.8,-80.6,296.21164
2023-12-01,27.05,-81.1,292.87726
2023-12-01,26.8,-81.1,292.94543
2023-12-01,27.05,-80.85,293.01434
2023-12-01,26.8,-80.85,293.12408
2023-12-01,27.05,-80.6,293.2722
2023-12-01,26.8,-80.6,293.31305
2024-01-01,27.05,-81.1,291.97867
2024-01-01,26.8,-81.1,292.2277
2024-01-01,27.05,-80.85,291.93024
2024-01-01,26.8,-80.85,292.21918
2024-01-01,27.05,-80.6,292.2185
2024-01-01,26.8,-80.6,292.37027
2024-02-01,27.05,-81.1,291.8343
2024-02-01,26.8,-81.1,291.89566
2024-02-01,27.05,-80.85,291.94556
2024-02-01,26.8,-80.85,292.07358
2024-02-01,27.05,-80.6,292.09595
2024-02-01,26.8,-80.6,292.16025
2024-03-01,27.05,-81.1,296.2771
2024-03-01,26.8,-81.1,296.2691
2024-03-01,27.05,-80.85,295.9956
2024-03-01,26.8,-80.85,296.05856
2024-03-01,27.05,-80.6,295.9278
2024-03-01,26.8,-80.6,295.89655
2024-04-01,27.05,-81.1,296.9751
2024-04-01,26.8,-81.1,296.84375
2024-04-01,27.05,-80.85,296.80994
2024-04-01,26.8,-80.85,296.7688
2024-04-01,27.05,-80.6,296.69537
2024-04-01,26.8,-80.6,296.69498
2024-05-01,27.05,-81.1,301.67215
2024-05-01,26.8,-81.1,301.69257
2024-05-01,27.05,-80.85,301.10718
2024-05-01,26.8,-80.85,301.219
2024-05-01,27.05,-80.6,300.9523
2024-05-01,26.8,-80.6,300.97653
2024-06-01,27.05,-81.1,301.18286
2024-06-01,26.8,-81.1,301.08087
2024-06-01,27.05,-80.85,300.90057
2024-06-01,26.8,-80.85,300.83316
2024-06-01,27.05,-80.6,300.84225
2024-06-01,26.8,-80.6,300.74258
2024-07-01,27.05,-81.1,302.14072
2024-07-01,26.8,-81.1,301.9588
2024-07-01,27.05,-80.85,301.95526
2024-07-01,26.8,-80.85,301.80573
2024-07-01,27.05,-80.6,301.8504
2024-07-01,26.8,-80.6,301.71902
2024-08-01,27.05,-81.1,301.8223
2024-08-01,26.8,-81.1,301.71735
2024-08-01,27.05,-80.85,301.67078
2024-08-01,26.8,-80.85,301.58807
2024-08-01,27.05,-80.6,301.62457
2024-08-01,26.8,-80.6,301.50375
2024-09-01,27.05,-81.1,301.44785
2024-09-01,26.8,-81.1,301.4394
2024-09-01,27.05,-80.85,301.2581
2024-09-01,26.8,-80.85,301.27103
2024-09-01,27.05,-80.6,301.22626
2024-09-01,26.8,-80.6,301.15
2024-10-01,27.05,-81.1,298.51495
2024-10-01,26.8,-81.1,298.662
2024-10-01,27.05,-80.85,298.61493
2024-10-01,26.8,-80.85,298.76404
2024-10-01,27.05,-80.6,298.72037
2024-10-01,26.8,-80.6,298.7734
