time,lat,lon,tp
1990-01-01,27.05,-81.1,0.0006228953
1990-01-01,26.8,-81.1,0.00052527036
1990-01-01,27.05,-80.85,0.0005708493
1990-01-01,26.8,-80.85,0.0004953302
1990-01-01,27.05,-80.6,0.0005540706
1990-01-01,26.8,-80.6,0.0005220219
1990-02-01,27.05,-81.1,0.0011797012
1990-02-01,26.8,-81.1,0.0010244311
1990-02-01,27.05,-80.85,0.001027754
1990-02-01,26.8,-80.85,0.00085220346
1990-02-01,27.05,-80.6,0.0009223656
1990-02-01,26.8,-80.6,0.0011280761
1990-03-01,27.05,-81.1,0.0017031934
1990-03-01,26.8,-81.1,0.0016998854
1990-03-01,27.05,-80.85,0.0010870006
1990-03-01,26.8,-80.85,0.0010950472
1990-03-01,27.05,-80.6,0.0007212963
1990-03-01,26.8,-80.6,0.0007686522
1990-04-01,27.05,-81.1,0.0013359005
1990-04-01,26.8,-81.1,0.0013668353
1990-04-01,27.05,-80.85,0.0014114047
1990-04-01,26.8,-80.85,0.0015038515
1990-04-01,27.05,-80.6,0.0018181468
1990-04-01,26.8,-80.6,0.0018984939
1990-05-01,27.05,-81.1,0.002254215
1990-05-01,26.8,-81.1,0.0024128081
1990-05-01,27.05,-80.85,0.001967487
1990-05-01,26.8,-80.85,0.0022369744
1990-05-01,27.05,-80.6,0.0016605081
1990-05-01,26.8,-80.6,0.0024329694
1990-06-01,27.05,-81.1,0.0049017146
1990-06-01,26.8,-81.1,0.005062707
1990-06-01,27.05,-80.85,0.0032129362
1990-06-01,26.8,-80.85,0.0033840612
1990-06-01,27.05,-80.6,0.0024007037
1990-06-01,26.8,-80.6,0.0032799318
1990-07-01,27.05,-81.1,0.004153989
1990-07-01,26.8,-81.1,0.0045128684
1990-07-01,27.05,-80.85,0.0028102915
1990-07-01,26.8,-80.85,0.0030473094
1990-07-01,27.05,-80.6,0.0026579122
1990-07-01,26.8,-80.6,0.0032436769
1990-08-01,27.05,-81.1,0.0060679754
1990-08-01,26.8,-81.1,0.0065256795
1990-08-01,27.05,-80.85,0.0035544476
1990-08-01,26.8,-80.85,0.0040905913
1990-08-01,27.05,-80.6,0.003683432
1990-08-01,26.8,-80.6,0.004562243
1990-09-01,27.05,-81.1,0.0028891854
1990-09-01,26.8,-81.1,0.003213107
1990-09-01,27.05,-80.85,0.0025685125
1990-09-01,26.8,-80.85,0.0028197162
1990-09-01,27.05,-80.6,0.0020754032
1990-09-01,26.8,-80.6,0.002528041
1990-10-01,27.05,-81.1,0.002350694
1990-10-01,26.8,-81.1,0.002357422
1990-10-01,27.05,-80.85,0.0026751817
1990-10-01,26.8,-80.85,0.0026630894
1990-10-01,27.05,-80.6,0.0026359246
1990-10-01,26.8,-80.6,0.0028217048
1990-11-01,27.05,-81.1,0.0005702458
1990-11-01,26.8,-81.1,0.0004974834
1990-11-01,27.05,-80.85,0.0006598502
1990-11-01,26.8,-80.85,0.0005749024
1990-11-01,27.05,-80.6,0.0006633557
1990-11-01,26.8,-80.6,0.00064048613
1990-12-01,27.05,-81.1,0.00041748583
1990-12-01,26.8,-81.1,0.00036163442
1990-12-01,27.05,-80.85,0.0004571397
1990-12-01,26.8,-80.85,0.00041677803
1990-12-01,27.05,-80.6,0.00047017075
1990-12-01,26.8,-80.6,0.00044213422
1991-01-01,27.05,-81.1,0.0027766884
1991-01-01,26.8,-81.1,0.0025483132
1991-01-01,27.05,-80.85,0.002846843
1991-01-01,26.8,-80.85,0.002534038
1991-01-01,27.05,-80.6,0.0027327598
1991-01-01,26.8,-80.6,0.002520694
1991-02-01,27.05,-81.1,0.0021786413
1991-02-01,26.8,-81.1,0.002361486
1991-02-01,27.05,-80.85,0.002377676
1991-02-01,26.8,-80.85,0.0025129637
1991-02-01,27.05,-80.6,0.0025236777
1991-02-01,26.8,-80.6,0.0026391766
1991-03-01,27.05,-81.1,0.0023775313
1991-03-01,26.8,-81.1,0.002050868
1991-03-01,27.05,-80.85,0.0023672346
1991-03-01,26.8,-80.85,0.0020271156
1991-03-01,27.05,-80.6,0.0021952677
1991-03-01,26.8,-80.6,0.0019333127
1991-04-01,27.05,-81.1,0.004660435
1991-04-01,26.8,-81.1,0.0038085657
1991-04-01,27.05,-80.85,0.004065223
1991-04-01,26.8,-80.85,0.003336497
1991-04-01,27.05,-80.6,0.0038224238
1991-04-01,26.8,-80.6,0.003636964
1991-05-01,27.05,-81.1,0.003589285
1991-05-01,26.8,-81.1,0.0037859953
1991-05-01,27.05,-80.85,0.0032060868
1991-05-01,26.8,-80.85,0.003483159
1991-05-01,27.05,-80.6,0.0030819005
1991-05-01,26.8,-80.6,0.003692878
1991-06-01,27.05,-81.1,0.0063877823
1991-06-01,26.8,-81.1,0.0069726827
1991-06-01,27.05,-80.85,0.0038288955
1991-06-01,26.8,-80.85,0.004456711
1991-06-01,27.05,-80.6,0.0032757644
1991-06-01,26.8,-80.6,0.003747118
1991-07-01,27.05,-81.1,0.0071636625
1991-07-01,26.8,-81.1,0.0072848983
1991-07-01,27.05,-80.85,0.004963536
1991-07-01,26.8,-80.85,0.0052663274
1991-07-01,27.05,-80.6,0.0045026727
1991-07-01,26.8,-80.6,0.0049566813
1991-08-01,27.05,-81.1,0.0043359743
1991-08-01,26.8,-81.1,0.004704808
1991-08-01,27.05,-80.85,0.0030563818
1991-08-01,26.8,-80.85,0.0035708295
1991-08-01,27.05,-80.6,0.0027140724
1991-08-01,26.8,-80.6,0.0033870684
1991-09-01,27.05,-81.1,0.0025882327
1991-09-01,26.8,-81.1,0.0027511471
1991-09-01,27.05,-80.85,0.0028356963
1991-09-01,26.8,-80.85,0.0029457712
1991-09-01,27.05,-80.6,0.002889564
1991-09-01,26.8,-80.6,0.0033827329
1991-10-01,27.05,-81.1,0.0022159691
1991-10-01,26.8,-81.1,0.0027817066
1991-10-01,27.05,-80.85,0.0026582654
1991-10-01,26.8,-80.85,0.00328322
1991-10-01,27.05,-80.6,0.0031037207
1991-10-01,26.8,-80.6,0.004045057
1991-11-01,27.05,-81.1,0.0006096461
1991-11-01,26.8,-81.1,0.000662575
1991-11-01,27.05,-80.85,0.00075415755
1991-11-01,26.8,-80.85,0.00079500163
1991-11-01,27.05,-80.6,0.00089913094
1991-11-01,26.8,-80.6,0.00080033625
1991-12-01,27.05,-81.1,0.0003696247
1991-12-01,26.8,-81.1,0.000275807
1991-12-01,27.05,-80.85,0.00040241843
1991-12-01,26.8,-80.85,0.00032216078
1991-12-01,27.05,-80.6,0.0004186607
1991-12-01,26.8,-80.6,0.0004948913
1992-01-01,27.05,-81.1,0.0011454183
1992-01-01,26.8,-81.1,0.0009983885
1992-01-01,27.05,-80.85,0.001214053
1992-01-01,26.8,-80.85,0.00104678
1992-01-01,27.05,-80.6,0.0014148462
1992-01-01,26.8,-80.6,0.0011912915
1992-02-01,27.05,-81.1,0.0012450791
1992-02-01,26.8,-81.1,0.0012176684
1992-02-01,27.05,-80.85,0.0011507082
1992-02-01,26.8,-80.85,0.0011589187
1992-02-01,27.05,-80.6,0.0011423058
1992-02-01,26.8,-80.6,0.0012187823
1992-03-01,27.05,-81.1,0.0012176125
1992-03-01,26.8,-81.1,0.0011958857
1992-03-01,27.05,-80.85,0.0012103678
1992-03-01,26.8,-80.85,0.0011970536
1992-03-01,27.05,-80.6,0.001156596
1992-03-01,26.8,-80.6,0.0011581606
1992-04-01,27.05,-81.1,0.0017410349
1992-04-01,26.8,-81.1,0.0019322168
1992-04-01,27.05,-80.85,0.0015972834
1992-04-01,26.8,-80.85,0.0018498283
1992-04-01,27.05,-80.6,0.0017865133
1992-04-01,26.8,-80.6,0.002109481
1992-05-01,27.05,-81.1,0.00045351475
1992-05-01,26.8,-81.1,0.000477975
1992-05-01,27.05,-80.85,0.0003517063
1992-05-01,26.8,-80.85,0.00037190854
1992-05-01,27.05,-80.6,0.00045200228
1992-05-01,26.8,-80.6,0.0003501752
1992-06-01,27.05,-81.1,0.012497019
1992-06-01,26.8,-81.1,0.012240123
1992-06-01,27.05,-80.85,0.010009777
1992-06-01,26.8,-80.85,0.010169398
1992-06-01,27.05,-80.6,0.009275567
1992-06-01,26.8,-80.6,0.010718834
1992-07-01,27.05,-81.1,0.0027845453
1992-07-01,26.8,-81.1,0.0030092846
1992-07-01,27.05,-80.85,0.0017199765
1992-07-01,26.8,-80.85,0.0019453417
1992-07-01,27.05,-80.6,0.001495267
1992-07-01,26.8,-80.6,0.0020170163
1992-08-01,27.05,-81.1,0.0066165775
1992-08-01,26.8,-81.1,0.0067676157
1992-08-01,27.05,-80.85,0.004973218
1992-08-01,26.8,-80.85,0.0053248256
1992-08-01,27.05,-80.6,0.004703924
1992-08-01,26.8,-80.6,0.005468592
1992-09-01,27.05,-81.1,0.0037207957
1992-09-01,26.8,-81.1,0.0036588814
1992-09-01,27.05,-80.85,0.0037108865
1992-09-01,26.8,-80.85,0.0036490764
1992-09-01,27.05,-80.6,0.0038794186
1992-09-01,26.8,-80.6,0.0042629745
1992-10-01,27.05,-81.1,0.0008383959
1992-10-01,26.8,-81.1,0.0008591737
1992-10-01,27.05,-80.85,0.0007628992
1992-10-01,26.8,-80.85,0.00075531076
1992-10-01,27.05,-80.6,0.00083196233
1992-10-01,26.8,-80.6,0.00077971513
1992-11-01,27.05,-81.1,0.0015090376
1992-11-01,26.8,-81.1,0.0018704503
1992-11-01,27.05,-80.85,0.0020562082
1992-11-01,26.8,-80.85,0.002360639
1992-11-01,27.05,-80.6,0.003151682
1992-11-01,26.8,-80.6,0.0026130646
1992-12-01,27.05,-81.1,0.000172989
1992-12-01,26.8,-81.1,0.00012453788
1992-12-01,27.05,-80.85,0.0002364754
1992-12-01,26.8,-80.85,0.0002027727
1992-12-01,27.05,-80.6,0.00032197827
1992-12-01,26.8,-80.6,0.0002891361
1993-01-01,27.05,-81.1,0.004512988
1993-01-01,26.8,-81.1,0.004229434
1993-01-01,27.05,-80.85,0.004574381
1993-01-01,26.8,-80.85,0.0043037757
1993-01-01,27.05,-80.6,0.00466568
1993-01-01,26.8,-80.6,0.004586704
1993-02-01,27.05,-81.1,0.0018580377
1993-02-01,26.8,-81.1,0.0013821393
1993-02-01,27.05,-80.85,0.0018675595
1993-02-01,26.8,-80.85,0.0013625443
1993-02-01,27.05,-80.6,0.0016760647
1993-02-01,26.8,-80.6,0.0015337437
1993-03-01,27.05,-81.1,0.0036422536
1993-03-01,26.8,-81.1,0.003109388
1993-03-01,27.05,-80.85,0.0037648603
1993-03-01,26.8,-80.85,0.0032346472
1993-03-01,27.05,-80.6,0.004130177
1993-03-01,26.8,-80.6,0.0037185177
1993-04-01,27.05,-81.1,0.00091276877
1993-04-01,26.8,-81.1,0.0010061134
1993-04-01,27.05,-80.85,0.0007976163
1993-04-01,26.8,-80.85,0.0008781869
1993-04-01,27.05,-80.6,0.0008945558
1993-04-01,26.8,-80.6,0.000938816
1993-05-01,27.05,-81.1,0.0017600993
1993-05-01,26.8,-81.1,0.002077047
1993-05-01,27.05,-80.85,0.0013036767
1993-05-01,26.8,-80.85,0.0014971832
1993-05-01,27.05,-80.6,0.0010310451
1993-05-01,26.8,-80.6,0.0011803249
1993-06-01,27.05,-81.1,0.0026702352
1993-06-01,26.8,-81.1,0.0024801411
1993-06-01,27.05,-80.85,0.0019019165
1993-06-01,26.8,-80.85,0.0017710396
1993-06-01,27.05,-80.6,0.0017728873
1993-06-01,26.8,-80.6,0.0020066865
1993-07-01,27.05,-81.1,0.0045843553
1993-07-01,26.8,-81.1,0.0048305225
1993-07-01,27.05,-80.85,0.0029710361
1993-07-01,26.8,-80.85,0.0032681653
1993-07-01,27.05,-80.6,0.0026205012
1993-07-01,26.8,-80.6,0.0034252831
1993-08-01,27.05,-81.1,0.004907767
1993-08-01,26.8,-81.1,0.005089859
1993-08-01,27.05,-80.85,0.003676156
1993-08-01,26.8,-80.85,0.0038896897
1993-08-01,27.05,-80.6,0.0034831562
1993-08-01,26.8,-80.6,0.00444446
1993-09-01,27.05,-81.1,0.0046852
1993-09-01,26.8,-81.1,0.0052527254
1993-09-01,27.05,-80.85,0.0037761696
1993-09-01,26.8,-80.85,0.0043410426
1993-09-01,27.05,-80.6,0.0035815604
1993-09-01,26.8,-80.6,0.0041846996
1993-10-01,27.05,-81.1,0.004838597
1993-10-01,26.8,-81.1,0.0053429417
1993-10-01,27.05,-80.85,0.004496958
1993-10-01,26.8,-80.85,0.0049457066
1993-10-01,27.05,-80.6,0.004398983
1993-10-01,26.8,-80.6,0.004959058
1993-11-01,27.05,-81.1,0.00053019566
1993-11-01,26.8,-81.1,0.0005336527
1993-11-01,27.05,-80.85,0.0006789018
1993-11-01,26.8,-80.85,0.00070387614
1993-11-01,27.05,-80.6,0.00085490686
1993-11-01,26.8,-80.6,0.0008716483
1993-12-01,27.05,-81.1,0.00045658997
1993-12-01,26.8,-81.1,0.00041810772
1993-12-01,27.05,-80.85,0.000783365
1993-12-01,26.8,-80.85,0.0007195284
1993-12-01,27.05,-80.6,0.0008545255
1993-12-01,26.8,-80.6,0.00077824644
1994-01-01,27.05,-81.1,0.0022492493
1994-01-01,26.8,-81.1,0.0021305317
1994-01-01,27.05,-80.85,0.002415874
1994-01-01,26.8,-80.85,0.0022903914
1994-01-01,27.05,-80.6,0.002311089
1994-01-01,26.8,-80.6,0.0023805657
1994-02-01,27.05,-81.1,0.0023667617
1994-02-01,26.8,-81.1,0.0022772653
1994-02-01,27.05,-80.85,0.002860914
1994-02-01,26.8,-80.85,0.002709399
1994-02-01,27.05,-80.6,0.00339673
1994-02-01,26.8,-80.6,0.0030971868
1994-03-01,27.05,-81.1,0.001733721
1994-03-01,26.8,-81.1,0.0017031364
1994-03-01,27.05,-80.85,0.0018103577
1994-03-01,26.8,-80.85,0.0017914406
1994-03-01,27.05,-80.6,0.0020624853
1994-03-01,26.8,-80.6,0.0021275587
1994-04-01,27.05,-81.1,0.002081935
1994-04-01,26.8,-81.1,0.0019974678
1994-04-01,27.05,-80.85,0.0017212301
1994-04-01,26.8,-80.85,0.0016287982
1994-04-01,27.05,-80.6,0.0018538206
1994-04-01,26.8,-80.6,0.0017855137
1994-05-01,27.05,-81.1,0.0029024964
1994-05-01,26.8,-81.1,0.0029774567
1994-05-01,27.05,-80.85,0.0027305295
1994-05-01,26.8,-80.85,0.0028387492
1994-05-01,27.05,-80.6,0.0026607027
1994-05-01,26.8,-80.6,0.0029607674
1994-06-01,27.05,-81.1,0.007127486
1994-06-01,26.8,-81.1,0.0073493943
1994-06-01,27.05,-80.85,0.0054382905
1994-06-01,26.8,-80.85,0.005533777
1994-06-01,27.05,-80.6,0.004908286
1994-06-01,26.8,-80.6,0.004930578
1994-07-01,27.05,-81.1,0.005803089
1994-07-01,26.8,-81.1,0.0065045166
1994-07-01,27.05,-80.85,0.0038386392
1994-07-01,26.8,-80.85,0.004744153
1994-07-01,27.05,-80.6,0.0038800049
1994-07-01,26.8,-80.6,0.004783015
1994-08-01,27.05,-81.1,0.0049250936
1994-08-01,26.8,-81.1,0.005351386
1994-08-01,27.05,-80.85,0.004074416
1994-08-01,26.8,-80.85,0.00447487
1994-08-01,27.05,-80.6,0.0038412428
1994-08-01,26.8,-80.6,0.0043482697
1994-09-01,27.05,-81.1,0.008216489
1994-09-01,26.8,-81.1,0.007941116
1994-09-01,27.05,-80.85,0.0064846165
1994-09-01,26.8,-80.85,0.0063275583
1994-09-01,27.05,-80.6,0.0059892423
1994-09-01,26.8,-80.6,0.006716896
1994-10-01,27.05,-81.1,0.0025467095
1994-10-01,26.8,-81.1,0.0027942848
1994-10-01,27.05,-80.85,0.002363306
1994-10-01,26.8,-80.85,0.0026966822
1994-10-01,27.05,-80.6,0.002341431
1994-10-01,26.8,-80.6,0.0027615097
1994-11-01,27.05,-81.1,0.002182804
1994-11-01,26.8,-81.1,0.0019778237
1994-11-01,27.05,-80.85,0.0028161332
1994-11-01,26.8,-80.85,0.0025173351
1994-11-01,27.05,-80.6,0.0031849071
1994-11-01,26.8,-80.6,0.002571486
1994-12-01,27.05,-81.1,0.0024486315
1994-12-01,26.8,-81.1,0.0023132171
1994-12-01,27.05,-80.85,0.0025885683
1994-12-01,26.8,-80.85,0.0024738666
1994-12-01,27.05,-80.6,0.0026317742
1994-12-01,26.8,-80.6,0.00259169
1995-01-01,27.05,-81.1,0.0037179966
1995-01-01,26.8,-81.1,0.0032723923
1995-01-01,27.05,-80.85,0.003130414
1995-01-01,26.8,-80.85,0.002651014
1995-01-01,27.05,-80.6,0.0026926775
1995-01-01,26.8,-80.6,0.002350547
1995-02-01,27.05,-81.1,0.0014296852
1995-02-01,26.8,-81.1,0.0013933468
1995-02-01,27.05,-80.85,0.0014813512
1995-02-01,26.8,-80.85,0.0014049436
1995-02-01,27.05,-80.6,0.0014732152
1995-02-01,26.8,-80.6,0.0014911171
1995-03-01,27.05,-81.1,0.0020434118
1995-03-01,26.8,-81.1,0.0022356964
1995-03-01,27.05,-80.85,0.002281726
1995-03-01,26.8,-80.85,0.0024435378
1995-03-01,27.05,-80.6,0.0024522848
1995-03-01,26.8,-80.6,0.0025516308
1995-04-01,27.05,-81.1,0.0041308394
1995-04-01,26.8,-81.1,0.003579556
1995-04-01,27.05,-80.85,0.003980606
1995-04-01,26.8,-80.85,0.003547608
1995-04-01,27.05,-80.6,0.003817617
1995-04-01,26.8,-80.6,0.004003643
1995-05-01,27.05,-81.1,0.0009071117
1995-05-01,26.8,-81.1,0.0009842028
1995-05-01,27.05,-80.85,0.0008598303
1995-05-01,26.8,-80.85,0.0009346043
1995-05-01,27.05,-80.6,0.0009674316
1995-05-01,26.8,-80.6,0.0011435559
1995-06-01,27.05,-81.1,0.006221112
1995-06-01,26.8,-81.1,0.0062790327
1995-06-01,27.05,-80.85,0.0058104508
1995-06-01,26.8,-80.85,0.005915951
1995-06-01,27.05,-80.6,0.0061142705
1995-06-01,26.8,-80.6,0.0066987686
1995-07-01,27.05,-81.1,0.0063025206
1995-07-01,26.8,-81.1,0.006214425
1995-07-01,27.05,-80.85,0.0048817843
1995-07-01,26.8,-80.85,0.0050078183
1995-07-01,27.05,-80.6,0.004595086
1995-07-01,26.8,-80.6,0.004907921
1995-08-01,27.05,-81.1,0.006492872
1995-08-01,26.8,-81.1,0.006224517
1995-08-01,27.05,-80.85,0.00615466
1995-08-01,26.8,-80.85,0.00582603
1995-08-01,27.05,-80.6,0.005902875
1995-08-01,26.8,-80.6,0.005864162
1995-09-01,27.05,-81.1,0.00543702
1995-09-01,26.8,-81.1,0.0056947805
1995-09-01,27.05,-80.85,0.0046953894
1995-09-01,26.8,-80.85,0.0049357153
1995-09-01,27.05,-80.6,0.0039731897
1995-09-01,26.8,-80.6,0.004636798
1995-10-01,27.05,-81.1,0.0058266222
1995-10-01,26.8,-81.1,0.00575915
1995-10-01,27.05,-80.85,0.005671054
1995-10-01,26.8,-80.85,0.0055018663
1995-10-01,27.05,-80.6,0.0072099864
1995-10-01,26.8,-80.6,0.0064139366
1995-11-01,27.05,-81.1,0.0005504538
1995-11-01,26.8,-81.1,0.0005722132
1995-11-01,27.05,-80.85,0.00055159745
1995-11-01,26.8,-80.85,0.0005813737
1995-11-01,27.05,-80.6,0.0005661112
1995-11-01,26.8,-80.6,0.00073084724
1995-12-01,27.05,-81.1,0.0005996856
1995-12-01,26.8,-81.1,0.00069997786
1995-12-01,27.05,-80.85,0.000666413
1995-12-01,26.8,-80.85,0.00078434823
1995-12-01,27.05,-80.6,0.0007339935
1995-12-01,26.8,-80.6,0.00080951257
1996-01-01,27.05,-81.1,0.0037054217
1996-01-01,26.8,-81.1,0.0034100509
1996-01-01,27.05,-80.85,0.0037050343
1996-01-01,26.8,-80.85,0.0033484942
1996-01-01,27.05,-80.6,0.003582651
1996-01-01,26.8,-80.6,0.0031406826
1996-02-01,27.05,-81.1,0.0002998279
1996-02-01,26.8,-81.1,0.00033837347
1996-02-01,27.05,-80.85,0.00039439066
1996-02-01,26.8,-80.85,0.0004391165
1996-02-01,27.05,-80.6,0.00035705208
1996-02-01,26.8,-80.6,0.00043301447
1996-03-01,27.05,-81.1,0.003522438
1996-03-01,26.8,-81.1,0.0029511275
1996-03-01,27.05,-80.85,0.0043167295
1996-03-01,26.8,-80.85,0.003757936
1996-03-01,27.05,-80.6,0.0050598206
1996-03-01,26.8,-80.6,0.0045056166
1996-04-01,27.05,-81.1,0.0017173972
1996-04-01,26.8,-81.1,0.002041408
1996-04-01,27.05,-80.85,0.0015999537
1996-04-01,26.8,-80.85,0.0019410041
1996-04-01,27.05,-80.6,0.0018471715
1996-04-01,26.8,-80.6,0.002073319
1996-05-01,27.05,-81.1,0.0039954344
1996-05-01,26.8,-81.1,0.0043900767
1996-05-01,27.05,-80.85,0.0031863314
1996-05-01,26.8,-80.85,0.0037334722
1996-05-01,27.05,-80.6,0.0032223922
1996-05-01,26.8,-80.6,0.004026697
1996-06-01,27.05,-81.1,0.0063500293
1996-06-01,26.8,-81.1,0.0062230416
1996-06-01,27.05,-80.85,0.0049857385
1996-06-01,26.8,-80.85,0.005172301
1996-06-01,27.05,-80.6,0.004993815
1996-06-01,26.8,-80.6,0.0056836493
1996-07-01,27.05,-81.1,0.0030371204
1996-07-01,26.8,-81.1,0.0030091063
1996-07-01,27.05,-80.85,0.0022032217
1996-07-01,26.8,-80.85,0.002214636
1996-07-01,27.05,-80.6,0.0018935457
1996-07-01,26.8,-80.6,0.0021589652
1996-08-01,27.05,-81.1,0.004713336
1996-08-01,26.8,-81.1,0.0045888815
1996-08-01,27.05,-80.85,0.003003577
1996-08-01,26.8,-80.85,0.003050009
1996-08-01,27.05,-80.6,0.0027133024
1996-08-01,26.8,-80.6,0.0031224287
1996-09-01,27.05,-81.1,0.0038662574
1996-09-01,26.8,-81.1,0.0040018875
1996-09-01,27.05,-80.85,0.0031490347
1996-09-01,26.8,-80.85,0.0034213087
1996-09-01,27.05,-80.6,0.0026545546
1996-09-01,26.8,-80.6,0.0031063578
1996-10-01,27.05,-81.1,0.0035101261
1996-10-01,26.8,-81.1,0.0032525149
1996-10-01,27.05,-80.85,0.0035349142
1996-10-01,26.8,-80.85,0.0032039147
1996-10-01,27.05,-80.6,0.003466734
1996-10-01,26.8,-80.6,0.003520013
1996-11-01,27.05,-81.1,0.00017126762
1996-11-01,26.8,-81.1,0.00015488379
1996-11-01,27.05,-80.85,0.00022693463
1996-11-01,26.8,-80.85,0.00021479018
1996-11-01,27.05,-80.6,0.0002742905
1996-11-01,26.8,-80.6,0.00029600522
1996-12-01,27.05,-81.1,0.0003307152
1996-12-01,26.8,-81.1,0.0003578465
1996-12-01,27.05,-80.85,0.00047713402
1996-12-01,26.8,-80.85,0.0005078006
1996-12-01,27.05,-80.6,0.00054933387
1996-12-01,26.8,-80.6,0.00056956965
1997-01-01,27.05,-81.1,0.0012701906
1997-01-01,26.8,-81.1,0.0011234514
1997-01-01,27.05,-80.85,0.0013716153
1997-01-01,26.8,-80.85,0.0013005293
1997-01-01,27.05,-80.6,0.0014179132
1997-01-01,26.8,-80.6,0.0014602996
1997-02-01,27.05,-81.1,0.0011950715
1997-02-01,26.8,-81.1,0.0010688661
1997-02-01,27.05,-80.85,0.0010890646
1997-02-01,26.8,-80.85,0.001000969
1997-02-01,27.05,-80.6,0.0012890084
1997-02-01,26.8,-80.6,0.001354052
1997-03-01,27.05,-81.1,0.001314153
1997-03-01,26.8,-81.1,0.0011607977
1997-03-01,27.05,-80.85,0.0011551501
1997-03-01,26.8,-80.85,0.0010169344
1997-03-01,27.05,-80.6,0.001016927
1997-03-01,26.8,-80.6,0.0011484819
1997-04-01,27.05,-81.1,0.0037352634
1997-04-01,26.8,-81.1,0.0037337956
1997-04-01,27.05,-80.85,0.0039888215
1997-04-01,26.8,-80.85,0.003982615
1997-04-01,27.05,-80.6,0.0041034115
1997-04-01,26.8,-80.6,0.0041290415
1997-05-01,27.05,-81.1,0.002839577
1997-05-01,26.8,-81.1,0.0029481468
1997-05-01,27.05,-80.85,0.0021616188
1997-05-01,26.8,-80.85,0.002250534
1997-05-01,27.05,-80.6,0.0020148424
1997-05-01,26.8,-80.6,0.0022940007
1997-06-01,27.05,-81.1,0.006280374
1997-06-01,26.8,-81.1,0.00663219
1997-06-01,27.05,-80.85,0.0053179674
1997-06-01,26.8,-80.85,0.0059440546
1997-06-01,27.05,-80.6,0.0047980063
1997-06-01,26.8,-80.6,0.006499242
1997-07-01,27.05,-81.1,0.0052637593
1997-07-01,26.8,-81.1,0.005485727
1997-07-01,27.05,-80.85,0.0029423968
1997-07-01,26.8,-80.85,0.0032807724
1997-07-01,27.05,-80.6,0.0025274293
1997-07-01,26.8,-80.6,0.0038229958
1997-08-01,27.05,-81.1,0.0059707016
1997-08-01,26.8,-81.1,0.005967483
1997-08-01,27.05,-80.85,0.004371926
1997-08-01,26.8,-80.85,0.004460618
1997-08-01,27.05,-80.6,0.003993079
1997-08-01,26.8,-80.6,0.0045856684
1997-09-01,27.05,-81.1,0.0045882873
1997-09-01,26.8,-81.1,0.004863184
1997-09-01,27.05,-80.85,0.004558932
1997-09-01,26.8,-80.85,0.0047772042
1997-09-01,27.05,-80.6,0.004137587
1997-09-01,26.8,-80.6,0.005128365
1997-10-01,27.05,-81.1,0.000746144
1997-10-01,26.8,-81.1,0.00068130344
1997-10-01,27.05,-80.85,0.0007362291
1997-10-01,26.8,-80.85,0.0006496087
1997-10-01,27.05,-80.6,0.00076595694
1997-10-01,26.8,-80.6,0.0007418841
1997-11-01,27.05,-81.1,0.0032563296
1997-11-01,26.8,-81.1,0.003141367
1997-11-01,27.05,-80.85,0.002799907
1997-11-01,26.8,-80.85,0.0026217785
1997-11-01,27.05,-80.6,0.0025641557
1997-11-01,26.8,-80.6,0.0024330404
1997-12-01,27.05,-81.1,0.0040458515
1997-12-01,26.8,-81.1,0.004153535
1997-12-01,27.05,-80.85,0.0041800737
1997-12-01,26.8,-80.85,0.0042679533
1997-12-01,27.05,-80.6,0.0041565076
1997-12-01,26.8,-80.6,0.004352607
1998-01-01,27.05,-81.1,0.0015890873
1998-01-01,26.8,-81.1,0.0017693839
1998-01-01,27.05,-80.85,0.0014891899
1998-01-01,26.8,-80.85,0.0016846485
1998-01-01,27.05,-80.6,0.0015869266
1998-01-01,26.8,-80.6,0.0016594804
1998-02-01,27.05,-81.1,0.0045960136
1998-02-01,26.8,-81.1,0.0045372285
1998-02-01,27.05,-80.85,0.004996378
1998-02-01,26.8,-80.85,0.0049256347
1998-02-01,27.05,-80.6,0.0046725683
1998-02-01,26.8,-80.6,0.0046686344
1998-03-01,27.05,-81.1,0.0022402983
1998-03-01,26.8,-81.1,0.002139641
1998-03-01,27.05,-80.85,0.002446195
1998-03-01,26.8,-80.85,0.0023647975
1998-03-01,27.05,-80.6,0.0024558734
1998-03-01,26.8,-80.6,0.002451731
1998-04-01,27.05,-81.1,0.0007143519
1998-04-01,26.8,-81.1,0.00067978865
1998-04-01,27.05,-80.85,0.0007669679
1998-04-01,26.8,-80.85,0.00079813367
1998-04-01,27.05,-80.6,0.0009918413
1998-04-01,26.8,-80.6,0.001029206
1998-05-01,27.05,-81.1,0.0013412468
1998-05-01,26.8,-81.1,0.0013656549
1998-05-01,27.05,-80.85,0.0009736798
1998-05-01,26.8,-80.85,0.0009909503
1998-05-01,27.05,-80.6,0.00094821374
1998-05-01,26.8,-80.6,0.00085977535
1998-06-01,27.05,-81.1,0.0015920249
1998-06-01,26.8,-81.1,0.0014726368
1998-06-01,27.05,-80.85,0.00082483864
1998-06-01,26.8,-80.85,0.0008880792
1998-06-01,27.05,-80.6,0.0008086709
1998-06-01,26.8,-80.6,0.0010756848
1998-07-01,27.05,-81.1,0.0055540404
1998-07-01,26.8,-81.1,0.005693277
1998-07-01,27.05,-80.85,0.0039441786
1998-07-01,26.8,-80.85,0.0042234263
1998-07-01,27.05,-80.6,0.003162106
1998-07-01,26.8,-80.6,0.0037613115
1998-08-01,27.05,-81.1,0.0050947983
1998-08-01,26.8,-81.1,0.005244108
1998-08-01,27.05,-80.85,0.0033606605
1998-08-01,26.8,-80.85,0.0033908205
1998-08-01,27.05,-80.6,0.003010364
1998-08-01,26.8,-80.6,0.0032352523
1998-09-01,27.05,-81.1,0.0057715327
1998-09-01,26.8,-81.1,0.0055069476
1998-09-01,27.05,-80.85,0.004567787
1998-09-01,26.8,-80.85,0.0045572966
1998-09-01,27.05,-80.6,0.004195288
1998-09-01,26.8,-80.6,0.004755184
1998-10-01,27.05,-81.1,0.0011573341
1998-10-01,26.8,-81.1,0.0012200531
1998-10-01,27.05,-80.85,0.00089499913
1998-10-01,26.8,-80.85,0.0009292122
1998-10-01,27.05,-80.6,0.0009849202
1998-10-01,26.8,-80.6,0.0011587571
1998-11-01,27.05,-81.1,0.0043909773
1998-11-01,26.8,-81.1,0.004315242
1998-11-01,27.05,-80.85,0.0043593273
1998-11-01,26.8,-80.85,0.0042938516
1998-11-01,27.05,-80.6,0.004219711
1998-11-01,26.8,-80.6,0.003985375
1998-12-01,27.05,-81.1,0.0007257296
1998-12-01,26.8,-81.1,0.00060746283
1998-12-01,27.05,-80.85,0.00078463764
1998-12-01,26.8,-80.85,0.00069715665
1998-12-01,27.05,-80.6,0.00081919716
1998-12-01,26.8,-80.6,0.0007818064
1999-01-01,27.05,-81.1,0.0009906231
1999-01-01,26.8,-81.1,0.0008818018
1999-01-01,27.05,-80.85,0.00095649576
1999-01-01,26.8,-80.85,0.0008833199
1999-01-01,27.05,-80.6,0.00088309264
1999-01-01,26.8,-80.6,0.0008938047
1999-02-01,27.05,-81.1,0.0004985472
1999-02-01,26.8,-81.1,0.000416602
1999-02-01,27.05,-80.85,0.0005153259
1999-02-01,26.8,-80.85,0.00041999202
1999-02-01,27.05,-80.6,0.0005531339
1999-02-01,26.8,-80.6,0.00045545306
1999-03-01,27.05,-81.1,0.0002574795
1999-03-01,26.8,-81.1,0.00023918085
1999-03-01,27.05,-80.85,0.00022773769
1999-03-01,26.8,-80.85,0.00021934461
1999-03-01,27.05,-80.6,0.00022965528
1999-03-01,26.8,-80.6,0.0002223947
1999-04-01,27.05,-81.1,0.0011756851
1999-04-01,26.8,-81.1,0.0010702966
1999-04-01,27.05,-80.85,0.0009774102
1999-04-01,26.8,-80.85,0.0009410402
1999-04-01,27.05,-80.6,0.0010494015
1999-04-01,26.8,-80.6,0.0011526628
1999-05-01,27.05,-81.1,0.0025902034
1999-05-01,26.8,-81.1,0.0025328042
1999-05-01,27.05,-80.85,0.0016930045
1999-05-01,26.8,-80.85,0.0018530728
1999-05-01,27.05,-80.6,0.0012648643
1999-05-01,26.8,-80.6,0.0018072964
1999-06-01,27.05,-81.1,0.0077358223
1999-06-01,26.8,-81.1,0.008566175
1999-06-01,27.05,-80.85,0.0057866313
1999-06-01,26.8,-80.85,0.00678638
1999-06-01,27.05,-80.6,0.006203506
1999-06-01,26.8,-80.6,0.006996844
1999-07-01,27.05,-81.1,0.0028982798
1999-07-01,26.8,-81.1,0.0031960646
1999-07-01,27.05,-80.85,0.0023255686
1999-07-01,26.8,-80.85,0.0026863257
1999-07-01,27.05,-80.6,0.002188776
1999-07-01,26.8,-80.6,0.0027808885
1999-08-01,27.05,-81.1,0.005189743
1999-08-01,26.8,-81.1,0.0055827163
1999-08-01,27.05,-80.85,0.003912773
1999-08-01,26.8,-80.85,0.004531499
1999-08-01,27.05,-80.6,0.0039840303
1999-08-01,26.8,-80.6,0.005523648
1999-09-01,27.05,-81.1,0.0060264766
1999-09-01,26.8,-81.1,0.0063264817
1999-09-01,27.05,-80.85,0.0058571696
1999-09-01,26.8,-80.85,0.005972564
1999-09-01,27.05,-80.6,0.005660832
1999-09-01,26.8,-80.6,0.0058432966
1999-10-01,27.05,-81.1,0.004216958
1999-10-01,26.8,-81.1,0.004190523
1999-10-01,27.05,-80.85,0.004747737
1999-10-01,26.8,-80.85,0.004746858
1999-10-01,27.05,-80.6,0.004868958
1999-10-01,26.8,-80.6,0.005034361
1999-11-01,27.05,-81.1,0.0015350161
1999-11-01,26.8,-81.1,0.0013633994
1999-11-01,27.05,-80.85,0.0015937341
1999-11-01,26.8,-80.85,0.0013438417
1999-11-01,27.05,-80.6,0.0015486954
1999-11-01,26.8,-80.6,0.0011871262
1999-12-01,27.05,-81.1,0.0006206494
1999-12-01,26.8,-81.1,0.0006229498
1999-12-01,27.05,-80.85,0.00064314646
1999-12-01,26.8,-80.85,0.0006275114
1999-12-01,27.05,-80.6,0.0006924004
1999-12-01,26.8,-80.6,0.0006400936
2000-01-01,27.05,-81.1,0.0008563916
2000-01-01,26.8,-81.1,0.0008533704
2000-01-01,27.05,-80.85,0.0008676383
2000-01-01,26.8,-80.85,0.0008256654
2000-01-01,27.05,-80.6,0.00096110953
2000-01-01,26.8,-80.6,0.0007772404
2000-02-01,27.05,-81.1,0.0006691094
2000-02-01,26.8,-81.1,0.00060174125
2000-02-01,27.05,-80.85,0.00093067694
2000-02-01,26.8,-80.85,0.0008900489
2000-02-01,27.05,-80.6,0.00094300765
2000-02-01,26.8,-80.6,0.0010524865
2000-03-01,27.05,-81.1,0.0013269491
2000-03-01,26.8,-81.1,0.0014360927
2000-03-01,27.05,-80.85,0.0011021725
2000-03-01,26.8,-80.85,0.0012456931
2000-03-01,27.05,-80.6,0.0011493794
2000-03-01,26.8,-80.6,0.0012451194
2000-04-01,27.05,-81.1,0.0019901698
2000-04-01,26.8,-81.1,0.0020045121
2000-04-01,27.05,-80.85,0.0020126668
2000-04-01,26.8,-80.85,0.002064899
2000-04-01,27.05,-80.6,0.0019168002
2000-04-01,26.8,-80.6,0.0019669053
2000-05-01,27.05,-81.1,0.00036312363
2000-05-01,26.8,-81.1,0.0005047815
2000-05-01,27.05,-80.85,0.00016789607
2000-05-01,26.8,-80.85,0.00030403308
2000-05-01,27.05,-80.6,0.00025900177
2000-05-01,26.8,-80.6,0.0002735304
2000-06-01,27.05,-81.1,0.003429251
2000-06-01,26.8,-81.1,0.003838407
2000-06-01,27.05,-80.85,0.002249526
2000-06-01,26.8,-80.85,0.0028258732
2000-06-01,27.05,-80.6,0.002032446
2000-06-01,26.8,-80.6,0.0026298633
2000-07-01,27.05,-81.1,0.0064275153
2000-07-01,26.8,-81.1,0.006057311
2000-07-01,27.05,-80.85,0.0045286305
2000-07-01,26.8,-80.85,0.0043843873
2000-07-01,27.05,-80.6,0.0043484457
2000-07-01,26.8,-80.6,0.004629899
2000-08-01,27.05,-81.1,0.003246185
2000-08-01,26.8,-81.1,0.0038040248
2000-08-01,27.05,-80.85,0.0028275219
2000-08-01,26.8,-80.85,0.0033760038
2000-08-01,27.05,-80.6,0.0027701226
2000-08-01,26.8,-80.6,0.0035513905
2000-09-01,27.05,-81.1,0.0046579875
2000-09-01,26.8,-81.1,0.005128417
2000-09-01,27.05,-80.85,0.004091356
2000-09-01,26.8,-80.85,0.0046065785
2000-09-01,27.05,-80.6,0.003999714
2000-09-01,26.8,-80.6,0.004575316
2000-10-01,27.05,-81.1,0.0018632491
2000-10-01,26.8,-81.1,0.0020559807
2000-10-01,27.05,-80.85,0.002545782
2000-10-01,26.8,-80.85,0.0027116318
2000-10-01,27.05,-80.6,0.0029137214
2000-10-01,26.8,-80.6,0.0031653722
2000-11-01,27.05,-81.1,0.00024834042
2000-11-01,26.8,-81.1,0.000276973
2000-11-01,27.05,-80.85,0.00044394797
2000-11-01,26.8,-80.85,0.00043376302
2000-11-01,27.05,-80.6,0.00046501076
2000-11-01,26.8,-80.6,0.0005016378
2000-12-01,27.05,-81.1,0.00031584757
2000-12-01,26.8,-81.1,0.00028763968
2000-12-01,27.05,-80.85,0.000395159
2000-12-01,26.8,-80.85,0.00037119794
2000-12-01,27.05,-80.6,0.0004379328
2000-12-01,26.8,-80.6,0.00044783833
2001-01-01,27.05,-81.1,0.0006225845
2001-01-01,26.8,-81.1,0.00067556556
2001-01-01,27.05,-80.85,0.0009062728
2001-01-01,26.8,-80.85,0.0009384742
2001-01-01,27.05,-80.6,0.0008632308
2001-01-01,26.8,-80.6,0.0008362895
2001-02-01,27.05,-81.1,0.00014189517
2001-02-01,26.8,-81.1,0.000112139416
2001-02-01,27.05,-80.85,0.00014265886
2001-02-01,26.8,-80.85,0.00011863446
2001-02-01,27.05,-80.6,0.00020179225
2001-02-01,26.8,-80.6,0.00019413306
2001-03-01,27.05,-81.1,0.0043228045
2001-03-01,26.8,-81.1,0.003944613
2001-03-01,27.05,-80.85,0.0050686374
2001-03-01,26.8,-80.85,0.0046948567
2001-03-01,27.05,-80.6,0.004654892
2001-03-01,26.8,-80.6,0.0049953237
2001-04-01,27.05,-81.1,0.00044324365
2001-04-01,26.8,-81.1,0.00038678688
2001-04-01,27.05,-80.85,0.00041922112
2001-04-01,26.8,-80.85,0.0003799398
2001-04-01,27.05,-80.6,0.00042070937
2001-04-01,26.8,-80.6,0.00041807
2001-05-01,27.05,-81.1,0.0031201371
2001-05-01,26.8,-81.1,0.0032338628
2001-05-01,27.05,-80.85,0.0025916526
2001-05-01,26.8,-80.85,0.0028637478
2001-05-01,27.05,-80.6,0.0027004608
2001-05-01,26.8,-80.6,0.0033007094
2001-06-01,27.05,-81.1,0.004048722
2001-06-01,26.8,-81.1,0.0044089425
2001-06-01,27.05,-80.85,0.002784716
2001-06-01,26.8,-80.85,0.0032019485
2001-06-01,27.05,-80.6,0.002650695
2001-06-01,26.8,-80.6,0.0036846567
2001-07-01,27.05,-81.1,0.0083025955
2001-07-01,26.8,-81.1,0.008717444
2001-07-01,27.05,-80.85,0.0058112405
2001-07-01,26.8,-80.85,0.0061439537
2001-07-01,27.05,-80.6,0.004711535
2001-07-01,26.8,-80.6,0.0056448244
2001-08-01,27.05,-81.1,0.004839851
2001-08-01,26.8,-81.1,0.0049975947
2001-08-01,27.05,-80.85,0.0038305656
2001-08-01,26.8,-80.85,0.004105373
2001-08-01,27.05,-80.6,0.0038364665
2001-08-01,26.8,-80.6,0.004371895
2001-09-01,27.05,-81.1,0.011679076
2001-09-01,26.8,-81.1,0.012153469
2001-09-01,27.05,-80.85,0.010984324
2001-09-01,26.8,-80.85,0.011125706
2001-09-01,27.05,-80.6,0.010177456
2001-09-01,26.8,-80.6,0.010744415
2001-10-01,27.05,-81.1,0.0022747086
2001-10-01,26.8,-81.1,0.0023284422
2001-10-01,27.05,-80.85,0.0022224651
2001-10-01,26.8,-80.85,0.0023552494
2001-10-01,27.05,-80.6,0.002539547
2001-10-01,26.8,-80.6,0.0027601884
2001-11-01,27.05,-81.1,0.00072252913
2001-11-01,26.8,-81.1,0.00079952343
2001-11-01,27.05,-80.85,0.0010073648
2001-11-01,26.8,-80.85,0.001113625
2001-11-01,27.05,-80.6,0.0012818144
2001-11-01,26.8,-80.6,0.0014808194
2001-12-01,27.05,-81.1,0.00072592474
2001-12-01,26.8,-81.1,0.00079842634
2001-12-01,27.05,-80.85,0.0007899848
2001-12-01,26.8,-80.85,0.00089079863
2001-12-01,27.05,-80.6,0.0009049026
2001-12-01,26.8,-80.6,0.0010795367
2002-01-01,27.05,-81.1,0.0007758613
2002-01-01,26.8,-81.1,0.000640529
2002-01-01,27.05,-80.85,0.0007228616
2002-01-01,26.8,-80.85,0.00056071836
2002-01-01,27.05,-80.6,0.0005885463
2002-01-01,26.8,-80.6,0.0005515653
2002-02-01,27.05,-81.1,0.002913422
2002-02-01,26.8,-81.1,0.002483732
2002-02-01,27.05,-80.85,0.0029759472
2002-02-01,26.8,-80.85,0.0026741987
2002-02-01,27.05,-80.6,0.0032318598
2002-02-01,26.8,-80.6,0.0028507477
2002-03-01,27.05,-81.1,0.0006389434
2002-03-01,26.8,-81.1,0.000791956
2002-03-01,27.05,-80.85,0.0006751681
2002-03-01,26.8,-80.85,0.0008228759
2002-03-01,27.05,-80.6,0.0007969069
2002-03-01,26.8,-80.6,0.0008644352
2002-04-01,27.05,-81.1,0.0011249308
2002-04-01,26.8,-81.1,0.0013409231
2002-04-01,27.05,-80.85,0.000743625
2002-04-01,26.8,-80.85,0.000960869
2002-04-01,27.05,-80.6,0.00067132455
2002-04-01,26.8,-80.6,0.0007595394
2002-05-01,27.05,-81.1,0.001849063
2002-05-01,26.8,-81.1,0.0022693204
2002-05-01,27.05,-80.85,0.001933329
2002-05-01,26.8,-80.85,0.002371304
2002-05-01,27.05,-80.6,0.0021710175
2002-05-01,26.8,-80.6,0.0025840627
2002-06-01,27.05,-81.1,0.008461632
2002-06-01,26.8,-81.1,0.008587457
2002-06-01,27.05,-80.85,0.0070374683
2002-06-01,26.8,-80.85,0.0073597506
2002-06-01,27.05,-80.6,0.0070719793
2002-06-01,26.8,-80.6,0.008064784
2002-07-01,27.05,-81.1,0.0049999245
2002-07-01,26.8,-81.1,0.005138863
2002-07-01,27.05,-80.85,0.0037824397
2002-07-01,26.8,-80.85,0.0041018315
2002-07-01,27.05,-80.6,0.0033244377
2002-07-01,26.8,-80.6,0.00415786
2002-08-01,27.05,-81.1,0.004452698
2002-08-01,26.8,-81.1,0.004771821
2002-08-01,27.05,-80.85,0.002831392
2002-08-01,26.8,-80.85,0.0032567307
2002-08-01,27.05,-80.6,0.002221994
2002-08-01,26.8,-80.6,0.002941005
2002-09-01,27.05,-81.1,0.0034553912
2002-09-01,26.8,-81.1,0.004023155
2002-09-01,27.05,-80.85,0.0027934518
2002-09-01,26.8,-80.85,0.0031804945
2002-09-01,27.05,-80.6,0.002618244
2002-09-01,26.8,-80.6,0.0029440727
2002-10-01,27.05,-81.1,0.0014265946
2002-10-01,26.8,-81.1,0.0013870543
2002-10-01,27.05,-80.85,0.0012355617
2002-10-01,26.8,-80.85,0.0011935777
2002-10-01,27.05,-80.6,0.0011176264
2002-10-01,26.8,-80.6,0.0012503958
2002-11-01,27.05,-81.1,0.0017829488
2002-11-01,26.8,-81.1,0.0016105573
2002-11-01,27.05,-80.85,0.0020780663
2002-11-01,26.8,-80.85,0.0018608223
2002-11-01,27.05,-80.6,0.0021369557
2002-11-01,26.8,-80.6,0.0019126784
2002-12-01,27.05,-81.1,0.0020079582
2002-12-01,26.8,-81.1,0.0017780259
2002-12-01,27.05,-80.85,0.002114345
2002-12-01,26.8,-80.85,0.0018443733
2002-12-01,27.05,-80.6,0.0019095361
2002-12-01,26.8,-80.6,0.0017845079
2003-01-01,27.05,-81.1,0.0012489299
2003-01-01,26.8,-81.1,0.0012412968
2003-01-01,27.05,-80.85,0.0013900104
2003-01-01,26.8,-80.85,0.0013527016
2003-01-01,27.05,-80.6,0.0012771378
2003-01-01,26.8,-80.6,0.0012764412
2003-02-01,27.05,-81.1,0.000852878
2003-02-01,26.8,-81.1,0.0008320573
2003-02-01,27.05,-80.85,0.0010008204
2003-02-01,26.8,-80.85,0.0009441811
2003-02-01,27.05,-80.6,0.0009521197
2003-02-01,26.8,-80.6,0.0010204415
2003-03-01,27.05,-81.1,0.0022517007
2003-03-01,26.8,-81.1,0.0021636796
2003-03-01,27.05,-80.85,0.0021159512
2003-03-01,26.8,-80.85,0.002133624
2003-03-01,27.05,-80.6,0.002322079
2003-03-01,26.8,-80.6,0.0028321606
2003-04-01,27.05,-81.1,0.0011359837
2003-04-01,26.8,-81.1,0.0012002003
2003-04-01,27.05,-80.85,0.0008736488
2003-04-01,26.8,-80.85,0.00093075004
2003-04-01,27.05,-80.6,0.00094606844
2003-04-01,26.8,-80.6,0.0010405642
2003-05-01,27.05,-81.1,0.003871045
2003-05-01,26.8,-81.1,0.004227928
2003-05-01,27.05,-80.85,0.003558389
2003-05-01,26.8,-80.85,0.0038346117
2003-05-01,27.05,-80.6,0.0034155762
2003-05-01,26.8,-80.6,0.0042692935
2003-06-01,27.05,-81.1,0.0067707673
2003-06-01,26.8,-81.1,0.006837465
2003-06-01,27.05,-80.85,0.0050506964
2003-06-01,26.8,-80.85,0.0054082647
2003-06-01,27.05,-80.6,0.0042540804
2003-06-01,26.8,-80.6,0.005768575
2003-07-01,27.05,-81.1,0.0040698415
2003-07-01,26.8,-81.1,0.003969497
2003-07-01,27.05,-80.85,0.0024203423
2003-07-01,26.8,-80.85,0.0025225345
2003-07-01,27.05,-80.6,0.0021388594
2003-07-01,26.8,-80.6,0.002700216
2003-08-01,27.05,-81.1,0.006774634
2003-08-01,26.8,-81.1,0.0063587725
2003-08-01,27.05,-80.85,0.0045089424
2003-08-01,26.8,-80.85,0.0044134557
2003-08-01,27.05,-80.6,0.0042200387
2003-08-01,26.8,-80.6,0.005247742
2003-09-01,27.05,-81.1,0.005327791
2003-09-01,26.8,-81.1,0.006250769
2003-09-01,27.05,-80.85,0.0047718585
2003-09-01,26.8,-80.85,0.0055609047
2003-09-01,27.05,-80.6,0.0044393837
2003-09-01,26.8,-80.6,0.0054205954
2003-10-01,27.05,-81.1,0.00060308864
2003-10-01,26.8,-81.1,0.00061338535
2003-10-01,27.05,-80.85,0.0007491275
2003-10-01,26.8,-80.85,0.0007729097
2003-10-01,27.05,-80.6,0.0009208857
2003-10-01,26.8,-80.6,0.0009307726
2003-11-01,27.05,-81.1,0.0012104493
2003-11-01,26.8,-81.1,0.0013159644
2003-11-01,27.05,-80.85,0.0014567655
2003-11-01,26.8,-80.85,0.0016511362
2003-11-01,27.05,-80.6,0.0016899984
2003-11-01,26.8,-80.6,0.002047686
2003-12-01,27.05,-81.1,0.0010677122
2003-12-01,26.8,-81.1,0.0010829412
2003-12-01,27.05,-80.85,0.0014066838
2003-12-01,26.8,-80.85,0.0014451139
2003-12-01,27.05,-80.6,0.0016170882
2003-12-01,26.8,-80.6,0.0017288022
2004-01-01,27.05,-81.1,0.0010193263
2004-01-01,26.8,-81.1,0.001031657
2004-01-01,27.05,-80.85,0.0012067382
2004-01-01,26.8,-80.85,0.0012226526
2004-01-01,27.05,-80.6,0.0012624909
2004-01-01,26.8,-80.6,0.0012846191
2004-02-01,27.05,-81.1,0.0020095916
2004-02-01,26.8,-81.1,0.0021163435
2004-02-01,27.05,-80.85,0.002121313
2004-02-01,26.8,-80.85,0.0022541643
2004-02-01,27.05,-80.6,0.0021343292
2004-02-01,26.8,-80.6,0.0021534995
2004-03-01,27.05,-81.1,0.0006038046
2004-03-01,26.8,-81.1,0.00048145116
2004-03-01,27.05,-80.85,0.0004932231
2004-03-01,26.8,-80.85,0.00040015788
2004-03-01,27.05,-80.6,0.00067525567
2004-03-01,26.8,-80.6,0.00050463737
2004-04-01,27.05,-81.1,0.0011492833
2004-04-01,26.8,-81.1,0.0010452433
2004-04-01,27.05,-80.85,0.0010573878
2004-04-01,26.8,-80.85,0.0009685396
2004-04-01,27.05,-80.6,0.0011710837
2004-04-01,26.8,-80.6,0.0012175306
2004-05-01,27.05,-81.1,0.00067060697
2004-05-01,26.8,-81.1,0.0006381895
2004-05-01,27.05,-80.85,0.00067784893
2004-05-01,26.8,-80.85,0.00065842527
2004-05-01,27.05,-80.6,0.00076409685
2004-05-01,26.8,-80.6,0.0009009342
2004-06-01,27.05,-81.1,0.0034886056
2004-06-01,26.8,-81.1,0.0042029675
2004-06-01,27.05,-80.85,0.001953488
2004-06-01,26.8,-80.85,0.002744978
2004-06-01,27.05,-80.6,0.0020393783
2004-06-01,26.8,-80.6,0.0030118877
2004-07-01,27.05,-81.1,0.004187704
2004-07-01,26.8,-81.1,0.0041663656
2004-07-01,27.05,-80.85,0.0027219963
2004-07-01,26.8,-80.85,0.0028345895
2004-07-01,27.05,-80.6,0.0026961279
2004-07-01,26.8,-80.6,0.003455342
2004-08-01,27.05,-81.1,0.008193672
2004-08-01,26.8,-81.1,0.008198798
2004-08-01,27.05,-80.85,0.005617261
2004-08-01,26.8,-80.85,0.005954802
2004-08-01,27.05,-80.6,0.0046951175
2004-08-01,26.8,-80.6,0.005634904
2004-09-01,27.05,-81.1,0.008627411
2004-09-01,26.8,-81.1,0.009367105
2004-09-01,27.05,-80.85,0.010408875
2004-09-01,26.8,-80.85,0.01124179
2004-09-01,27.05,-80.6,0.011987682
2004-09-01,26.8,-80.6,0.013329025
2004-10-01,27.05,-81.1,0.0012447885
2004-10-01,26.8,-81.1,0.001261001
2004-10-01,27.05,-80.85,0.0012890226
2004-10-01,26.8,-80.85,0.001350028
2004-10-01,27.05,-80.6,0.001551447
2004-10-01,26.8,-80.6,0.0014171354
2004-11-01,27.05,-81.1,0.0006691192
2004-11-01,26.8,-81.1,0.00066984934
2004-11-01,27.05,-80.85,0.0009901721
2004-11-01,26.8,-80.85,0.0009544913
2004-11-01,27.05,-80.6,0.0011547555
2004-11-01,26.8,-80.6,0.0011348475
2004-12-01,27.05,-81.1,0.001920216
2004-12-01,26.8,-81.1,0.0015317725
2004-12-01,27.05,-80.85,0.0018439519
2004-12-01,26.8,-80.85,0.00145904
2004-12-01,27.05,-80.6,0.0015389251
2004-12-01,26.8,-80.6,0.0012674408
2005-01-01,27.05,-81.1,0.0012237784
2005-01-01,26.8,-81.1,0.0012965556
2005-01-01,27.05,-80.85,0.001902109
2005-01-01,26.8,-80.85,0.0019433554
2005-01-01,27.05,-80.6,0.0021439549
2005-01-01,26.8,-80.6,0.0022819694
2005-02-01,27.05,-81.1,0.00080064894
2005-02-01,26.8,-81.1,0.0005920215
2005-02-01,27.05,-80.85,0.0008025563
2005-02-01,26.8,-80.85,0.0006099513
2005-02-01,27.05,-80.6,0.0008170514
2005-02-01,26.8,-80.6,0.0007746725
2005-03-01,27.05,-81.1,0.003589147
2005-03-01,26.8,-81.1,0.0030890044
2005-03-01,27.05,-80.85,0.003884652
2005-03-01,26.8,-80.85,0.0034179774
2005-03-01,27.05,-80.6,0.0037050482
2005-03-01,26.8,-80.6,0.003618532
2005-04-01,27.05,-81.1,0.0035948686
2005-04-01,26.8,-81.1,0.0031903468
2005-04-01,27.05,-80.85,0.0033046983
2005-04-01,26.8,-80.85,0.0028479032
2005-04-01,27.05,-80.6,0.003051602
2005-04-01,26.8,-80.6,0.0026919476
2005-05-01,27.05,-81.1,0.0021966926
2005-05-01,26.8,-81.1,0.0022966198
2005-05-01,27.05,-80.85,0.0018054775
2005-05-01,26.8,-80.85,0.001854264
2005-05-01,27.05,-80.6,0.0016424588
2005-05-01,26.8,-80.6,0.0016617111
2005-06-01,27.05,-81.1,0.00712122
2005-06-01,26.8,-81.1,0.0073409528
2005-06-01,27.05,-80.85,0.006702557
2005-06-01,26.8,-80.85,0.0070808977
2005-06-01,27.05,-80.6,0.0066324174
2005-06-01,26.8,-80.6,0.0075464696
2005-07-01,27.05,-81.1,0.0039061436
2005-07-01,26.8,-81.1,0.0043120217
2005-07-01,27.05,-80.85,0.0027870366
2005-07-01,26.8,-80.85,0.003158761
2005-07-01,27.05,-80.6,0.00284682
2005-07-01,26.8,-80.6,0.0029147395
2005-08-01,27.05,-81.1,0.0032673283
2005-08-01,26.8,-81.1,0.0033409996
2005-08-01,27.05,-80.85,0.0022393567
2005-08-01,26.8,-80.85,0.0023176176
2005-08-01,27.05,-80.6,0.0031127138
2005-08-01,26.8,-80.6,0.002875845
2005-09-01,27.05,-81.1,0.0020566173
2005-09-01,26.8,-81.1,0.0025745071
2005-09-01,27.05,-80.85,0.0022171475
2005-09-01,26.8,-80.85,0.0025695302
2005-09-01,27.05,-80.6,0.0028004088
2005-09-01,26.8,-80.6,0.002911169
2005-10-01,27.05,-81.1,0.0071162954
2005-10-01,26.8,-81.1,0.0073172078
2005-10-01,27.05,-80.85,0.007496454
2005-10-01,26.8,-80.85,0.007352911
2005-10-01,27.05,-80.6,0.007207595
2005-10-01,26.8,-80.6,0.006655894
2005-11-01,27.05,-81.1,0.0014033453
2005-11-01,26.8,-81.1,0.0012680427
2005-11-01,27.05,-80.85,0.0014429973
2005-11-01,26.8,-80.85,0.0013603852
2005-11-01,27.05,-80.6,0.0017021359
2005-11-01,26.8,-80.6,0.001743211
2005-12-01,27.05,-81.1,0.00044129696
2005-12-01,26.8,-81.1,0.00035914686
2005-12-01,27.05,-80.85,0.0006056344
2005-12-01,26.8,-80.85,0.00049516466
2005-12-01,27.05,-80.6,0.00063224044
2005-12-01,26.8,-80.6,0.0005769497
2006-01-01,27.05,-81.1,0.0002921729
2006-01-01,26.8,-81.1,0.00026399852
2006-01-01,27.05,-80.85,0.00037758262
2006-01-01,26.8,-80.85,0.00034220354
2006-01-01,27.05,-80.6,0.0004654026
2006-01-01,26.8,-80.6,0.00042914064
2006-02-01,27.05,-81.1,0.0015829445
2006-02-01,26.8,-81.1,0.0013179423
2006-02-01,27.05,-80.85,0.001615362
2006-02-01,26.8,-80.85,0.0014099495
2006-02-01,27.05,-80.6,0.0016356797
2006-02-01,26.8,-80.6,0.0015373023
2006-03-01,27.05,-81.1,0.0004065882
2006-03-01,26.8,-81.1,0.00052012014
2006-03-01,27.05,-80.85,0.00024453807
2006-03-01,26.8,-80.85,0.000327694
2006-03-01,27.05,-80.6,0.00025369483
2006-03-01,26.8,-80.6,0.00046534347
2006-04-01,27.05,-81.1,0.0011258041
2006-04-01,26.8,-81.1,0.0013160175
2006-04-01,27.05,-80.85,0.0012813723
2006-04-01,26.8,-80.85,0.0015462255
2006-04-01,27.05,-80.6,0.0014912551
2006-04-01,26.8,-80.6,0.0016518449
2006-05-01,27.05,-81.1,0.0019737186
2006-05-01,26.8,-81.1,0.0018488916
2006-05-01,27.05,-80.85,0.0018764886
2006-05-01,26.8,-80.85,0.0019715729
2006-05-01,27.05,-80.6,0.0020378681
2006-05-01,26.8,-80.6,0.002723113
2006-06-01,27.05,-81.1,0.00392793
2006-06-01,26.8,-81.1,0.0036243633
2006-06-01,27.05,-80.85,0.0031477944
2006-06-01,26.8,-80.85,0.0029673115
2006-06-01,27.05,-80.6,0.0028612749
2006-06-01,26.8,-80.6,0.003327264
2006-07-01,27.05,-81.1,0.0053819567
2006-07-01,26.8,-81.1,0.005638823
2006-07-01,27.05,-80.85,0.004201457
2006-07-01,26.8,-80.85,0.0048794895
2006-07-01,27.05,-80.6,0.004222527
2006-07-01,26.8,-80.6,0.005565837
2006-08-01,27.05,-81.1,0.0050343247
2006-08-01,26.8,-81.1,0.0052505704
2006-08-01,27.05,-80.85,0.0037211154
2006-08-01,26.8,-80.85,0.0038037274
2006-08-01,27.05,-80.6,0.0036150191
2006-08-01,26.8,-80.6,0.003830788
2006-09-01,27.05,-81.1,0.0043638702
2006-09-01,26.8,-81.1,0.0044030603
2006-09-01,27.05,-80.85,0.0030155831
2006-09-01,26.8,-80.85,0.0031049007
2006-09-01,27.05,-80.6,0.003081476
2006-09-01,26.8,-80.6,0.0030660087
2006-10-01,27.05,-81.1,0.00041110057
2006-10-01,26.8,-81.1,0.00023763243
2006-10-01,27.05,-80.85,0.00044427428
2006-10-01,26.8,-80.85,0.00028954435
2006-10-01,27.05,-80.6,0.00043064344
2006-10-01,26.8,-80.6,0.00037343043
2006-11-01,27.05,-81.1,0.00043636793
2006-11-01,26.8,-81.1,0.0004249611
2006-11-01,27.05,-80.85,0.0006037601
2006-11-01,26.8,-80.85,0.00060660625
2006-11-01,27.05,-80.6,0.0008045607
2006-11-01,26.8,-80.6,0.0007907697
2006-12-01,27.05,-81.1,0.0018451258
2006-12-01,26.8,-81.1,0.0016891852
2006-12-01,27.05,-80.85,0.0018352128
2006-12-01,26.8,-80.85,0.0016834184
2006-12-01,27.05,-80.6,0.0018253296
2006-12-01,26.8,-80.6,0.0016887567
2007-01-01,27.05,-81.1,0.00039861375
2007-01-01,26.8,-81.1,0.00033111149
2007-01-01,27.05,-80.85,0.0005709606
2007-01-01,26.8,-80.85,0.00047723227
2007-01-01,27.05,-80.6,0.0005805718
2007-01-01,26.8,-80.6,0.000532903
2007-02-01,27.05,-81.1,0.0019073496
2007-02-01,26.8,-81.1,0.001698018
2007-02-01,27.05,-80.85,0.0024745325
2007-02-01,26.8,-80.85,0.002281309
2007-02-01,27.05,-80.6,0.0026003132
2007-02-01,26.8,-80.6,0.002452881
2007-03-01,27.05,-81.1,0.00038793823
2007-03-01,26.8,-81.1,0.000470364
2007-03-01,27.05,-80.85,0.000469157
2007-03-01,26.8,-80.85,0.0005333214
2007-03-01,27.05,-80.6,0.0006912439
2007-03-01,26.8,-80.6,0.0006297915
2007-04-01,27.05,-81.1,0.0008025032
2007-04-01,26.8,-81.1,0.0007369977
2007-04-01,27.05,-80.85,0.0007838246
2007-04-01,26.8,-80.85,0.0007870358
2007-04-01,27.05,-80.6,0.00086708483
2007-04-01,26.8,-80.6,0.0011290621
2007-05-01,27.05,-81.1,0.0013096235
2007-05-01,26.8,-81.1,0.0013858243
2007-05-01,27.05,-80.85,0.0012223064
2007-05-01,26.8,-80.85,0.001274047
2007-05-01,27.05,-80.6,0.0012023761
2007-05-01,26.8,-80.6,0.0013628914
2007-06-01,27.05,-81.1,0.0052958466
2007-06-01,26.8,-81.1,0.005719457
2007-06-01,27.05,-80.85,0.0038602687
2007-06-01,26.8,-80.85,0.004305754
2007-06-01,27.05,-80.6,0.0033029057
2007-06-01,26.8,-80.6,0.0040315725
2007-07-01,27.05,-81.1,0.008319914
2007-07-01,26.8,-81.1,0.008235037
2007-07-01,27.05,-80.85,0.0052458644
2007-07-01,26.8,-80.85,0.005274236
2007-07-01,27.05,-80.6,0.004719436
2007-07-01,26.8,-80.6,0.0060616136
2007-08-01,27.05,-81.1,0.0034234684
2007-08-01,26.8,-81.1,0.0035874408
2007-08-01,27.05,-80.85,0.0023935896
2007-08-01,26.8,-80.85,0.0025903743
2007-08-01,27.05,-80.6,0.0025973183
2007-08-01,26.8,-80.6,0.0026289087
2007-09-01,27.05,-81.1,0.00450531
2007-09-01,26.8,-81.1,0.0045293756
2007-09-01,27.05,-80.85,0.003906671
2007-09-01,26.8,-80.85,0.0039195158
2007-09-01,27.05,-80.6,0.0043240227
2007-09-01,26.8,-80.6,0.004507486
2007-10-01,27.05,-81.1,0.0035449842
2007-10-01,26.8,-81.1,0.003553448
2007-10-01,27.05,-80.85,0.0042778533
2007-10-01,26.8,-80.85,0.004318116
2007-10-01,27.05,-80.6,0.004686026
2007-10-01,26.8,-80.6,0.00482106
2007-11-01,27.05,-81.1,0.00032959343
2007-11-01,26.8,-81.1,0.00030591548
2007-11-01,27.05,-80.85,0.00057477714
2007-11-01,26.8,-80.85,0.00056464435
2007-11-01,27.05,-80.6,0.00078434707
2007-11-01,26.8,-80.6,0.00081858994
2007-12-01,27.05,-81.1,0.0009444852
2007-12-01,26.8,-81.1,0.00096153957
2007-12-01,27.05,-80.85,0.0010594476
2007-12-01,26.8,-80.85,0.0010704559
2007-12-01,27.05,-80.6,0.0010286171
2007-12-01,26.8,-80.6,0.0010958139
2008-01-01,27.05,-81.1,0.0004627118
2008-01-01,26.8,-81.1,0.0004127482
2008-01-01,27.05,-80.85,0.00066746864
2008-01-01,26.8,-80.85,0.0005962709
2008-01-01,27.05,-80.6,0.0007472867
2008-01-01,26.8,-80.6,0.000692741
2008-02-01,27.05,-81.1,0.0014197677
2008-02-01,26.8,-81.1,0.0013645589
2008-02-01,27.05,-80.85,0.0014906898
2008-02-01,26.8,-80.85,0.0014706329
2008-02-01,27.05,-80.6,0.0014610365
2008-02-01,26.8,-80.6,0.0016216338
2008-03-01,27.05,-81.1,0.0022746732
2008-03-01,26.8,-81.1,0.0023272892
2008-03-01,27.05,-80.85,0.0025526395
2008-03-01,26.8,-80.85,0.002626892
2008-03-01,27.05,-80.6,0.002784442
2008-03-01,26.8,-80.6,0.0027100255
2008-04-01,27.05,-81.1,0.0031554808
2008-04-01,26.8,-81.1,0.003248464
2008-04-01,27.05,-80.85,0.0028611158
2008-04-01,26.8,-80.85,0.002998065
2008-04-01,27.05,-80.6,0.0029484069
2008-04-01,26.8,-80.6,0.0028979739
2008-05-01,27.05,-81.1,0.0016616234
2008-05-01,26.8,-81.1,0.00149026
2008-05-01,27.05,-80.85,0.0013115876
2008-05-01,26.8,-80.85,0.0012450465
2008-05-01,27.05,-80.6,0.0013400041
2008-05-01,26.8,-80.6,0.0014700168
2008-06-01,27.05,-81.1,0.006978456
2008-06-01,26.8,-81.1,0.007818047
2008-06-01,27.05,-80.85,0.0048046745
2008-06-01,26.8,-80.85,0.006098572
2008-06-01,27.05,-80.6,0.0044937767
2008-06-01,26.8,-80.6,0.0059677996
2008-07-01,27.05,-81.1,0.006163668
2008-07-01,26.8,-81.1,0.0060103647
2008-07-01,27.05,-80.85,0.0041294806
2008-07-01,26.8,-80.85,0.0043876283
2008-07-01,27.05,-80.6,0.0036029927
2008-07-01,26.8,-80.6,0.0053264014
2008-08-01,27.05,-81.1,0.009848598
2008-08-01,26.8,-81.1,0.009262476
2008-08-01,27.05,-80.85,0.009936694
2008-08-01,26.8,-80.85,0.009119514
2008-08-01,27.05,-80.6,0.009589706
2008-08-01,26.8,-80.6,0.008940313
2008-09-01,27.05,-81.1,0.0034775238
2008-09-01,26.8,-81.1,0.0034258168
2008-09-01,27.05,-80.85,0.0036441784
2008-09-01,26.8,-80.85,0.0036804776
2008-09-01,27.05,-80.6,0.0040569706
2008-09-01,26.8,-80.6,0.0044465167
2008-10-01,27.05,-81.1,0.0034931235
2008-10-01,26.8,-81.1,0.0036697916
2008-10-01,27.05,-80.85,0.0039445693
2008-10-01,26.8,-80.85,0.0041723484
2008-10-01,27.05,-80.6,0.004905545
2008-10-01,26.8,-80.6,0.0049193436
2008-11-01,27.05,-81.1,0.000635501
2008-11-01,26.8,-81.1,0.0004985854
2008-11-01,27.05,-80.85,0.00072319806
2008-11-01,26.8,-80.85,0.0005954914
2008-11-01,27.05,-80.6,0.0006900467
2008-11-01,26.8,-80.6,0.00064277276
2008-12-01,27.05,-81.1,0.00053934427
2008-12-01,26.8,-81.1,0.0005009235
2008-12-01,27.05,-80.85,0.0005141781
2008-12-01,26.8,-80.85,0.00048334198
2008-12-01,27.05,-80.6,0.0004997249
2008-12-01,26.8,-80.6,0.0005073645
2009-01-01,27.05,-81.1,0.0003827887
2009-01-01,26.8,-81.1,0.0003503675
2009-01-01,27.05,-80.85,0.00045885914
2009-01-01,26.8,-80.85,0.0003995786
2009-01-01,27.05,-80.6,0.00045889267
2009-01-01,26.8,-80.6,0.0004108271
2009-02-01,27.05,-81.1,0.00019760552
2009-02-01,26.8,-81.1,0.00015924155
2009-02-01,27.05,-80.85,0.00019760552
2009-02-01,26.8,-80.85,0.00016058545
2009-02-01,27.05,-80.6,0.00020961306
2009-02-01,26.8,-80.6,0.00016268279
2009-03-01,27.05,-81.1,0.0010608062
2009-03-01,26.8,-81.1,0.0008812174
2009-03-01,27.05,-80.85,0.0010905489
2009-03-01,26.8,-80.85,0.0009369105
2009-03-01,27.05,-80.6,0.0011161789
2009-03-01,26.8,-80.6,0.0012194514
2009-04-01,27.05,-81.1,0.00026471657
2009-04-01,26.8,-81.1,0.00021592644
2009-04-01,27.05,-80.85,0.0003764343
2009-04-01,26.8,-80.85,0.00031778705
2009-04-01,27.05,-80.6,0.0003818397
2009-04-01,26.8,-80.6,0.0003837545
2009-05-01,27.05,-81.1,0.006350305
2009-05-01,26.8,-81.1,0.006992992
2009-05-01,27.05,-80.85,0.0060178004
2009-05-01,26.8,-80.85,0.006986078
2009-05-01,27.05,-80.6,0.0061291717
2009-05-01,26.8,-80.6,0.0073155425
2009-06-01,27.05,-81.1,0.0066943504
2009-06-01,26.8,-81.1,0.0067365207
2009-06-01,27.05,-80.85,0.005233977
2009-06-01,26.8,-80.85,0.0056243576
2009-06-01,27.05,-80.6,0.005080793
2009-06-01,26.8,-80.6,0.005799774
2009-07-01,27.05,-81.1,0.006406881
2009-07-01,26.8,-81.1,0.0057840124
2009-07-01,27.05,-80.85,0.0039936677
2009-07-01,26.8,-80.85,0.003953792
2009-07-01,27.05,-80.6,0.0035929454
2009-07-01,26.8,-80.6,0.004498638
2009-08-01,27.05,-81.1,0.0042461744
2009-08-01,26.8,-81.1,0.0041269055
2009-08-01,27.05,-80.85,0.0030283027
2009-08-01,26.8,-80.85,0.003097444
2009-08-01,27.05,-80.6,0.0024709695
2009-08-01,26.8,-80.6,0.003083735
2009-09-01,27.05,-81.1,0.0038746088
2009-09-01,26.8,-81.1,0.00436292
2009-09-01,27.05,-80.85,0.0035424917
2009-09-01,26.8,-80.85,0.0039993017
2009-09-01,27.05,-80.6,0.0035120933
2009-09-01,26.8,-80.6,0.0046047955
2009-10-01,27.05,-81.1,0.0003116757
2009-10-01,26.8,-81.1,0.00028992002
2009-10-01,27.05,-80.85,0.00049546664
2009-10-01,26.8,-80.85,0.0004528344
2009-10-01,27.05,-80.6,0.0007427663
2009-10-01,26.8,-80.6,0.0008661628
2009-11-01,27.05,-81.1,0.0018084925
2009-11-01,26.8,-81.1,0.0017413627
2009-11-01,27.05,-80.85,0.0020967554
2009-11-01,26.8,-80.85,0.0019886252
2009-11-01,27.05,-80.6,0.0022006538
2009-11-01,26.8,-80.6,0.0018799584
2009-12-01,27.05,-81.1,0.0019876622
2009-12-01,26.8,-81.1,0.001644101
2009-12-01,27.05,-80.85,0.0020158775
2009-12-01,26.8,-80.85,0.0017013513
2009-12-01,27.05,-80.6,0.0018225648
2009-12-01,26.8,-80.6,0.0016944893
2010-01-01,27.05,-81.1,0.0011691379
2010-01-01,26.8,-81.1,0.0012111592
2010-01-01,27.05,-80.85,0.0013769495
2010-01-01,26.8,-80.85,0.0014309811
2010-01-01,27.05,-80.6,0.0014499652
2010-01-01,26.8,-80.6,0.0014683458
2010-02-01,27.05,-81.1,0.0022353819
2010-02-01,26.8,-81.1,0.0021885028
2010-02-01,27.05,-80.85,0.002660527
2010-02-01,26.8,-80.85,0.002595245
2010-02-01,27.05,-80.6,0.0029030433
2010-02-01,26.8,-80.6,0.002992182
2010-03-01,27.05,-81.1,0.00421419
2010-03-01,26.8,-81.1,0.004491098
2010-03-01,27.05,-80.85,0.0046561137
2010-03-01,26.8,-80.85,0.0049257055
2010-03-01,27.05,-80.6,0.004527338
2010-03-01,26.8,-80.6,0.0049314275
2010-04-01,27.05,-81.1,0.002748534
2010-04-01,26.8,-81.1,0.0025260448
2010-04-01,27.05,-80.85,0.0029246956
2010-04-01,26.8,-80.85,0.0027275234
2010-04-01,27.05,-80.6,0.0029312074
2010-04-01,26.8,-80.6,0.0030264705
2010-05-01,27.05,-81.1,0.0017395352
2010-05-01,26.8,-81.1,0.0020621305
2010-05-01,27.05,-80.85,0.0012873148
2010-05-01,26.8,-80.85,0.0016432886
2010-05-01,27.05,-80.6,0.0011455154
2010-05-01,26.8,-80.6,0.0017759835
2010-06-01,27.05,-81.1,0.004549781
2010-06-01,26.8,-81.1,0.0053989086
2010-06-01,27.05,-80.85,0.0030882151
2010-06-01,26.8,-80.85,0.00411419
2010-06-01,27.05,-80.6,0.003041485
2010-06-01,26.8,-80.6,0.004144648
2010-07-01,27.05,-81.1,0.004432087
2010-07-01,26.8,-81.1,0.0043210434
2010-07-01,27.05,-80.85,0.0035775949
2010-07-01,26.8,-80.85,0.003618573
2010-07-01,27.05,-80.6,0.003174876
2010-07-01,26.8,-80.6,0.004159634
2010-08-01,27.05,-81.1,0.006877944
2010-08-01,26.8,-81.1,0.007712707
2010-08-01,27.05,-80.85,0.0055365413
2010-08-01,26.8,-80.85,0.0063103884
2010-08-01,27.05,-80.6,0.0049612373
2010-08-01,26.8,-80.6,0.0066482276
2010-09-01,27.05,-81.1,0.0034054047
2010-09-01,26.8,-81.1,0.0037803776
2010-09-01,27.05,-80.85,0.0032368726
2010-09-01,26.8,-80.85,0.003638131
2010-09-01,27.05,-80.6,0.0035961694
2010-09-01,26.8,-80.6,0.0043423898
2010-10-01,27.05,-81.1,0.00044562924
2010-10-01,26.8,-81.1,0.00068396586
2010-10-01,27.05,-80.85,0.00053218263
2010-10-01,26.8,-80.85,0.0007690962
2010-10-01,27.05,-80.6,0.00064283866
2010-10-01,26.8,-80.6,0.00086365896
2010-11-01,27.05,-81.1,0.0010788415
2010-11-01,26.8,-81.1,0.001187497
2010-11-01,27.05,-80.85,0.0011600566
2010-11-01,26.8,-80.85,0.0012099941
2010-11-01,27.05,-80.6,0.0011317965
2010-11-01,26.8,-80.6,0.0011024673
2010-12-01,27.05,-81.1,0.00051616644
2010-12-01,26.8,-81.1,0.0005672327
2010-12-01,27.05,-80.85,0.0008440814
2010-12-01,26.8,-80.85,0.00087784743
2010-12-01,27.05,-80.6,0.00093956804
2010-12-01,26.8,-80.6,0.0010124347
2011-01-01,27.05,-81.1,0.0017775618
2011-01-01,26.8,-81.1,0.001495304
2011-01-01,27.05,-80.85,0.0018313252
2011-01-01,26.8,-80.85,0.0015166574
2011-01-01,27.05,-80.6,0.00167759
2011-01-01,26.8,-80.6,0.0014552646
2011-02-01,27.05,-81.1,0.00060783396
2011-02-01,26.8,-81.1,0.00061716954
2011-02-01,27.05,-80.85,0.00066159735
2011-02-01,26.8,-80.85,0.000690297
2011-02-01,27.05,-80.6,0.000745774
2011-02-01,26.8,-80.6,0.000729189
2011-03-01,27.05,-81.1,0.00074801315
2011-03-01,26.8,-81.1,0.00072997157
2011-03-01,27.05,-80.85,0.0006498294
2011-03-01,26.8,-80.85,0.00066358317
2011-03-01,27.05,-80.6,0.0006916048
2011-03-01,26.8,-80.6,0.00078102294
2011-04-01,27.05,-81.1,0.00061003584
2011-04-01,26.8,-81.1,0.0007022852
2011-04-01,27.05,-80.85,0.0006416822
2011-04-01,26.8,-80.85,0.0006927224
2011-04-01,27.05,-80.6,0.0006881589
2011-04-01,26.8,-80.6,0.0008528689
2011-05-01,27.05,-81.1,0.0014826676
2011-05-01,26.8,-81.1,0.0014488569
2011-05-01,27.05,-80.85,0.0013133681
2011-05-01,26.8,-80.85,0.001328299
2011-05-01,27.05,-80.6,0.0012699685
2011-05-01,26.8,-80.6,0.001584912
2011-06-01,27.05,-81.1,0.00358973
2011-06-01,26.8,-81.1,0.0036606
2011-06-01,27.05,-80.85,0.0023421154
2011-06-01,26.8,-80.85,0.002640973
2011-06-01,27.05,-80.6,0.002317737
2011-06-01,26.8,-80.6,0.0032129094
2011-07-01,27.05,-81.1,0.0059270114
2011-07-01,26.8,-81.1,0.005614266
2011-07-01,27.05,-80.85,0.0036781284
2011-07-01,26.8,-80.85,0.0036493393
2011-07-01,27.05,-80.6,0.0028313848
2011-07-01,26.8,-80.6,0.0034697505
2011-08-01,27.05,-81.1,0.006805375
2011-08-01,26.8,-81.1,0.007101193
2011-08-01,27.05,-80.85,0.005081907
2011-08-01,26.8,-80.85,0.0053262264
2011-08-01,27.05,-80.6,0.004605189
2011-08-01,26.8,-80.6,0.0049868375
2011-09-01,27.05,-81.1,0.0065914504
2011-09-01,26.8,-81.1,0.006462168
2011-09-01,27.05,-80.85,0.004777264
2011-09-01,26.8,-80.85,0.0047735088
2011-09-01,27.05,-80.6,0.0040189736
2011-09-01,26.8,-80.6,0.0051902644
2011-10-01,27.05,-81.1,0.005431447
2011-10-01,26.8,-81.1,0.0051345266
2011-10-01,27.05,-80.85,0.0066576935
2011-10-01,26.8,-80.85,0.006139431
2011-10-01,27.05,-80.6,0.0067469217
2011-10-01,26.8,-80.6,0.0063186623
2011-11-01,27.05,-81.1,0.0002136297
2011-11-01,26.8,-81.1,0.0002780921
2011-11-01,27.05,-80.85,0.00039627322
2011-11-01,26.8,-80.85,0.00048836984
2011-11-01,27.05,-80.6,0.000491365
2011-11-01,26.8,-80.6,0.00059818395
2011-12-01,27.05,-81.1,0.00045313453
2011-12-01,26.8,-81.1,0.00045165187
2011-12-01,27.05,-80.85,0.00057934737
2011-12-01,26.8,-80.85,0.0005248911
2011-12-01,27.05,-80.6,0.0007533706
2011-12-01,26.8,-80.6,0.00048599904
2012-01-01,27.05,-81.1,0.00010183423
2012-01-01,26.8,-81.1,7.972277e-05
2012-01-01,27.05,-80.85,0.00014492094
2012-01-01,26.8,-80.85,0.00012322485
2012-01-01,27.05,-80.6,0.00017356842
2012-01-01,26.8,-80.6,0.00017889559
2012-02-01,27.05,-81.1,0.0004745
2012-02-01,26.8,-81.1,0.00045550102
2012-02-01,27.05,-80.85,0.00050347904
2012-02-01,26.8,-80.85,0.00048219645
2012-02-01,27.05,-80.6,0.0006561377
2012-02-01,26.8,-80.6,0.00056188786
2012-03-01,27.05,-81.1,0.0008128905
2012-03-01,26.8,-81.1,0.00082430476
2012-03-01,27.05,-80.85,0.000740441
2012-03-01,26.8,-80.85,0.0006999136
2012-03-01,27.05,-80.6,0.00091621885
2012-03-01,26.8,-80.6,0.000759779
2012-04-01,27.05,-81.1,0.0025407728
2012-04-01,26.8,-81.1,0.0025079232
2012-04-01,27.05,-80.85,0.0023415443
2012-04-01,26.8,-80.85,0.0023989435
2012-04-01,27.05,-80.6,0.0022136848
2012-04-01,26.8,-80.6,0.0024849307
2012-05-01,27.05,-81.1,0.0034557565
2012-05-01,26.8,-81.1,0.0032574518
2012-05-01,27.05,-80.85,0.0030066057
2012-05-01,26.8,-80.85,0.0029894991
2012-05-01,27.05,-80.6,0.0027747138
2012-05-01,26.8,-80.6,0.0040476006
2012-06-01,27.05,-81.1,0.007588234
2012-06-01,26.8,-81.1,0.0076256655
2012-06-01,27.05,-80.85,0.006593045
2012-06-01,26.8,-80.85,0.0065571927
2012-06-01,27.05,-80.6,0.0060067736
2012-06-01,26.8,-80.6,0.0059604608
2012-07-01,27.05,-81.1,0.003616693
2012-07-01,26.8,-81.1,0.0040346705
2012-07-01,27.05,-80.85,0.0027419948
2012-07-01,26.8,-80.85,0.0032176697
2012-07-01,27.05,-80.6,0.0024848902
2012-07-01,26.8,-80.6,0.0036329054
2012-08-01,27.05,-81.1,0.0060551614
2012-08-01,26.8,-81.1,0.005818397
2012-08-01,27.05,-80.85,0.0053379387
2012-08-01,26.8,-80.85,0.0053343773
2012-08-01,27.05,-80.6,0.005321428
2012-08-01,26.8,-80.6,0.0058456957
2012-09-01,27.05,-81.1,0.0035894683
2012-09-01,26.8,-81.1,0.0036601445
2012-09-01,27.05,-80.85,0.003038483
2012-09-01,26.8,-80.85,0.0032566062
2012-09-01,27.05,-80.6,0.002925398
2012-09-01,26.8,-80.6,0.003867837
2012-10-01,27.05,-81.1,0.0022515615
2012-10-01,26.8,-81.1,0.0026165505
2012-10-01,27.05,-80.85,0.0024048348
2012-10-01,26.8,-80.85,0.002817299
2012-10-01,27.05,-80.6,0.002729114
2012-10-01,26.8,-80.6,0.0034121235
2012-11-01,27.05,-81.1,0.00011900207
2012-11-01,26.8,-81.1,0.0001113913
2012-11-01,27.05,-80.85,0.00016361242
2012-11-01,26.8,-80.85,0.0001797094
2012-11-01,27.05,-80.6,0.0003387942
2012-11-01,26.8,-80.6,0.0002941019
2012-12-01,27.05,-81.1,0.00083718006
2012-12-01,26.8,-81.1,0.0008527518
2012-12-01,27.05,-80.85,0.0012001724
2012-12-01,26.8,-80.85,0.001195404
2012-12-01,27.05,-80.6,0.0014347464
2012-12-01,26.8,-80.6,0.0014180869
2013-01-01,27.05,-81.1,0.00023802507
2013-01-01,26.8,-81.1,0.0002384274
2013-01-01,27.05,-80.85,0.00036881256
2013-01-01,26.8,-80.85,0.00037808853
2013-01-01,27.05,-80.6,0.0004745661
2013-01-01,26.8,-80.6,0.0005004867
2013-02-01,27.05,-81.1,0.0013178773
2013-02-01,26.8,-81.1,0.0011611991
2013-02-01,27.05,-80.85,0.0012397133
2013-02-01,26.8,-80.85,0.00120591
2013-02-01,27.05,-80.6,0.0012451299
2013-02-01,26.8,-80.6,0.0015174337
2013-03-01,27.05,-81.1,0.00095598516
2013-03-01,26.8,-81.1,0.0011856866
2013-03-01,27.05,-80.85,0.0009948772
2013-03-01,26.8,-80.85,0.0011753377
2013-03-01,27.05,-80.6,0.0010426131
2013-03-01,26.8,-80.6,0.001211555
2013-04-01,27.05,-81.1,0.0033124979
2013-04-01,26.8,-81.1,0.0036558802
2013-04-01,27.05,-80.85,0.002722248
2013-04-01,26.8,-80.85,0.0031166668
2013-04-01,27.05,-80.6,0.0030175294
2013-04-01,26.8,-80.6,0.0029328759
2013-05-01,27.05,-81.1,0.005430773
2013-05-01,26.8,-81.1,0.0044979006
2013-05-01,27.05,-80.85,0.0051486045
2013-05-01,26.8,-80.85,0.0044000894
2013-05-01,27.05,-80.6,0.0052336305
2013-05-01,26.8,-80.6,0.004986152
2013-06-01,27.05,-81.1,0.007620223
2013-06-01,26.8,-81.1,0.0080158785
2013-06-01,27.05,-80.85,0.0058475807
2013-06-01,26.8,-80.85,0.006698437
2013-06-01,27.05,-80.6,0.0054317787
2013-06-01,26.8,-80.6,0.0072932914
2013-07-01,27.05,-81.1,0.0071364567
2013-07-01,26.8,-81.1,0.0066489205
2013-07-01,27.05,-80.85,0.006568335
2013-07-01,26.8,-80.85,0.006367497
2013-07-01,27.05,-80.6,0.006999992
2013-07-01,26.8,-80.6,0.0075289533
2013-08-01,27.05,-81.1,0.003631462
2013-08-01,26.8,-81.1,0.004190524
2013-08-01,27.05,-80.85,0.0026072755
2013-08-01,26.8,-80.85,0.0031958416
2013-08-01,27.05,-80.6,0.0026065304
2013-08-01,26.8,-80.6,0.0029819205
2013-09-01,27.05,-81.1,0.0052121095
2013-09-01,26.8,-81.1,0.0048374645
2013-09-01,27.05,-80.85,0.004992109
2013-09-01,26.8,-80.85,0.004695516
2013-09-01,27.05,-80.6,0.004734587
2013-09-01,26.8,-80.6,0.00503945
2013-10-01,27.05,-81.1,0.00025442382
2013-10-01,26.8,-81.1,0.0003170385
2013-10-01,27.05,-80.85,0.0002384088
2013-10-01,26.8,-80.85,0.0003074943
2013-10-01,27.05,-80.6,0.00030060997
2013-10-01,26.8,-80.6,0.00040014973
2013-11-01,27.05,-81.1,0.0015533147
2013-11-01,26.8,-81.1,0.0014503999
2013-11-01,27.05,-80.85,0.0013927845
2013-11-01,26.8,-80.85,0.0012851236
2013-11-01,27.05,-80.6,0.0014755083
2013-11-01,26.8,-80.6,0.0014021797
2013-12-01,27.05,-81.1,0.00022885115
2013-12-01,26.8,-81.1,0.00018615932
2013-12-01,27.05,-80.85,0.00028947653
2013-12-01,26.8,-80.85,0.0002506441
2013-12-01,27.05,-80.6,0.00053790124
2013-12-01,26.8,-80.6,0.0005030698
2014-01-01,27.05,-81.1,0.0020453406
2014-01-01,26.8,-81.1,0.0019267572
2014-01-01,27.05,-80.85,0.002329029
2014-01-01,26.8,-80.85,0.002245806
2014-01-01,27.05,-80.6,0.0024940593
2014-01-01,26.8,-80.6,0.0023586822
2014-02-01,27.05,-81.1,0.0014270172
2014-02-01,26.8,-81.1,0.0015423521
2014-02-01,27.05,-80.85,0.00109566
2014-02-01,26.8,-80.85,0.0012244955
2014-02-01,27.05,-80.6,0.0010539666
2014-02-01,26.8,-80.6,0.0009812191
2014-03-01,27.05,-81.1,0.0024028334
2014-03-01,26.8,-81.1,0.002782202
2014-03-01,27.05,-80.85,0.0020093385
2014-03-01,26.8,-80.85,0.0024391774
2014-03-01,27.05,-80.6,0.001879147
2014-03-01,26.8,-80.6,0.0023083899
2014-04-01,27.05,-81.1,0.0013491488
2014-04-01,26.8,-81.1,0.0013316325
2014-04-01,27.05,-80.85,0.0010223738
2014-04-01,26.8,-80.85,0.0011009104
2014-04-01,27.05,-80.6,0.0009662709
2014-04-01,26.8,-80.6,0.0008911914
2014-05-01,27.05,-81.1,0.0025030498
2014-05-01,26.8,-81.1,0.0028062735
2014-05-01,27.05,-80.85,0.0019673232
2014-05-01,26.8,-80.85,0.0023411338
2014-05-01,27.05,-80.6,0.0023304347
2014-05-01,26.8,-80.6,0.002526832
2014-06-01,27.05,-81.1,0.003704866
2014-06-01,26.8,-81.1,0.0044181547
2014-06-01,27.05,-80.85,0.0026639304
2014-06-01,26.8,-80.85,0.0032938323
2014-06-01,27.05,-80.6,0.0028059683
2014-06-01,26.8,-80.6,0.0040690205
2014-07-01,27.05,-81.1,0.0064630006
2014-07-01,26.8,-81.1,0.006349573
2014-07-01,27.05,-80.85,0.0042736027
2014-07-01,26.8,-80.85,0.004356453
2014-07-01,27.05,-80.6,0.0037164781
2014-07-01,26.8,-80.6,0.0053764675
2014-08-01,27.05,-81.1,0.004153956
2014-08-01,26.8,-81.1,0.004277189
2014-08-01,27.05,-80.85,0.0029757512
2014-08-01,26.8,-80.85,0.0031988812
2014-08-01,27.05,-80.6,0.002630521
2014-08-01,26.8,-80.6,0.0033155573
2014-09-01,27.05,-81.1,0.0077537447
2014-09-01,26.8,-81.1,0.0071732253
2014-09-01,27.05,-80.85,0.007030055
2014-09-01,26.8,-80.85,0.0066568106
2014-09-01,27.05,-80.6,0.007431671
2014-09-01,26.8,-80.6,0.0074075907
2014-10-01,27.05,-81.1,0.0008884596
2014-10-01,26.8,-81.1,0.00093691074
2014-10-01,27.05,-80.85,0.000936121
2014-10-01,26.8,-80.85,0.0010151493
2014-10-01,27.05,-80.6,0.0009384381
2014-10-01,26.8,-80.6,0.0012904482
2014-11-01,27.05,-81.1,0.002405278
2014-11-01,26.8,-81.1,0.0019317786
2014-11-01,27.05,-80.85,0.0024889628
2014-11-01,26.8,-80.85,0.0020332108
2014-11-01,27.05,-80.6,0.0022106986
2014-11-01,26.8,-80.6,0.0019697319
2014-12-01,27.05,-81.1,0.00044322805
2014-12-01,26.8,-81.1,0.0003418182
2014-12-01,27.05,-80.85,0.00049202936
2014-12-01,26.8,-80.85,0.000400946
2014-12-01,27.05,-80.6,0.0006519635
2014-12-01,26.8,-80.6,0.0005408828
2015-01-01,27.05,-81.1,0.00097230985
2015-01-01,26.8,-81.1,0.0009518096
2015-01-01,27.05,-80.85,0.0011419856
2015-01-01,26.8,-80.85,0.001076916
2015-01-01,27.05,-80.6,0.0011299008
2015-01-01,26.8,-80.6,0.0011558437
2015-02-01,27.05,-81.1,0.002403718
2015-02-01,26.8,-81.1,0.0018918333
2015-02-01,27.05,-80.85,0.0032315073
2015-02-01,26.8,-80.85,0.0026910123
2015-02-01,27.05,-80.6,0.003964585
2015-02-01,26.8,-80.6,0.0037249145
2015-03-01,27.05,-81.1,0.0012681151
2015-03-01,26.8,-81.1,0.0012896622
2015-03-01,27.05,-80.85,0.0017401541
2015-03-01,26.8,-80.85,0.0018438066
2015-03-01,27.05,-80.6,0.0020021165
2015-03-01,26.8,-80.6,0.0022598172
2015-04-01,27.05,-81.1,0.003355869
2015-04-01,26.8,-81.1,0.0031848112
2015-04-01,27.05,-80.85,0.003259399
2015-04-01,26.8,-80.85,0.0030760625
2015-04-01,27.05,-80.6,0.0033134082
2015-04-01,26.8,-80.6,0.0034154216
2015-05-01,27.05,-81.1,0.0009719138
2015-05-01,26.8,-81.1,0.0010741954
2015-05-01,27.05,-80.85,0.0009677266
2015-05-01,26.8,-80.85,0.001075
2015-05-01,27.05,-80.6,0.0013817106
2015-05-01,26.8,-80.6,0.0014620279
2015-06-01,27.05,-81.1,0.0041106446
2015-06-01,26.8,-81.1,0.0038813753
2015-06-01,27.05,-80.85,0.003161977
2015-06-01,26.8,-80.85,0.002960275
2015-06-01,27.05,-80.6,0.0025968058
2015-06-01,26.8,-80.6,0.0027284427
2015-07-01,27.05,-81.1,0.0031295365
2015-07-01,26.8,-81.1,0.002871225
2015-07-01,27.05,-80.85,0.0026898927
2015-07-01,26.8,-80.85,0.002340222
2015-07-01,27.05,-80.6,0.0025136417
2015-07-01,26.8,-80.6,0.0028279072
2015-08-01,27.05,-81.1,0.0045503573
2015-08-01,26.8,-81.1,0.0047958093
2015-08-01,27.05,-80.85,0.0032932058
2015-08-01,26.8,-80.85,0.0036746457
2015-08-01,27.05,-80.6,0.0037139847
2015-08-01,26.8,-80.6,0.0045741396
2015-09-01,27.05,-81.1,0.005135294
2015-09-01,26.8,-81.1,0.0052609704
2015-09-01,27.05,-80.85,0.0041931234
2015-09-01,26.8,-80.85,0.0044115745
2015-09-01,27.05,-80.6,0.004162606
2015-09-01,26.8,-80.6,0.0050716065
2015-10-01,27.05,-81.1,0.00070648384
2015-10-01,26.8,-81.1,0.00079731387
2015-10-01,27.05,-80.85,0.00079265726
2015-10-01,26.8,-80.85,0.00088735414
2015-10-01,27.05,-80.6,0.00096168113
2015-10-01,26.8,-80.6,0.000980397
2015-11-01,27.05,-81.1,0.0014819042
2015-11-01,26.8,-81.1,0.001484795
2015-11-01,27.05,-80.85,0.001301928
2015-11-01,26.8,-80.85,0.0013519772
2015-11-01,27.05,-80.6,0.0012764432
2015-11-01,26.8,-80.6,0.0014877194
2015-12-01,27.05,-81.1,0.0022833664
2015-12-01,26.8,-81.1,0.0023597348
2015-12-01,27.05,-80.85,0.0022559185
2015-12-01,26.8,-80.85,0.0024793316
2015-12-01,27.05,-80.6,0.0024258364
2015-12-01,26.8,-80.6,0.0029997993
2016-01-01,27.05,-81.1,0.0035961452
2016-01-01,26.8,-81.1,0.003965813
2016-01-01,27.05,-80.85,0.0038695368
2016-01-01,26.8,-80.85,0.0042107883
2016-01-01,27.05,-80.6,0.004005927
2016-01-01,26.8,-80.6,0.0042207125
2016-02-01,27.05,-81.1,0.0022608996
2016-02-01,26.8,-81.1,0.002151555
2016-02-01,27.05,-80.85,0.0022006542
2016-02-01,26.8,-80.85,0.0020526485
2016-02-01,27.05,-80.6,0.0019080029
2016-02-01,26.8,-80.6,0.0017906935
2016-03-01,27.05,-81.1,0.003451578
2016-03-01,26.8,-81.1,0.0031214727
2016-03-01,27.05,-80.85,0.003289148
2016-03-01,26.8,-80.85,0.0030994338
2016-03-01,27.05,-80.6,0.003431469
2016-03-01,26.8,-80.6,0.0033983735
2016-04-01,27.05,-81.1,0.0011451731
2016-04-01,26.8,-81.1,0.0008753205
2016-04-01,27.05,-80.85,0.0010250623
2016-04-01,26.8,-80.85,0.00083994516
2016-04-01,27.05,-80.6,0.0009039978
2016-04-01,26.8,-80.6,0.0009619633
2016-05-01,27.05,-81.1,0.0049250647
2016-05-01,26.8,-81.1,0.0047870353
2016-05-01,27.05,-80.85,0.0045079216
2016-05-01,26.8,-80.85,0.0045085847
2016-05-01,27.05,-80.6,0.004850507
2016-05-01,26.8,-80.6,0.0045417547
2016-06-01,27.05,-81.1,0.0066549554
2016-06-01,26.8,-81.1,0.006459065
2016-06-01,27.05,-80.85,0.0060662404
2016-06-01,26.8,-80.85,0.0060314015
2016-06-01,27.05,-80.6,0.0065037087
2016-06-01,26.8,-80.6,0.0071367994
2016-07-01,27.05,-81.1,0.006914815
2016-07-01,26.8,-81.1,0.0071960893
2016-07-01,27.05,-80.85,0.0046106186
2016-07-01,26.8,-80.85,0.005137762
2016-07-01,27.05,-80.6,0.0035796373
2016-07-01,26.8,-80.6,0.0050820913
2016-08-01,27.05,-81.1,0.007880736
2016-08-01,26.8,-81.1,0.008377004
2016-08-01,27.05,-80.85,0.006696064
2016-08-01,26.8,-80.85,0.0071084388
2016-08-01,27.05,-80.6,0.006620664
2016-08-01,26.8,-80.6,0.007881362
2016-09-01,27.05,-81.1,0.008342493
2016-09-01,26.8,-81.1,0.007566262
2016-09-01,27.05,-80.85,0.00691073
2016-09-01,26.8,-80.85,0.0064763315
2016-09-01,27.05,-80.6,0.0061428435
2016-09-01,26.8,-80.6,0.00708567
2016-10-01,27.05,-81.1,0.0030808211
2016-10-01,26.8,-81.1,0.003082788
2016-10-01,27.05,-80.85,0.004066086
2016-10-01,26.8,-80.85,0.0040097595
2016-10-01,27.05,-80.6,0.004951185
2016-10-01,26.8,-80.6,0.004526055
2016-11-01,27.05,-81.1,0.00020294213
2016-11-01,26.8,-81.1,0.00020598942
2016-11-01,27.05,-80.85,0.00017777593
2016-11-01,26.8,-80.85,0.00019493648
2016-11-01,27.05,-80.6,0.0002525518
2016-11-01,26.8,-80.6,0.00021400065
2016-12-01,27.05,-81.1,0.0004329339
2016-12-01,26.8,-81.1,0.00034747575
2016-12-01,27.05,-80.85,0.0005610541
2016-12-01,26.8,-80.85,0.0005142719
2016-12-01,27.05,-80.6,0.000686276
2016-12-01,26.8,-80.6,0.0006843314
2017-01-01,27.05,-81.1,0.0010070496
2017-01-01,26.8,-81.1,0.0009709068
2017-01-01,27.05,-80.85,0.0011866458
2017-01-01,26.8,-80.85,0.0011318766
2017-01-01,27.05,-80.6,0.0011871525
2017-01-01,26.8,-80.6,0.0012497001
2017-02-01,27.05,-81.1,0.0010393187
2017-02-01,26.8,-81.1,0.0010856315
2017-02-01,27.05,-80.85,0.00092264265
2017-02-01,26.8,-80.85,0.0009963885
2017-02-01,27.05,-80.6,0.00081671774
2017-02-01,26.8,-80.6,0.0008823797
2017-03-01,27.05,-81.1,0.0004767864
2017-03-01,26.8,-81.1,0.0004009134
2017-03-01,27.05,-80.85,0.00037097326
2017-03-01,26.8,-80.85,0.00030247262
2017-03-01,27.05,-80.6,0.0004133
2017-03-01,26.8,-80.6,0.00029789796
2017-04-01,27.05,-81.1,0.0008555979
2017-04-01,26.8,-81.1,0.00087820296
2017-04-01,27.05,-80.85,0.0011434734
2017-04-01,26.8,-80.85,0.0011487037
2017-04-01,27.05,-80.6,0.0014633865
2017-04-01,26.8,-80.6,0.0017561198
2017-05-01,27.05,-81.1,0.0022610025
2017-05-01,26.8,-81.1,0.0024125325
2017-05-01,27.05,-80.85,0.0021130564
2017-05-01,26.8,-80.85,0.0022277655
2017-05-01,27.05,-80.6,0.0019874247
2017-05-01,26.8,-80.6,0.0023025023
2017-06-01,27.05,-81.1,0.007955831
2017-06-01,26.8,-81.1,0.009348076
2017-06-01,27.05,-80.85,0.006822627
2017-06-01,26.8,-80.85,0.008223038
2017-06-01,27.05,-80.6,0.007307451
2017-06-01,26.8,-80.6,0.0084633045
2017-07-01,27.05,-81.1,0.00744633
2017-07-01,26.8,-81.1,0.0077631883
2017-07-01,27.05,-80.85,0.006244462
2017-07-01,26.8,-80.85,0.0069104843
2017-07-01,27.05,-80.6,0.0054501705
2017-07-01,26.8,-80.6,0.006801825
2017-08-01,27.05,-81.1,0.0070791394
2017-08-01,26.8,-81.1,0.0075103194
2017-08-01,27.05,-80.85,0.0067310184
2017-08-01,26.8,-80.85,0.0070787817
2017-08-01,27.05,-80.6,0.0062987655
2017-08-01,26.8,-80.6,0.0069529265
2017-09-01,27.05,-81.1,0.010640532
2017-09-01,26.8,-81.1,0.011510164
2017-09-01,27.05,-80.85,0.00870201
2017-09-01,26.8,-80.85,0.009790748
2017-09-01,27.05,-80.6,0.0076605976
2017-09-01,26.8,-80.6,0.009025127
2017-10-01,27.05,-81.1,0.0069621056
2017-10-01,26.8,-81.1,0.007624343
2017-10-01,27.05,-80.85,0.0065327734
2017-10-01,26.8,-80.85,0.0071938485
2017-10-01,27.05,-80.6,0.0064869076
2017-10-01,26.8,-80.6,0.006702736
2017-11-01,27.05,-81.1,0.0004996832
2017-11-01,26.8,-81.1,0.00048138457
2017-11-01,27.05,-80.85,0.00065297144
2017-11-01,26.8,-80.85,0.0006508406
2017-11-01,27.05,-80.6,0.0010097947
2017-11-01,26.8,-80.6,0.0008575048
2017-12-01,27.05,-81.1,0.0005473315
2017-12-01,26.8,-81.1,0.0004910126
2017-12-01,27.05,-80.85,0.0006540946
2017-12-01,26.8,-80.85,0.00057414244
2017-12-01,27.05,-80.6,0.0006889112
2017-12-01,26.8,-80.6,0.0006725199
2018-01-01,27.05,-81.1,0.0017245801
2018-01-01,26.8,-81.1,0.0017273033
2018-01-01,27.05,-80.85,0.0017146671
2018-01-01,26.8,-80.85,0.0017584318
2018-01-01,27.05,-80.6,0.001784181
2018-01-01,26.8,-80.6,0.0018474662
2018-02-01,27.05,-81.1,0.0003227098
2018-02-01,26.8,-81.1,0.00028249156
2018-02-01,27.05,-80.85,0.00032785442
2018-02-01,26.8,-80.85,0.0002798019
2018-02-01,27.05,-80.6,0.00041809212
2018-02-01,26.8,-80.6,0.00034939032
2018-03-01,27.05,-81.1,0.00035091746
2018-03-01,26.8,-81.1,0.00038953382
2018-03-01,27.05,-80.85,0.0003593068
2018-03-01,26.8,-80.85,0.00038301456
2018-03-01,27.05,-80.6,0.0003658298
2018-03-01,26.8,-80.6,0.0004119936
2018-04-01,27.05,-81.1,0.0035271992
2018-04-01,26.8,-81.1,0.0028278877
2018-04-01,27.05,-80.85,0.0030688692
2018-04-01,26.8,-80.85,0.0024504412
2018-04-01,27.05,-80.6,0.0030719389
2018-04-01,26.8,-80.6,0.0028054465
2018-05-01,27.05,-81.1,0.009620201
2018-05-01,26.8,-81.1,0.010235172
2018-05-01,27.05,-80.85,0.009160738
2018-05-01,26.8,-80.85,0.009882938
2018-05-01,27.05,-80.6,0.009186637
2018-05-01,26.8,-80.6,0.009957295
2018-06-01,27.05,-81.1,0.008322332
2018-06-01,26.8,-81.1,0.009237859
2018-06-01,27.05,-80.85,0.0053127743
2018-06-01,26.8,-80.85,0.006329749
2018-06-01,27.05,-80.6,0.004495356
2018-06-01,26.8,-80.6,0.005668495
2018-07-01,27.05,-81.1,0.007494889
2018-07-01,26.8,-81.1,0.0073377118
2018-07-01,27.05,-80.85,0.0054800734
2018-07-01,26.8,-80.85,0.0056041107
2018-07-01,27.05,-80.6,0.0055275783
2018-07-01,26.8,-80.6,0.0065138564
2018-08-01,27.05,-81.1,0.008416355
2018-08-01,26.8,-81.1,0.009509325
2018-08-01,27.05,-80.85,0.006269634
2018-08-01,26.8,-80.85,0.0075533986
2018-08-01,27.05,-80.6,0.00604558
2018-08-01,26.8,-80.6,0.0068773627
2018-09-01,27.05,-81.1,0.0045443624
2018-09-01,26.8,-81.1,0.0044192225
2018-09-01,27.05,-80.85,0.0041279793
2018-09-01,26.8,-80.85,0.0040930957
2018-09-01,27.05,-80.6,0.0037268552
2018-09-01,26.8,-80.6,0.0046864003
2018-10-01,27.05,-81.1,0.0014790941
2018-10-01,26.8,-81.1,0.0013253812
2018-10-01,27.05,-80.85,0.0014493552
2018-10-01,26.8,-80.85,0.0013509889
2018-10-01,27.05,-80.6,0.0013328281
2018-10-01,26.8,-80.6,0.0015622315
2018-11-01,27.05,-81.1,0.001045547
2018-11-01,26.8,-81.1,0.0010276805
2018-11-01,27.05,-80.85,0.0010001711
2018-11-01,26.8,-80.85,0.0010238993
2018-11-01,27.05,-80.6,0.000951394
2018-11-01,26.8,-80.6,0.0010536402
2018-12-01,27.05,-81.1,0.0015878952
2018-12-01,26.8,-81.1,0.0014904155
2018-12-01,27.05,-80.85,0.0014815121
2018-12-01,26.8,-80.85,0.0014519221
2018-12-01,27.05,-80.6,0.0014732345
2018-12-01,26.8,-80.6,0.0015087365
2019-01-01,27.05,-81.1,0.0028749097
2019-01-01,26.8,-81.1,0.0028591144
2019-01-01,27.05,-80.85,0.0030161839
2019-01-01,26.8,-80.85,0.0030350524
2019-01-01,27.05,-80.6,0.002819414
2019-01-01,26.8,-80.6,0.0029160853
2019-02-01,27.05,-81.1,0.0018050517
2019-02-01,26.8,-81.1,0.0018593441
2019-02-01,27.05,-80.85,0.001729175
2019-02-01,26.8,-80.85,0.0017914022
2019-02-01,27.05,-80.6,0.001877598
2019-02-01,26.8,-80.6,0.002095304
2019-03-01,27.05,-81.1,0.0018566581
2019-03-01,26.8,-81.1,0.0020176205
2019-03-01,27.05,-80.85,0.0020961198
2019-03-01,26.8,-80.85,0.0022786441
2019-03-01,27.05,-80.6,0.002359483
2019-03-01,26.8,-80.6,0.0023693922
2019-04-01,27.05,-81.1,0.0009478878
2019-04-01,26.8,-81.1,0.0009167071
2019-04-01,27.05,-80.85,0.0008266333
2019-04-01,26.8,-80.85,0.000784273
2019-04-01,27.05,-80.6,0.0009777348
2019-04-01,26.8,-80.6,0.0010275419
2019-05-01,27.05,-81.1,0.0040217284
2019-05-01,26.8,-81.1,0.0044291858
2019-05-01,27.05,-80.85,0.0035165197
2019-05-01,26.8,-80.85,0.0040252153
2019-05-01,27.05,-80.6,0.0033241457
2019-05-01,26.8,-80.6,0.004192615
2019-06-01,27.05,-81.1,0.008939978
2019-06-01,26.8,-81.1,0.008904275
2019-06-01,27.05,-80.85,0.007097181
2019-06-01,26.8,-80.85,0.007467147
2019-06-01,27.05,-80.6,0.006054934
2019-06-01,26.8,-80.6,0.00756168
2019-07-01,27.05,-81.1,0.0063628927
2019-07-01,26.8,-81.1,0.006537743
2019-07-01,27.05,-80.85,0.0051236823
2019-07-01,26.8,-80.85,0.005052604
2019-07-01,27.05,-80.6,0.0052804127
2019-07-01,26.8,-80.6,0.005777456
2019-08-01,27.05,-81.1,0.010561235
2019-08-01,26.8,-81.1,0.010711916
2019-08-01,27.05,-80.85,0.008645602
2019-08-01,26.8,-80.85,0.009212144
2019-08-01,27.05,-80.6,0.008002706
2019-08-01,26.8,-80.6,0.009368844
2019-09-01,27.05,-81.1,0.0019513201
2019-09-01,26.8,-81.1,0.0019526072
2019-09-01,27.05,-80.85,0.0019932631
2019-09-01,26.8,-80.85,0.0020412393
2019-09-01,27.05,-80.6,0.001969887
2019-09-01,26.8,-80.6,0.0019440074
2019-10-01,27.05,-81.1,0.0023087282
2019-10-01,26.8,-81.1,0.0023406465
2019-10-01,27.05,-80.85,0.0026305486
2019-10-01,26.8,-80.85,0.0026100297
2019-10-01,27.05,-80.6,0.0028003473
2019-10-01,26.8,-80.6,0.0027343351
2019-11-01,27.05,-81.1,0.0008739743
2019-11-01,26.8,-81.1,0.00084070745
2019-11-01,27.05,-80.85,0.0010554704
2019-11-01,26.8,-80.85,0.0010112885
2019-11-01,27.05,-80.6,0.0011688459
2019-11-01,26.8,-80.6,0.0010845053
2019-12-01,27.05,-81.1,0.0024389955
2019-12-01,26.8,-81.1,0.0022232863
2019-12-01,27.05,-80.85,0.00234672
2019-12-01,26.8,-80.85,0.0021514925
2019-12-01,27.05,-80.6,0.0022159102
2019-12-01,26.8,-80.6,0.001994777
2020-01-01,27.05,-81.1,0.00039555645
2020-01-01,26.8,-81.1,0.00035516312
2020-01-01,27.05,-80.85,0.0005198582
2020-01-01,26.8,-80.85,0.00046503684
2020-01-01,27.05,-80.6,0.00058975955
2020-01-01,26.8,-80.6,0.0005363389
2020-02-01,27.05,-81.1,0.0019008247
2020-02-01,26.8,-81.1,0.001844394
2020-02-01,27.05,-80.85,0.0020449562
2020-02-01,26.8,-80.85,0.0020359857
2020-02-01,27.05,-80.6,0.0019359393
2020-02-01,26.8,-80.6,0.0021259738
2020-03-01,27.05,-81.1,6.3512634e-05
2020-03-01,26.8,-81.1,7.8967e-05
2020-03-01,27.05,-80.85,9.592266e-05
2020-03-01,26.8,-80.85,0.00010605731
2020-03-01,27.05,-80.6,0.00014725157
2020-03-01,26.8,-80.6,0.00014494934
2020-04-01,27.05,-81.1,0.0011237324
2020-04-01,26.8,-81.1,0.0011395724
2020-04-01,27.05,-80.85,0.001299894
2020-04-01,26.8,-80.85,0.0012394325
2020-04-01,27.05,-80.6,0.0014586658
2020-04-01,26.8,-80.6,0.0013233186
2020-05-01,27.05,-81.1,0.0050785206
2020-05-01,26.8,-81.1,0.006019708
2020-05-01,27.05,-80.85,0.0049538277
2020-05-01,26.8,-80.85,0.0059045516
2020-05-01,27.05,-80.6,0.0052123927
2020-05-01,26.8,-80.6,0.006268706
2020-06-01,27.05,-81.1,0.006769575
2020-06-01,26.8,-81.1,0.0073724464
2020-06-01,27.05,-80.85,0.0056554154
2020-06-01,26.8,-80.85,0.006386526
2020-06-01,27.05,-80.6,0.0056404844
2020-06-01,26.8,-80.6,0.0063163713
2020-07-01,27.05,-81.1,0.005354129
2020-07-01,26.8,-81.1,0.0051963553
2020-07-01,27.05,-80.85,0.004512988
2020-07-01,26.8,-80.85,0.0044851825
2020-07-01,27.05,-80.6,0.004064761
2020-07-01,26.8,-80.6,0.004997663
2020-08-01,27.05,-81.1,0.0071204565
2020-08-01,26.8,-81.1,0.006656315
2020-08-01,27.05,-80.85,0.005299356
2020-08-01,26.8,-80.85,0.005191412
2020-08-01,27.05,-80.6,0.0045103095
2020-08-01,26.8,-80.6,0.005032804
2020-09-01,27.05,-81.1,0.0056591667
2020-09-01,26.8,-81.1,0.006225858
2020-09-01,27.05,-80.85,0.0056847073
2020-09-01,26.8,-80.85,0.0061431564
2020-09-01,27.05,-80.6,0.005234096
2020-09-01,26.8,-80.6,0.006103102
2020-10-01,27.05,-81.1,0.0039060265
2020-10-01,26.8,-81.1,0.004949406
2020-10-01,27.05,-80.85,0.0048329383
2020-10-01,26.8,-80.85,0.0059502274
2020-10-01,27.05,-80.6,0.005162254
2020-10-01,26.8,-80.6,0.006511107
2020-11-01,27.05,-81.1,0.0024490233
2020-11-01,26.8,-81.1,0.0027142044
2020-11-01,27.05,-80.85,0.0026507254
2020-11-01,26.8,-80.85,0.0029111083
2020-11-01,27.05,-80.6,0.0028899934
2020-11-01,26.8,-80.6,0.003025132
2020-12-01,27.05,-81.1,0.0012675833
2020-12-01,26.8,-81.1,0.0012852021
2020-12-01,27.05,-80.85,0.0013110519
2020-12-01,26.8,-80.85,0.0013485469
2020-12-01,27.05,-80.6,0.0013019361
2020-12-01,26.8,-80.6,0.0013447341
2021-01-01,27.05,-81.1,0.00062180427
2021-01-01,26.8,-81.1,0.0006378286
2021-01-01,27.05,-80.85,0.0006362938
2021-01-01,26.8,-80.85,0.00064201397
2021-01-01,27.05,-80.6,0.00056342524
2021-01-01,26.8,-80.6,0.00058786874
2021-02-01,27.05,-81.1,0.0015717894
2021-02-01,26.8,-81.1,0.0014459789
2021-02-01,27.05,-80.85,0.0017056167
2021-02-01,26.8,-80.85,0.0016232282
2021-02-01,27.05,-80.6,0.0018554926
2021-02-01,26.8,-80.6,0.0020891726
2021-03-01,27.05,-81.1,0.0008181161
2021-03-01,26.8,-81.1,0.00088900095
2021-03-01,27.05,-80.85,0.0008120141
2021-03-01,26.8,-80.85,0.0008976101
2021-03-01,27.05,-80.6,0.00074865064
2021-03-01,26.8,-80.6,0.0008945591
2021-04-01,27.05,-81.1,0.0041439235
2021-04-01,26.8,-81.1,0.004255265
2021-04-01,27.05,-80.85,0.0036920903
2021-04-01,26.8,-80.85,0.003690481
2021-04-01,27.05,-80.6,0.0030851362
2021-04-01,26.8,-80.6,0.003139883
2021-05-01,27.05,-81.1,0.000757569
2021-05-01,26.8,-81.1,0.0007217317
2021-05-01,27.05,-80.85,0.0007693856
2021-05-01,26.8,-80.85,0.00073776534
2021-05-01,27.05,-80.6,0.0008651181
2021-05-01,26.8,-80.6,0.0010588183
2021-06-01,27.05,-81.1,0.006901648
2021-06-01,26.8,-81.1,0.0072154664
2021-06-01,27.05,-80.85,0.00602391
2021-06-01,26.8,-80.85,0.006450709
2021-06-01,27.05,-80.6,0.0060118996
2021-06-01,26.8,-80.6,0.0068594776
2021-07-01,27.05,-81.1,0.009943284
2021-07-01,26.8,-81.1,0.009219922
2021-07-01,27.05,-80.85,0.007520832
2021-07-01,26.8,-80.85,0.00713668
2021-07-01,27.05,-80.6,0.0060939565
2021-07-01,26.8,-80.6,0.0073406473
2021-08-01,27.05,-81.1,0.0075753257
2021-08-01,26.8,-81.1,0.007619135
2021-08-01,27.05,-80.85,0.005962424
2021-08-01,26.8,-80.85,0.0060250685
2021-08-01,27.05,-80.6,0.0055254623
2021-08-01,26.8,-80.6,0.006023936
2021-09-01,27.05,-81.1,0.007582672
2021-09-01,26.8,-81.1,0.008245356
2021-09-01,27.05,-80.85,0.005777605
2021-09-01,26.8,-80.85,0.0063892677
2021-09-01,27.05,-80.6,0.005395241
2021-09-01,26.8,-80.6,0.0060991123
2021-10-01,27.05,-81.1,0.0017821968
2021-10-01,26.8,-81.1,0.0021692098
2021-10-01,27.05,-80.85,0.0016536892
2021-10-01,26.8,-80.85,0.001894328
2021-10-01,27.05,-80.6,0.0015128136
2021-10-01,26.8,-80.6,0.0016117871
2021-11-01,27.05,-81.1,0.0019290573
2021-11-01,26.8,-81.1,0.0018020398
2021-11-01,27.05,-80.85,0.0018936
2021-11-01,26.8,-80.85,0.0018444485
2021-11-01,27.05,-80.6,0.002051977
2021-11-01,26.8,-80.6,0.0021727434
2021-12-01,27.05,-81.1,0.00040320796
2021-12-01,26.8,-81.1,0.00047564995
2021-12-01,27.05,-80.85,0.00038376194
2021-12-01,26.8,-80.85,0.0004573774
2021-12-01,27.05,-80.6,0.00051611033
2021-12-01,26.8,-80.6,0.00057977554
2022-01-01,27.05,-81.1,0.0015181552
2022-01-01,26.8,-81.1,0.0012989293
2022-01-01,27.05,-80.85,0.0016590457
2022-01-01,26.8,-80.85,0.0014503847
2022-01-01,27.05,-80.6,0.0017660211
2022-01-01,26.8,-80.6,0.0019075673
2022-02-01,27.05,-81.1,0.0012076434
2022-02-01,26.8,-81.1,0.0013532054
2022-02-01,27.05,-80.85,0.0011054587
2022-02-01,26.8,-80.85,0.0011833098
2022-02-01,27.05,-80.6,0.0013084498
2022-02-01,26.8,-80.6,0.0011520397
2022-03-01,27.05,-81.1,0.0017517745
2022-03-01,26.8,-81.1,0.0015173792
2022-03-01,27.05,-80.85,0.0016257553
2022-03-01,26.8,-80.85,0.0014412119
2022-03-01,27.05,-80.6,0.0015334054
2022-03-01,26.8,-80.6,0.0015393957
2022-04-01,27.05,-81.1,0.002660266
2022-04-01,26.8,-81.1,0.0024081382
2022-04-01,27.05,-80.85,0.002487159
2022-04-01,26.8,-80.85,0.0022211808
2022-04-01,27.05,-80.6,0.002521715
2022-04-01,26.8,-80.6,0.0023977223
2022-05-01,27.05,-81.1,0.0020753157
2022-05-01,26.8,-81.1,0.0019948792
2022-05-01,27.05,-80.85,0.0019632143
2022-05-01,26.8,-80.85,0.001951338
2022-05-01,27.05,-80.6,0.0023017686
2022-05-01,26.8,-80.6,0.0024100405
2022-06-01,27.05,-81.1,0.007083863
2022-06-01,26.8,-81.1,0.007897228
2022-06-01,27.05,-80.85,0.005959004
2022-06-01,26.8,-80.85,0.0070513785
2022-06-01,27.05,-80.6,0.0061742365
2022-06-01,26.8,-80.6,0.0082013905
2022-07-01,27.05,-81.1,0.004462534
2022-07-01,26.8,-81.1,0.0058619916
2022-07-01,27.05,-80.85,0.0032454072
2022-07-01,26.8,-80.85,0.0045298277
2022-07-01,27.05,-80.6,0.003217393
2022-07-01,26.8,-80.6,0.004326993
2022-08-01,27.05,-81.1,0.0063138045
2022-08-01,26.8,-81.1,0.0067588724
2022-08-01,27.05,-80.85,0.004648689
2022-08-01,26.8,-80.85,0.005104605
2022-08-01,27.05,-80.6,0.0040494837
2022-08-01,26.8,-80.6,0.00491393
2022-09-01,27.05,-81.1,0.008680552
2022-09-01,26.8,-81.1,0.009034187
2022-09-01,27.05,-80.85,0.007651031
2022-09-01,26.8,-80.85,0.007824004
2022-09-01,27.05,-80.6,0.0078024566
2022-09-01,26.8,-80.6,0.0077527165
2022-10-01,27.05,-81.1,0.00187975
2022-10-01,26.8,-81.1,0.0020307286
2022-10-01,27.05,-80.85,0.0019220694
2022-10-01,26.8,-80.85,0.0021539761
2022-10-01,27.05,-80.6,0.0021824075
2022-10-01,26.8,-80.6,0.0026816858
2022-11-01,27.05,-81.1,0.0034351684
2022-11-01,26.8,-81.1,0.0032026805
2022-11-01,27.05,-80.85,0.0038324632
2022-11-01,26.8,-80.85,0.0036534108
2022-11-01,27.05,-80.6,0.004225198
2022-11-01,26.8,-80.6,0.004252825
2022-12-01,27.05,-81.1,0.00080601545
2022-12-01,26.8,-81.1,0.00087094726
2022-12-01,27.05,-80.85,0.0008715992
2022-12-01,26.8,-80.85,0.0009323624
2022-12-01,27.05,-80.6,0.0009079096
2022-12-01,26.8,-80.6,0.0010151048
2023-01-01,27.05,-81.1,0.0003268798
2023-01-01,26.8,-81.1,0.0003353064
2023-01-01,27.05,-80.85,0.00036615366
2023-01-01,26.8,-80.85,0.00037920335
2023-01-01,27.05,-80.6,0.000357809
2023-01-01,26.8,-80.6,0.00039140554
2023-02-01,27.05,-81.1,0.00026910007
2023-02-01,26.8,-81.1,0.00021608917
2023-02-01,27.05,-80.85,0.00043591857
2023-02-01,26.8,-80.85,0.0003618449
2023-02-01,27.05,-80.6,0.0006040558
2023-02-01,26.8,-80.6,0.0004504919
2023-03-01,27.05,-81.1,0.0007295911
2023-03-01,26.8,-81.1,0.00076552527
2023-03-01,27.05,-80.85,0.000632931
2023-03-01,26.8,-80.85,0.00075304555
2023-03-01,27.05,-80.6,0.0005991091
2023-03-01,26.8,-80.6,0.00065295445
2023-04-01,27.05,-81.1,0.005171247
2023-04-01,26.8,-81.1,0.005056493
2023-04-01,27.05,-80.85,0.005321093
2023-04-01,26.8,-80.85,0.0055220053
2023-04-01,27.05,-80.6,0.0052459016
2023-04-01,26.8,-80.6,0.0057833865
2023-05-01,27.05,-81.1,0.002577101
2023-05-01,26.8,-81.1,0.0027339805
2023-05-01,27.05,-80.85,0.0019773294
2023-05-01,26.8,-80.85,0.0022422422
2023-05-01,27.05,-80.6,0.0018137593
2023-05-01,26.8,-80.6,0.002559488
2023-06-01,27.05,-81.1,0.005542911
2023-06-01,26.8,-81.1,0.0062522064
2023-06-01,27.05,-80.85,0.0041347514
2023-06-01,26.8,-80.85,0.0047029625
2023-06-01,27.05,-80.6,0.0035685073
2023-06-01,26.8,-80.6,0.005239464
2023-07-01,27.05,-81.1,0.005604173
2023-07-01,26.8,-81.1,0.005357708
2023-07-01,27.05,-80.85,0.0038573996
2023-07-01,26.8,-80.85,0.0037247792
2023-07-01,27.05,-80.6,0.0030128614
2023-07-01,26.8,-80.6,0.0039234413
2023-08-01,27.05,-81.1,0.0058737136
2023-08-01,26.8,-81.1,0.00606573
2023-08-01,27.05,-80.85,0.0046207644
2023-08-01,26.8,-80.85,0.0047898926
2023-08-01,27.05,-80.6,0.004148636
2023-08-01,26.8,-80.6,0.0054018833
2023-09-01,27.05,-81.1,0.0073388554
2023-09-01,26.8,-81.1,0.0075110532
2023-09-01,27.05,-80.85,0.005634401
2023-09-01,26.8,-80.85,0.0058403946
2023-09-01,27.05,-80.6,0.005465124
2023-09-01,26.8,-80.6,0.0060565807
2023-10-01,27.05,-81.1,0.0010978319
2023-10-01,26.8,-81.1,0.0013287403
2023-10-01,27.05,-80.85,0.0014749505
2023-10-01,26.8,-80.85,0.0017279126
2023-10-01,27.05,-80.6,0.002855692
2023-10-01,26.8,-80.6,0.003502462
2023-11-01,27.05,-81.1,0.0024151828
2023-11-01,26.8,-81.1,0.0028514888
2023-11-01,27.05,-80.85,0.0029337432
2023-11-01,26.8,-80.85,0.0033811952
2023-11-01,27.05,-80.6,0.0037356045
2023-11-01,26.8,-80.6,0.004425588
2023-12-01,27.05,-81.1,0.0026169822
2023-12-01,26.8,-81.1,0.0032701448
2023-12-01,27.05,-80.85,0.002801533
2023-12-01,26.8,-80.85,0.0033421621
2023-12-01,27.05,-80.6,0.0029648945
2023-12-01,26.8,-80.6,0.0033211962
2024-01-01,27.05,-81.1,0.0018050808
2024-01-01,26.8,-81.1,0.0020313996
2024-01-01,27.05,-80.85,0.0021989632
2024-01-01,26.8,-80.85,0.0024362642
2024-01-01,27.05,-80.6,0.0023407626
2024-01-01,26.8,-80.6,0.0025758136
2024-02-01,27.05,-81.1,0.00232318
2024-02-01,26.8,-81.1,0.002494804
2024-02-01,27.05,-80.85,0.00238686
2024-02-01,26.8,-80.85,0.0026467661
2024-02-01,27.05,-80.6,0.0023190002
2024-02-01,26.8,-80.6,0.0026948075
2024-03-01,27.05,-81.1,0.0036709094
2024-03-01,26.8,-81.1,0.004237511
2024-03-01,27.05,-80.85,0.0031187916
2024-03-01,26.8,-80.85,0.0037598098
2024-03-01,27.05,-80.6,0.0029125893
2024-03-01,26.8,-80.6,0.003600427
2024-04-01,27.05,-81.1,0.00059160916
2024-04-01,26.8,-81.1,0.00062793074
2024-04-01,27.05,-80.85,0.0005496661
2024-04-01,26.8,-80.85,0.00060046045
2024-04-01,27.05,-80.6,0.00048023788
2024-04-01,26.8,-80.6,0.0007236223
2024-05-01,27.05,-81.1,0.001570448
2024-05-01,26.8,-81.1,0.0012184528
2024-05-01,27.05,-80.85,0.0014728305
2024-05-01,26.8,-80.85,0.0011012179
2024-05-01,27.05,-80.6,0.0012846363
2024-05-01,26.8,-80.6,0.0012930108
2024-06-01,27.05,-81.1,0.0074393377
2024-06-01,26.8,-81.1,0.008920394
2024-06-01,27.05,-80.85,0.0076124296
2024-06-01,26.8,-80.85,0.009210788
2024-06-01,27.05,-80.6,0.008623682
2024-06-01,26.8,-80.6,0.010804258
2024-07-01,27.05,-81.1,0.0056455517
2024-07-01,26.8,-81.1,0.0065666223
2024-07-01,27.05,-80.85,0.00367383
2024-07-01,26.8,-80.85,0.0045377994
2024-07-01,27.05,-80.6,0.0039124275
2024-07-01,26.8,-80.6,0.004837849
2024-08-01,27.05,-81.1,0.00617934
2024-08-01,26.8,-81.1,0.006710686
2024-08-01,27.05,-80.85,0.005538769
2024-08-01,26.8,-80.85,0.005943544
2024-08-01,27.05,-80.6,0.00539992
2024-08-01,26.8,-80.6,0.0062135234
2024-09-01,27.05,-81.1,0.007062696
2024-09-01,26.8,-81.1,0.007918321
2024-09-01,27.05,-80.85,0.005864285
2024-09-01,26.8,-80.85,0.006465696
2024-09-01,27.05,-80.6,0.006345652
2024-09-01,26.8,-80.6,0.006776832
2024-10-01,27.05,-81.1,0.004247601
2024-10-01,26.8,-81.1,0.0037363719
2024-10-01,27.05,-80.85,0.004854257
2024-10-01,26.8,-80.85,0.0045004142
2024-10-01,27.05,-80.6,0.0049858345
2024-10-01,26.8,-80.6,0.0054261936
