year,month,time_x,lat,lon,monthly_avg_tp,Rainfall_cm_0,Rainfall_cm_1,Rainfall_cm_2,Rainfall_cm_3,monthly_avg_observed,time_y,obs_Rainfall_mm,Forecast_Rainfall_mm
1990,1,1990-01-01,26.925,-80.85,0.0005484062766666667,,,0.09586451612903225,,0.09586451612903225,1990-01-16 00:00:00,0.9586451612903225,0.5484062766666666
1990,2,1990-02-01,26.925,-80.85,0.00102242191,,,0.09343571428571429,,0.09343571428571429,1990-02-14 12:00:00,0.9343571428571429,1.02242191
1990,3,1990-03-01,26.925,-80.85,0.0011791791833333334,,,0.20489333333333332,,0.20489333333333332,1990-03-16 00:00:00,2.0489333333333333,1.1791791833333334
1990,4,1990-04-01,26.925,-80.85,0.0015557721166666665,,,,0.0,0.0,1990-04-15 12:00:00,0.0,1.5557721166666665
1990,5,1990-05-01,26.925,-80.85,0.002160827,,,,0.0,0.0,1990-05-16 00:00:00,0.0,2.1608270000000003
1990,6,1990-06-01,26.925,-80.85,0.0037070090833333335,,0.0037629629629629627,0.0,0.0,0.0037629629629629627,1990-06-15 12:00:00,0.037629629629629624,3.7070090833333333
1990,7,1990-07-01,26.925,-80.85,0.0034043412333333335,,0.08607777777777778,0.0,0.2455333333333333,0.06773333333333333,1990-07-16 00:00:00,0.6773333333333332,3.4043412333333336
1990,8,1990-08-01,26.925,-80.85,0.0047473948,,0.26035,0.3064387096774193,0.3457677419354839,0.32801505376344087,1990-08-16 00:00:00,3.280150537634409,4.7473947999999995
1990,9,1990-09-01,26.925,-80.85,0.00268232755,,,0.15070666666666668,0.14139333333333334,0.14604999999999999,1990-09-15 12:00:00,1.4605,2.68232755
1990,10,1990-10-01,26.925,-80.85,0.00258400275,,0.0127,0.14994193548387097,0.2982451612903226,0.2236838709677419,1990-10-16 00:00:00,2.2368387096774187,2.5840027500000002
1990,11,1990-11-01,26.925,-80.85,0.0006010539383333333,,0.08551333333333333,0.03217333333333334,0.08128,0.0663222222222222,1990-11-15 12:00:00,0.6632222222222219,0.6010539383333333
1990,12,1990-12-01,26.925,-80.85,0.00042755715833333333,,0.06063225806451614,0.8328526315789474,0.045064516129032256,0.2186311827956989,1990-12-16 00:00:00,2.186311827956989,0.42755715833333335
1991,1,1991-01-01,26.925,-80.85,0.0026598894,,0.07478888888888889,0.4969565217391305,0.3318387096774193,0.35505376344086026,1991-01-16 00:00:00,3.5505376344086024,2.6598894
1991,2,1991-02-01,26.925,-80.85,0.0024322702166666666,,0.1496785714285714,0.03386666666666667,1.5102416666666667,0.7207250000000001,1991-02-14 12:00:00,7.20725,2.4322702166666668
1991,3,1991-03-01,26.925,-80.85,0.0021585549833333336,,0.12044516129032258,0.7910285714285714,0.581741935483871,0.510594623655914,1991-03-16 00:00:00,5.10594623655914,2.1585549833333335
1991,4,1991-04-01,26.925,-80.85,0.0038883514166666664,,0.18703636363636367,0.38431304347826084,0.5088466666666667,0.40964555555555554,1991-04-15 12:00:00,4.096455555555555,3.8883514166666666
1991,5,1991-05-01,26.925,-80.85,0.0034732174333333334,,0.307258064516129,0.4539225806451613,0.3154516129032258,0.3588774193548387,1991-05-16 00:00:00,3.588774193548387,3.473217433333333
1991,6,1991-06-01,26.925,-80.85,0.004778158983333333,,0.5607538461538462,0.16425333333333333,0.3141133333333333,0.27657777777777776,1991-06-15 12:00:00,2.7657777777777777,4.778158983333333
1991,7,1991-07-01,26.925,-80.85,0.0056896297,,,0.693174193548387,0.868516129032258,0.7808451612903226,1991-07-16 00:00:00,7.808451612903226,5.689629699999999
1991,8,1991-08-01,26.925,-80.85,0.003628189066666667,,,0.3474064516129032,3.0160451612903225,1.681725806451613,1991-08-16 00:00:00,16.81725806451613,3.6281890666666667
1991,9,1991-09-01,26.925,-80.85,0.0028988573666666666,,,0.17653,12.70230909090909,3.5998150000000004,1991-09-15 12:00:00,35.99815,2.8988573666666664
1991,10,1991-10-01,26.925,-80.85,0.003014656466666667,,0.14647333333333332,0.3203677419354839,,0.26997741935483865,1991-10-16 00:00:00,2.6997741935483868,3.0146564666666666
1991,11,1991-11-01,26.925,-80.85,0.0007534745783333332,,0.08043333333333333,0.20743333333333336,,0.14393333333333333,1991-11-15 12:00:00,1.4393333333333334,0.7534745783333332
1991,12,1991-12-01,26.925,-80.85,0.00038059381833333337,,0.02794,0.0034636363636363636,,0.008081818181818178,1991-12-16 00:00:00,0.08081818181818178,0.3805938183333334
1992,1,1992-01-01,26.925,-80.85,0.0011684629166666667,,0.07525925925925926,0.07456129032258065,,0.07415161290322582,1992-01-16 00:00:00,0.7415161290322582,1.1684629166666667
1992,2,1992-02-01,26.925,-80.85,0.0011889104166666667,,0.2925379310344828,0.23998620689655173,,0.26626206896551724,1992-02-15 00:00:00,2.6626206896551725,1.1889104166666666
1992,3,1992-03-01,26.925,-80.85,0.0011892793666666665,,0.06951578947368421,0.14748387096774193,,0.1257709677419355,1992-03-16 00:00:00,1.257709677419355,1.1892793666666666
1992,4,1992-04-01,26.925,-80.85,0.0018360596166666666,,0.14393333333333336,0.22606,,0.18499666666666667,1992-04-15 12:00:00,1.8499666666666668,1.8360596166666667
1992,5,1992-05-01,26.925,-80.85,0.00040954701166666667,,0.019878260869565217,0.0802967741935484,,0.08111612903225807,1992-05-16 00:00:00,0.8111612903225807,0.4095470116666667
1992,6,1992-06-01,26.925,-80.85,0.010818453,,0.23706666666666668,0.09482666666666667,,0.16594666666666666,1992-06-15 12:00:00,1.6594666666666666,10.818453
1992,7,1992-07-01,26.925,-80.85,0.0021619052333333335,,0.005735483870967741,0.020483870967741936,,0.013109677419354834,1992-07-16 00:00:00,0.13109677419354834,2.1619052333333335
1992,8,1992-08-01,26.925,-80.85,0.0056424588,,0.06145161290322581,1.1421533333333334,,0.5833806451612904,1992-08-16 00:00:00,5.8338064516129045,5.6424588
1992,9,1992-09-01,26.925,-80.85,0.0038136721833333335,,0.03048,,,0.03048,1992-09-15 12:00:00,0.3048,3.8136721833333334
1992,10,1992-10-01,26.925,-80.85,0.0008045761700000001,,0.013109677419354837,,,0.013109677419354837,1992-10-16 00:00:00,0.13109677419354837,0.80457617
1992,11,1992-11-01,26.925,-80.85,0.0022601802833333334,,0.01778,,,0.01778,1992-11-15 12:00:00,0.1778,2.2601802833333333
1992,12,1992-12-01,26.925,-80.85,0.000224648225,,0.0024580645161290326,0.0,,0.0024580645161290326,1992-12-16 00:00:00,0.024580645161290327,0.224648225
1993,1,1993-01-01,26.925,-80.85,0.004478827116666666,,0.019664516129032257,,,0.019664516129032257,1993-01-16 00:00:00,0.19664516129032256,4.478827116666666
1993,2,1993-02-01,26.925,-80.85,0.0016133482,,0.32929285714285716,,,0.32929285714285716,1993-02-14 12:00:00,3.292928571428572,1.6133482
1993,3,1993-03-01,26.925,-80.85,0.0035999739666666662,,0.2933290322580645,0.27694193548387097,,0.28513548387096777,1993-03-16 00:00:00,2.8513548387096774,3.599973966666666
1993,4,1993-04-01,26.925,-80.85,0.0009046761950000001,,0.3107266666666667,0.19727333333333333,0.10583333333333333,0.21491222222222223,1993-04-15 12:00:00,2.149122222222222,0.9046761950000001
1993,5,1993-05-01,26.925,-80.85,0.0014748960333333333,,0.29742580645161293,0.41459354838709683,0.3334774193548387,0.3484989247311828,1993-05-16 00:00:00,3.4849892473118285,1.4748960333333334
1993,6,1993-06-01,26.925,-80.85,0.0021004843666666668,,0.5588,0.3928533333333333,0.17271999999999998,0.37479111111111113,1993-06-15 12:00:00,3.747911111111111,2.1004843666666666
1993,7,1993-07-01,26.925,-80.85,0.0036166439166666667,,0.6186129032258064,0.1016,0.09996129032258065,0.2733913978494623,1993-07-16 00:00:00,2.7339139784946234,3.616643916666667
1993,8,1993-08-01,26.925,-80.85,0.00424851465,,0.5424129032258065,0.21630967741935486,0.2646516129032258,0.3411247311827957,1993-08-16 00:00:00,3.4112473118279567,4.24851465
1993,9,1993-09-01,26.925,-80.85,0.004303566266666667,,0.7620000000000001,0.6104466666666667,0.5528733333333334,0.6417733333333333,1993-09-15 12:00:00,6.417733333333333,4.303566266666667
1993,10,1993-10-01,26.925,-80.85,0.00483037405,,0.4907935483870968,0.3482258064516129,0.30316129032258066,0.38072688172043007,1993-10-16 00:00:00,3.8072688172043008,4.83037405
1993,11,1993-11-01,26.925,-80.85,0.0006955302433333333,,0.09990666666666667,0.10668000000000001,0.11345333333333334,0.10667999999999997,1993-11-15 12:00:00,1.0667999999999997,0.6955302433333332
1993,12,1993-12-01,26.925,-80.85,0.0006683938383333334,,0.11552903225806452,0.06390967741935484,0.046703225806451615,0.07538064516129031,1993-12-16 00:00:00,0.753806451612903,0.6683938383333334
1994,1,1994-01-01,26.925,-80.85,0.002296283516666667,,0.2884129032258064,0.22778064516129035,0.26301290322580645,0.25973548387096773,1994-01-16 00:00:00,2.5973548387096774,2.296283516666667
1994,2,1994-02-01,26.925,-80.85,0.002784709466666667,,0.34925,0.17507857142857144,0.22769285714285717,0.2506738095238095,1994-02-14 12:00:00,2.506738095238095,2.784709466666667
1994,3,1994-03-01,26.925,-80.85,0.0018714499500000002,,0.3850967741935484,0.3162709677419355,0.27120645161290324,0.3241913978494624,1994-03-16 00:00:00,3.241913978494624,1.8714499500000001
1994,4,1994-04-01,26.925,-80.85,0.0018447942333333332,,0.15748,0.07450666666666667,0.08382,0.10526888888888887,1994-04-15 12:00:00,1.0526888888888888,1.8447942333333331
1994,5,1994-05-01,26.925,-80.85,0.002845116983333333,,0.3883741935483871,0.21712903225806454,0.2982451612903226,0.30124946236559136,1994-05-16 00:00:00,3.012494623655914,2.845116983333333
1994,6,1994-06-01,26.925,-80.85,0.005881301966666666,,0.9866923076923076,0.56134,0.4064,0.6347177777777777,1994-06-15 12:00:00,6.347177777777777,5.881301966666666
1994,7,1994-07-01,26.925,-80.85,0.004925569616666667,,0.4690533333333333,0.4326193548387097,0.31790967741935483,0.3896032258064516,1994-07-16 00:00:00,3.8960322580645164,4.9255696166666665
1994,8,1994-08-01,26.925,-80.85,0.00450254635,0.7447642857142858,0.11571111111111113,0.7308645161290322,0.5227483870967743,0.6468123655913979,1994-08-16 00:00:00,6.4681236559139785,4.50254635
1994,9,1994-09-01,26.925,-80.85,0.00694598635,0.28363333333333335,0.4783666666666667,0.66548,0.51308,0.48514,1994-09-15 12:00:00,4.8514,6.94598635
1994,10,1994-10-01,26.925,-80.85,0.0025839872,0.3228258064516129,0.24252903225806452,0.22696129032258064,0.12618064516129032,0.2296241935483871,1994-10-16 00:00:00,2.296241935483871,2.5839871999999997
1994,11,1994-11-01,26.925,-80.85,0.0025417481833333332,0.4707466666666667,0.18796,0.31665333333333334,0.40542307692307694,0.33168166666666665,1994-11-15 12:00:00,3.3168166666666665,2.541748183333333
1994,12,1994-12-01,26.925,-80.85,0.00250795795,0.2212258064516129,0.2867741935483871,0.34904516129032254,0.376083870967742,0.3082822580645161,1994-12-16 00:00:00,3.082822580645161,2.50795795
1995,1,1995-01-01,26.925,-80.85,0.002969173566666667,0.005644444444444444,0.20074193548387095,0.1786193548387097,0.16550967741935485,0.16967473118279572,1995-01-16 00:00:00,1.6967473118279572,2.969173566666667
1995,2,1995-02-01,26.925,-80.85,0.00144560985,0.14514285714285716,0.2921,0.06894285714285715,0.14332857142857144,0.16237857142857143,1995-02-14 12:00:00,1.6237857142857144,1.4456098499999999
1995,3,1995-03-01,26.925,-80.85,0.0023347145999999997,0.28349677419354835,0.24252903225806455,0.0,0.45544827586206893,0.27864892473118275,1995-03-16 00:00:00,2.7864892473118275,2.3347146
1995,4,1995-04-01,26.925,-80.85,0.003843311566666667,0.22013333333333335,0.20574,0.0,0.14838947368421052,0.15190611111111113,1995-04-15 12:00:00,1.5190611111111112,3.843311566666667
1995,5,1995-05-01,26.925,-80.85,0.0009661227666666666,0.09176774193548386,0.30398064516129036,0.0,0.21630967741935483,0.15301451612903227,1995-05-16 00:00:00,1.5301451612903227,0.9661227666666666
1995,6,1995-06-01,26.925,-80.85,0.0061732642666666665,0.9741647058823529,0.4826,0.0,0.34713333333333335,0.3620911111111111,1995-06-15 12:00:00,3.620911111111111,6.173264266666666
1995,7,1995-07-01,26.925,-80.85,0.005318259200000001,0.44572903225806454,0.5334,0.0,0.0,0.46498387096774196,1995-07-16 00:00:00,4.64983870967742,5.318259200000001
1995,8,1995-08-01,26.925,-80.85,0.006077519333333333,0.6731,0.5096387096774193,,,0.5854290322580645,1995-08-16 00:00:00,5.8542903225806455,6.077519333333333
1995,9,1995-09-01,26.925,-80.85,0.00489548215,0.2384777777777778,0.5647266666666667,,,0.58039,1995-09-15 12:00:00,5.8039,4.89548215
1995,10,1995-10-01,26.925,-80.85,0.00606376925,0.7988709677419356,0.898832258064516,,,0.8488516129032257,1995-10-16 00:00:00,8.488516129032257,6.06376925
1995,11,1995-11-01,26.925,-80.85,0.0005920994316666666,0.05249333333333333,0.044873333333333335,0.013758333333333332,0.011641666666666666,0.031749999999999994,1995-11-15 12:00:00,0.31749999999999995,0.5920994316666666
1995,12,1995-12-01,26.925,-80.85,0.0007156551266666667,0.038509677419354835,0.026219354838709675,0.039329032258064514,0.037690322580645155,0.03543709677419354,1995-12-16 00:00:00,0.3543709677419354,0.7156551266666666
1996,1,1996-01-01,26.925,-80.85,0.0034820557833333335,0.11061290322580646,0.14092903225806452,0.21139354838709676,0.19500645161290323,0.16448548387096776,1996-01-16 00:00:00,1.6448548387096775,3.4820557833333337
1996,2,1996-02-01,26.925,-80.85,0.0003769625133333333,0.053427586206896555,0.04116551724137931,0.024524137931034484,0.09284137931034483,0.05298965517241378,1996-02-15 00:00:00,0.5298965517241379,0.3769625133333333
1996,3,1996-03-01,26.925,-80.85,0.0040189447,0.49489032258064514,0.5415935483870968,0.3941096774193548,0.4047612903225806,0.45883870967741935,1996-03-16 00:00:00,4.588387096774193,4.0189447
1996,4,1996-04-01,26.925,-80.85,0.0018700422499999998,0.12276666666666668,0.06773333333333333,0.14647333333333332,0.11853333333333334,0.11225388888888889,1996-04-15 12:00:00,1.122538888888889,1.8700422499999998
1996,5,1996-05-01,26.925,-80.85,0.0037590673166666665,0.3170903225806452,0.31463225806451617,0.4555612903225807,0.35314193548387096,0.3601064516129032,1996-05-16 00:00:00,3.601064516129032,3.7590673166666666
1996,6,1996-06-01,26.925,-80.85,0.005568095783333333,0.7349066666666667,0.7857066666666667,0.5037666666666667,0.62992,0.6635749999999999,1996-06-15 12:00:00,6.635749999999999,5.568095783333334
1996,7,1996-07-01,26.925,-80.85,0.00241943255,0.20401935483870967,0.31463225806451617,0.4785032258064516,0.35068387096774195,0.33695967741935484,1996-07-16 00:00:00,3.3695967741935484,2.41943255
1996,8,1996-08-01,26.925,-80.85,0.003531922433333333,0.4031225806451613,0.16469032258064517,0.19664516129032258,0.3441290322580645,0.2771467741935484,1996-08-16 00:00:00,2.771467741935484,3.531922433333333
1996,9,1996-09-01,26.925,-80.85,0.003366566783333333,0.14901333333333336,0.22013333333333338,0.09059333333333333,0.11345333333333334,0.14329833333333333,1996-09-15 12:00:00,1.4329833333333333,3.366566783333333
1996,10,1996-10-01,26.925,-80.85,0.003414702816666667,0.3007032258064516,0.18763225806451614,0.3662516129032258,0.2474451612903226,0.275508064516129,1996-10-16 00:00:00,2.75508064516129,3.414702816666667
1996,11,1996-11-01,26.925,-80.85,0.0002230286566666667,0.03471333333333334,0.03217333333333334,0.18372666666666665,0.39962666666666663,0.16255999999999998,1996-11-15 12:00:00,1.6256,0.22302865666666669
1996,12,1996-12-01,26.925,-80.85,0.0004653999733333334,0.0032774193548387094,0.038509677419354835,0.017206451612903226,0.15571304347826087,0.04369892473118279,1996-12-16 00:00:00,0.43698924731182787,0.4653999733333334
1997,1,1997-01-01,26.925,-80.85,0.0013239999,0.07783870967741935,0.04424516129032258,0.09258709677419355,0.06604,0.06964516129032258,1997-01-16 00:00:00,0.6964516129032259,1.3239999
1997,2,1997-02-01,26.925,-80.85,0.0011661719333333333,0.019957142857142857,0.05261428571428572,0.06259285714285714,0.03719285714285714,0.04308928571428571,1997-02-14 12:00:00,0.43089285714285713,1.1661719333333334
1997,3,1997-03-01,26.925,-80.85,0.0011354073499999999,0.21794838709677422,0.1048774193548387,0.13683225806451613,0.1122516129032258,0.14297741935483874,1997-03-16 00:00:00,1.4297741935483874,1.13540735
1997,4,1997-04-01,26.925,-80.85,0.003945491416666666,0.5858933333333333,0.34713333333333335,0.3302,0.44196,0.42629666666666666,1997-04-15 12:00:00,4.262966666666666,3.945491416666666
1997,5,1997-05-01,26.925,-80.85,0.00241811995,0.25809677419354843,0.4170516129032258,0.30316129032258066,0.23433548387096775,0.30316129032258066,1997-05-16 00:00:00,3.0316129032258066,2.41811995
1997,6,1997-06-01,26.925,-80.85,0.005911972383333333,0.39285333333333333,0.40386,0.6138333333333333,0.5808133333333334,0.49784,1997-06-15 12:00:00,4.9784,5.911972383333333
1997,7,1997-07-01,26.925,-80.85,0.0038871801,0.4334387096774194,0.5243870967741936,0.23187741935483872,0.14256774193548388,0.33306774193548383,1997-07-16 00:00:00,3.3306774193548385,3.8871801
1997,8,1997-08-01,26.925,-80.85,0.004891579333333333,0.28431612903225806,0.34003225806451615,0.5088193548387097,0.1335548387096774,0.3166806451612903,1997-08-16 00:00:00,3.166806451612903,4.8915793333333335
1997,9,1997-09-01,26.925,-80.85,0.0046755932499999995,0.30395333333333335,0.2421466666666667,0.38777333333333336,0.5376333333333334,0.3678766666666667,1997-09-15 12:00:00,3.6787666666666667,4.6755932499999995
1997,10,1997-10-01,26.925,-80.85,0.0007201877133333334,0.04588387096774194,0.06390967741935484,0.08849032258064515,0.02212258064516129,0.05510161290322581,1997-10-16 00:00:00,0.551016129032258,0.7201877133333334
1997,11,1997-11-01,26.925,-80.85,0.0028027630333333337,0.41994666666666663,0.22860000000000003,0.22182666666666667,0.17610666666666666,0.26162,1997-11-15 12:00:00,2.6162,2.8027630333333335
1997,12,1997-12-01,26.925,-80.85,0.004192754683333333,0.31790967741935483,0.13929032258064517,0.3359354838709677,0.2253225806451613,0.2546145161290323,1997-12-16 00:00:00,2.546145161290323,4.192754683333334
1998,1,1998-01-01,26.925,-80.85,0.0016297860999999999,0.1376516129032258,0.09914193548387097,0.16550967741935485,0.10733548387096774,0.12740967741935483,1998-01-16 00:00:00,1.2740967741935483,1.6297860999999998
1998,2,1998-02-01,26.925,-80.85,0.004732742916666667,0.5578928571428572,0.47625,0.5043714285714286,0.8000999999999999,0.5846535714285714,1998-02-14 12:00:00,5.846535714285714,4.732742916666667
1998,3,1998-03-01,26.925,-80.85,0.002349756033333333,0.4416322580645161,0.046703225806451615,0.41705161290322584,0.39820645161290324,0.32589838709677416,1998-03-16 00:00:00,3.2589838709677417,2.349756033333333
1998,4,1998-04-01,26.925,-80.85,0.0008300482366666666,0.04402666666666667,0.02878666666666667,0.04572,0.054186666666666675,0.04318,1998-04-15 12:00:00,0.4318,0.8300482366666666
1998,5,1998-05-01,26.925,-80.85,0.0010799201483333335,0.1048774193548387,0.09422580645161291,0.037690322580645155,0.05653548387096774,0.07333225806451613,1998-05-16 00:00:00,0.7333225806451613,1.0799201483333336
1998,6,1998-06-01,26.925,-80.85,0.00111032254,0.19727333333333336,0.055880000000000006,0.1651,0.27093333333333336,0.17229666666666665,1998-06-15 12:00:00,1.7229666666666665,1.1103225399999999
1998,7,1998-07-01,26.925,-80.85,0.0043897232999999996,0.33101935483870965,0.39492903225806447,0.2802193548387097,0.3007032258064516,0.32671774193548386,1998-07-16 00:00:00,3.2671774193548386,4.3897233
1998,8,1998-08-01,26.925,-80.85,0.003889333933333333,0.7488903225806451,0.7996903225806452,0.5628967741935483,0.6620387096774193,0.6933790322580645,1998-08-16 00:00:00,6.933790322580645,3.889333933333333
1998,9,1998-09-01,26.925,-80.85,0.004892339316666667,1.5756466666666666,0.56896,0.5215466666666667,0.4614333333333333,0.7818966666666667,1998-09-15 12:00:00,7.818966666666666,4.892339316666667
1998,10,1998-10-01,26.925,-80.85,0.0010575459716666666,0.1769806451612903,0.16059354838709677,0.14420645161290324,0.07996296296296296,0.13785645161290322,1998-10-16 00:00:00,1.3785645161290323,1.0575459716666666
1998,11,1998-11-01,26.925,-80.85,0.004260747366666667,0.8034866666666666,0.34120666666666666,0.7228416666666667,0.686816,0.5738988888888888,1998-11-15 12:00:00,5.738988888888889,4.260747366666667
1998,12,1998-12-01,26.925,-80.85,0.0007359983800000001,0.10241935483870968,0.08466666666666667,0.007257142857142857,0.026219354838709675,0.06862096774193548,1998-12-16 00:00:00,0.6862096774193548,0.7359983800000001
1999,1,1999-01-01,26.925,-80.85,0.0009148563166666667,0.13601290322580645,0.18777857142857143,0.07046451612903226,0.13601290322580645,0.12816075268817204,1999-01-16 00:00:00,1.2816075268817204,0.9148563166666667
1999,2,1999-02-01,26.925,-80.85,0.00047650901333333337,0.03628571428571429,0.006350000000000001,0.03537857142857143,0.037192857142857146,0.028801785714285714,1999-02-14 12:00:00,0.28801785714285716,0.47650901333333334
1999,3,1999-03-01,26.925,-80.85,0.000232632105,0.05407741935483871,0.008193548387096775,0.06063225806451614,0.0360516129032258,0.039738709677419354,1999-03-16 00:00:00,0.39738709677419354,0.23263210499999998
1999,4,1999-04-01,26.925,-80.85,0.0010610827333333334,0.2694214285714286,0.03556,0.14393333333333333,0.12615333333333334,0.14252222222222224,1999-04-15 12:00:00,1.4252222222222224,1.0610827333333335
1999,5,1999-05-01,26.925,-80.85,0.0019568742666666666,0.46949032258064516,0.12863870967741936,0.14666451612903225,0.2023806451612903,0.23679354838709676,1999-05-16 00:00:00,2.3679354838709674,1.9568742666666665
1999,6,1999-06-01,26.925,-80.85,0.007012559766666667,0.8187266666666667,0.39454666666666666,0.74168,0.9364133333333334,0.7228416666666667,1999-06-15 12:00:00,7.228416666666667,7.012559766666667
1999,7,1999-07-01,26.925,-80.85,0.0026793171999999997,0.6186129032258065,0.21467096774193548,0.32938064516129034,0.1704258064516129,0.3332725806451613,1999-07-16 00:00:00,3.332725806451613,2.6793172
1999,8,1999-08-01,26.925,-80.85,0.0047874016,0.403941935483871,0.44736774193548384,0.2179483870967742,0.21958709677419355,0.32221129032258067,1999-08-16 00:00:00,3.2221129032258067,4.7874016
1999,9,1999-09-01,26.925,-80.85,0.005947803416666667,0.55118,0.43434,0.5621866666666667,0.38777333333333336,0.48386999999999997,1999-09-15 12:00:00,4.838699999999999,5.947803416666667
1999,10,1999-10-01,26.925,-80.85,0.0046342325,0.5768258064516129,0.11552903225806452,0.5415935483870968,0.40640000000000004,0.4100870967741935,1999-10-16 00:00:00,4.100870967741935,4.6342325
1999,11,1999-11-01,26.925,-80.85,0.0014286354833333334,0.01524,0.011853333333333334,0.020319999999999998,0.0067733333333333335,0.013546666666666663,1999-11-15 12:00:00,0.13546666666666662,1.4286354833333335
1999,12,1999-12-01,26.925,-80.85,0.0006411251766666666,0.09176774193548388,0.010651612903225806,0.012290322580645162,0.07538064516129031,0.04752258064516129,1999-12-16 00:00:00,0.4752258064516129,0.6411251766666667
2000,1,2000-01-01,26.925,-80.85,0.000856902605,0.09176774193548386,0.00901290322580645,0.011470967741935482,0.10405806451612903,0.05407741935483871,2000-01-16 00:00:00,0.5407741935483871,0.8569026049999999
2000,2,2000-02-01,26.925,-80.85,0.0008478451066666667,0.06744137931034483,0.01576551724137931,0.053427586206896555,0.056055172413793104,0.04817241379310345,2000-02-15 00:00:00,0.48172413793103447,0.8478451066666667
2000,3,2000-03-01,26.925,-80.85,0.0012509010333333333,0.0721032258064516,0.07128387096774194,0.05489677419354839,0.16469032258064517,0.09074354838709676,2000-03-16 00:00:00,0.9074354838709676,1.2509010333333332
2000,4,2000-04-01,26.925,-80.85,0.0019926588666666664,0.33358666666666664,0.06942666666666666,0.06858,0.5257799999999999,0.24934333333333336,2000-04-15 12:00:00,2.493433333333334,1.9926588666666665
2000,5,2000-05-01,26.925,-80.85,0.000312061075,0.0,0.00983225806451613,0.07783870967741935,0.00901290322580645,0.024170967741935483,2000-05-16 00:00:00,0.24170967741935484,0.312061075
2000,6,2000-06-01,26.925,-80.85,0.00283422775,0.26924000000000003,0.42502666666666666,0.38777333333333336,0.31834666666666667,0.35009666666666667,2000-06-15 12:00:00,3.500966666666667,2.83422775
2000,7,2000-07-01,26.925,-80.85,0.005062698133333333,0.505541935483871,0.24170967741935484,0.19746451612903226,0.30398064516129036,0.3121741935483871,2000-07-16 00:00:00,3.121741935483871,5.062698133333333
2000,8,2000-08-01,26.925,-80.85,0.0032625414333333335,0.41623225806451614,0.05735483870967742,0.2171290322580645,0.20483870967741935,0.22388870967741936,2000-08-16 00:00:00,2.2388870967741936,3.2625414333333334
2000,9,2000-09-01,26.925,-80.85,0.004509894833333333,0.7365999999999999,0.2700866666666667,0.28956,0.39708666666666664,0.4233333333333334,2000-09-15 12:00:00,4.233333333333334,4.509894833333333
2000,10,2000-10-01,26.925,-80.85,0.002542622866666667,0.1351935483870968,0.07865806451612904,0.1605935483870968,0.14010967741935484,0.12863870967741936,2000-10-16 00:00:00,1.2863870967741935,2.542622866666667
2000,11,2000-11-01,26.925,-80.85,0.00039494549500000004,0.014393333333333334,0.03132666666666667,0.019473333333333336,0.045720000000000004,0.027728333333333334,2000-11-15 12:00:00,0.2772833333333333,0.39494549500000004
2000,12,2000-12-01,26.925,-80.85,0.00037593588666666667,0.038509677419354835,0.027038709677419354,0.038509677419354835,0.022941935483870964,0.031749999999999994,2000-12-16 00:00:00,0.31749999999999995,0.37593588666666666
2001,1,2001-01-01,26.925,-80.85,0.00080706956,0.053258064516129036,0.03687096774193548,0.03932903225806452,0.07538064516129031,0.05120967741935484,2001-01-16 00:00:00,0.5120967741935484,0.8070695600000001
2001,2,2001-02-01,26.925,-80.85,0.000151875536,0.013607142857142858,0.0018142857142857142,0.0009071428571428571,0.012700000000000001,0.007257142857142857,2001-02-14 12:00:00,0.07257142857142856,0.15187553599999998
2001,3,2001-03-01,26.925,-80.85,0.004613521216666667,0.23925161290322577,0.053258064516129036,0.09012903225806451,0.25236129032258064,0.15875,2001-03-16 00:00:00,1.5875,4.613521216666667
2001,4,2001-04-01,26.925,-80.85,0.00041132847,0.055880000000000006,0.027093333333333334,0.013546666666666667,0.022013333333333333,0.029633333333333334,2001-04-15 12:00:00,0.29633333333333334,0.41132847
2001,5,2001-05-01,26.925,-80.85,0.002968428416666667,0.2662903225806451,0.06390967741935484,0.046703225806451615,0.5735483870967742,0.23761290322580644,2001-05-16 00:00:00,2.3761290322580644,2.968428416666667
2001,6,2001-06-01,26.925,-80.85,0.0034632801166666668,0.5452533333333334,0.14393333333333333,0.1016,0.09482666666666667,0.22140333333333334,2001-06-15 12:00:00,2.2140333333333335,3.4632801166666667
2001,7,2001-07-01,26.925,-80.85,0.006555265516666666,0.6440129032258065,0.3777225806451613,0.20811612903225807,0.6038645161290322,0.4584290322580646,2001-07-16 00:00:00,4.584290322580646,6.555265516666666
2001,8,2001-08-01,26.925,-80.85,0.0043302909666666665,0.5801032258064516,0.2867741935483871,0.24416774193548388,0.6530258064516129,0.4410177419354839,2001-08-16 00:00:00,4.410177419354839,4.3302909666666665
2001,9,2001-09-01,26.925,-80.85,0.011144074333333332,0.54102,0.4402666666666667,0.5545666666666667,0.8635999999999999,0.5998633333333333,2001-09-15 12:00:00,5.998633333333333,11.144074333333332
2001,10,2001-10-01,26.925,-80.85,0.00241343345,0.36625161290322583,0.04096774193548387,0.2253225806451613,0.36625161290322583,0.2496983870967742,2001-10-16 00:00:00,2.496983870967742,2.41343345
2001,11,2001-11-01,26.925,-80.85,0.0010676126933333334,0.08303846153846153,0.06604,0.03640666666666667,0.10498666666666669,0.06999111111111112,2001-11-15 12:00:00,0.6999111111111112,1.0676126933333334
2001,12,2001-12-01,26.925,-80.85,0.0008649289683333334,0.07112,0.023706666666666668,0.049161290322580646,0.0721032258064516,0.04998064516129029,2001-12-16 00:00:00,0.49980645161290294,0.8649289683333334
2002,1,2002-01-01,26.925,-80.85,0.0006400136433333334,0.09525,0.04834193548387097,0.00901290322580645,0.08029677419354839,0.05284838709677419,2002-01-16 00:00:00,0.5284838709677419,0.6400136433333333
2002,2,2002-02-01,26.925,-80.85,0.002854984566666667,0.0,0.09252857142857142,0.11702142857142858,0.16872857142857148,0.12397619047619048,2002-02-14 12:00:00,1.2397619047619048,2.854984566666667
2002,3,2002-03-01,26.925,-80.85,0.0007650475833333334,0.006554838709677419,0.00901290322580645,0.012262068965517242,0.02867741935483871,0.013929032258064512,2002-03-16 00:00:00,0.1392903225806451,0.7650475833333333
2002,4,2002-04-01,26.925,-80.85,0.0009335353083333334,0.09482666666666667,0.027940000000000003,0.08890000000000002,0.06688666666666668,0.06702777777777777,2002-04-15 12:00:00,0.6702777777777778,0.9335353083333333
2002,5,2002-05-01,26.925,-80.85,0.0021963494333333334,0.21958709677419355,0.04703703703703704,0.06718709677419354,0.13191612903225808,0.11593870967741936,2002-05-16 00:00:00,1.1593870967741935,2.1963494333333333
2002,6,2002-06-01,26.925,-80.85,0.0077638452,0.5266266666666667,0.49711428571428573,0.6036733333333333,0.6256866666666666,0.5554133333333334,2002-06-15 12:00:00,5.5541333333333345,7.7638452000000004
2002,7,2002-07-01,26.925,-80.85,0.004250892733333333,0.3334774193548387,0.44572903225806454,0.38018064516129035,0.47686451612903225,0.4090629032258064,2002-07-16 00:00:00,4.0906290322580645,4.250892733333333
2002,8,2002-08-01,26.925,-80.85,0.003412606783333333,0.2671096774193548,0.23433548387096775,0.39329032258064517,0.5874774193548388,0.3705532258064516,2002-08-16 00:00:00,3.7055322580645162,3.412606783333333
2002,9,2002-09-01,26.925,-80.85,0.0031691348666666665,0.14308666666666667,0.12446,0.08805333333333333,0.33866666666666667,0.17356666666666667,2002-09-15 12:00:00,1.7356666666666667,3.1691348666666666
2002,10,2002-10-01,26.925,-80.85,0.0012684684166666667,0.013929032258064517,0.05489677419354839,0.04096774193548387,0.049161290322580646,0.039738709677419354,2002-10-16 00:00:00,0.39738709677419354,1.2684684166666667
2002,11,2002-11-01,26.925,-80.85,0.0018970048000000002,0.15917333333333336,0.03048,0.06096,0.20743333333333333,0.11451166666666665,2002-11-15 12:00:00,1.1451166666666666,1.8970048000000002
2002,12,2002-12-01,26.925,-80.85,0.0019064577333333334,0.2630129032258065,0.04096774193548387,0.27120645161290324,0.1786193548387097,0.1884516129032258,2002-12-16 00:00:00,1.8845161290322578,1.9064577333333335
2003,1,2003-01-01,26.925,-80.85,0.00129775295,0.08849032258064515,0.010651612903225806,0.011470967741935482,0.1237225806451613,0.05858387096774194,2003-01-16 00:00:00,0.5858387096774194,1.29775295
2003,2,2003-02-01,26.925,-80.85,0.0009337496666666666,0.04082142857142858,0.06622142857142857,0.008164285714285714,0.03537857142857143,0.037646428571428574,2003-02-14 12:00:00,0.37646428571428575,0.9337496666666666
2003,3,2003-03-01,26.925,-80.85,0.0023031991833333335,0.28923225806451613,0.22696129032258064,0.17370322580645162,0.16632903225806453,0.21405645161290324,2003-03-16 00:00:00,2.1405645161290323,2.3031991833333336
2003,4,2003-04-01,26.925,-80.85,0.00102120258,0.13462,0.08466666666666667,0.045720000000000004,0.027940000000000003,0.07323666666666667,2003-04-15 12:00:00,0.7323666666666667,1.02120258
2003,5,2003-05-01,26.925,-80.85,0.0038628072333333333,0.254,0.7988709677419356,0.2621935483870968,0.5145548387096774,0.4574048387096774,2003-05-16 00:00:00,4.574048387096774,3.862807233333333
2003,6,2003-06-01,26.925,-80.85,0.005681641466666667,0.23114,0.5539153846153846,0.27093333333333336,0.34797999999999996,0.3328811111111111,2003-06-15 12:00:00,3.3288111111111114,5.681641466666667
2003,7,2003-07-01,26.925,-80.85,0.0029702151166666664,0.38673548387096773,0.1048774193548387,0.09012903225806451,0.5088193548387098,0.2726403225806452,2003-07-16 00:00:00,2.726403225806452,2.970215116666666
2003,8,2003-08-01,26.925,-80.85,0.005253930883333334,0.38263870967741936,0.2211294117647059,0.27940000000000004,0.8029677419354839,0.4647107526881721,2003-08-16 00:00:00,4.647107526881721,5.253930883333334
2003,9,2003-09-01,26.925,-80.85,0.005295217049999999,0.5215466666666667,0.38608,0.0,0.34544,0.4176888888888889,2003-09-15 12:00:00,4.176888888888889,5.29521705
2003,10,2003-10-01,26.925,-80.85,0.0007650282483333335,0.17206451612903229,0.012290322580645162,0.04974166666666666,0.0254,0.06978172043010752,2003-10-16 00:00:00,0.6978172043010753,0.7650282483333335
2003,11,2003-11-01,26.925,-80.85,0.0015619999666666665,0.10752666666666667,0.11684000000000001,0.12107333333333335,0.03302,0.09461499999999999,2003-11-15 12:00:00,0.9461499999999999,1.5619999666666666
2003,12,2003-12-01,26.925,-80.85,0.00139139025,0.16550967741935482,0.2474451612903226,0.1597741935483871,0.020483870967741936,0.14830322580645164,2003-12-16 00:00:00,1.4830322580645163,1.39139025
2004,1,2004-01-01,26.925,-80.85,0.00117124735,0.09914193548387097,0.14830322580645158,0.16550967741935482,0.07374193548387097,0.1216741935483871,2004-01-16 00:00:00,1.216741935483871,1.17124735
2004,2,2004-02-01,26.925,-80.85,0.0021315401833333332,0.23404285714285716,0.1886857142857143,0.18568275862068967,0.11918461538461539,0.18079252873563217,2004-02-15 00:00:00,1.8079252873563219,2.131540183333333
2004,3,2004-03-01,26.925,-80.85,0.00052642163,0.1950064516129032,0.010651612903225806,0.0016387096774193547,0.01638709677419355,0.05592096774193548,2004-03-16 00:00:00,0.5592096774193548,0.52642163
2004,4,2004-04-01,26.925,-80.85,0.0011015113833333333,0.20828,0.04995333333333333,0.1735666666666667,0.016933333333333335,0.11218333333333333,2004-04-15 12:00:00,1.1218333333333332,1.1015113833333332
2004,5,2004-05-01,26.925,-80.85,0.0007183502866666666,0.0254,0.008193548387096775,0.004916129032258065,0.049161290322580646,0.021917741935483872,2004-05-16 00:00:00,0.21917741935483873,0.7183502866666667
2004,6,2004-06-01,26.925,-80.85,0.002906884183333333,,,,0.11260666666666667,0.11260666666666667,2004-06-15 12:00:00,1.1260666666666668,2.906884183333333
2004,7,2004-07-01,26.925,-80.85,0.00334368755,0.1778,0.5373076923076923,0.33114074074074074,0.3138129032258064,0.3019322580645161,2004-07-16 00:00:00,3.019322580645161,3.3436875500000003
2004,8,2004-08-01,26.925,-80.85,0.00638242575,0.5432322580645161,0.29988387096774194,0.5809225806451613,0.15158064516129033,0.3939048387096774,2004-08-16 00:00:00,3.939048387096774,6.38242575
2004,9,2004-09-01,26.925,-80.85,0.010826981333333333,1.0092266666666667,0.7933266666666667,0.34544,0.6536266666666666,0.700405,2004-09-15 12:00:00,7.00405,10.826981333333332
2004,10,2004-10-01,26.925,-80.85,0.0013522370833333333,0.1343741935483871,0.043425806451612904,0.127,0.17370322580645162,0.11962580645161289,2004-10-16 00:00:00,1.196258064516129,1.3522370833333333
2004,11,2004-11-01,26.925,-80.85,0.0009288724900000001,0.11091333333333334,0.053340000000000005,0.05672666666666667,0.011853333333333332,0.05820833333333332,2004-11-15 12:00:00,0.5820833333333332,0.92887249
2004,12,2004-12-01,26.925,-80.85,0.0015935577166666668,0.0835741935483871,0.0762,0.02867741935483871,0.01556774193548387,0.051004838709677404,2004-12-16 00:00:00,0.510048387096774,1.5935577166666668
2005,1,2005-01-01,26.925,-80.85,0.0017986204499999998,0.10651612903225809,0.05653548387096774,0.011470967741935486,0.0032774193548387094,0.04445,2005-01-16 00:00:00,0.4445,1.7986204499999998
2005,2,2005-02-01,26.925,-80.85,0.0007328169899999999,0.11974285714285715,0.15149285714285715,0.027214285714285715,0.0036285714285714285,0.07551964285714285,2005-02-14 12:00:00,0.7551964285714285,0.7328169899999999
2005,3,2005-03-01,26.925,-80.85,0.0035507268333333335,0.43835483870967745,0.5096387096774194,0.3220357142857143,0.04588387096774194,0.33928118279569885,2005-03-16 00:00:00,3.3928118279569883,3.5507268333333335
2005,4,2005-04-01,26.925,-80.85,0.0031135610833333337,0.15070666666666668,0.23452666666666666,0.14816666666666667,0.08635999999999999,0.15494,2005-04-15 12:00:00,1.5493999999999999,3.113561083333334
2005,5,2005-05-01,26.925,-80.85,0.0019095372999999999,0.4440903225806452,0.18107741935483873,0.22614193548387096,0.21549032258064515,0.2667,2005-05-16 00:00:00,2.667,1.9095372999999998
2005,6,2005-06-01,26.925,-80.85,0.007070752416666666,0.8957733333333333,0.58674,1.1700933333333334,0.9237133333333334,0.8940800000000001,2005-06-15 12:00:00,8.940800000000001,7.070752416666666
2005,7,2005-07-01,26.925,-80.85,0.0033209204,0.2916903225806452,0.33020000000000005,0.3719870967741935,0.12863870967741936,0.2729134408602151,2005-07-16 00:00:00,2.7291344086021505,3.3209204
2005,8,2005-08-01,26.925,-80.85,0.0028589768333333334,0.1630516129032258,0.36707096774193543,0.3195483870967742,0.44572903225806454,0.32384999999999997,2005-08-16 00:00:00,3.2384999999999997,2.858976833333333
2005,9,2005-09-01,26.925,-80.85,0.0025215633166666665,0.24976666666666666,0.20743333333333333,0.32512,0.3063875,0.2662061111111111,2005-09-15 12:00:00,2.662061111111111,2.5215633166666667
2005,10,2005-10-01,26.925,-80.85,0.007191059533333333,0.7734709677419356,0.40990344827586206,0.7071032258064517,0.08466666666666665,0.49468548387096767,2005-10-16 00:00:00,4.946854838709677,7.191059533333333
2005,11,2005-11-01,26.925,-80.85,0.0014866862333333334,0.43518666666666667,0.254,0.3048,0.20743333333333333,0.2851855555555556,2005-11-15 12:00:00,2.851855555555556,1.4866862333333335
2005,12,2005-12-01,26.925,-80.85,0.0005184055033333333,0.04588387096774194,0.040148387096774193,0.015567741935483872,0.01556774193548387,0.029291935483870966,2005-12-16 00:00:00,0.2929193548387097,0.5184055033333334
2006,1,2006-01-01,26.925,-80.85,0.00036175013666666663,0.010651612903225806,0.006554838709677419,0.007374193548387096,0.007374193548387096,0.007988709677419355,2006-01-16 00:00:00,0.07988709677419355,0.3617501366666666
2006,2,2006-02-01,26.925,-80.85,0.00151653005,0.31749999999999995,0.20229285714285714,0.28302857142857146,0.03537857142857143,0.20955,2006-02-14 12:00:00,2.0955,1.5165300499999999
2006,3,2006-03-01,26.925,-80.85,0.0003696631183333333,0.01884516129032258,0.03523225806451613,0.08603225806451614,0.04834193548387097,0.047112903225806455,2006-03-16 00:00:00,0.4711290322580646,0.3696631183333333
2006,4,2006-04-01,26.925,-80.85,0.0014020865666666668,0.0508,0.09652,0.04656666666666667,0.05757333333333334,0.062865,2006-04-15 12:00:00,0.62865,1.4020865666666669
2006,5,2006-05-01,26.925,-80.85,0.0020719421333333333,0.04379310344827586,0.09504516129032257,0.14666451612903225,0.10078064516129033,0.11218333333333333,2006-05-16 00:00:00,1.1218333333333332,2.071942133333333
2006,6,2006-06-01,26.925,-80.85,0.003309323016666666,0.13546666666666668,0.16001999999999997,0.07196666666666668,0.13970000000000002,0.1267883333333333,2006-06-15 12:00:00,1.267883333333333,3.3093230166666663
2006,7,2006-07-01,26.925,-80.85,0.0049816817,0.4113161290322581,0.27284516129032255,0.5497870967741935,0.42934193548387095,0.41582258064516125,2006-07-16 00:00:00,4.158225806451613,4.981681699999999
2006,8,2006-08-01,26.925,-80.85,0.0042092575,0.3433096774193548,0.4555612903225807,0.5964903225806452,0.3973870967741936,0.4481870967741935,2006-08-16 00:00:00,4.481870967741935,4.2092575
2006,9,2006-09-01,26.925,-80.85,0.0035058165,0.14139333333333332,0.10583333333333332,0.5571066666666666,0.2988733333333334,0.27580166666666667,2006-09-15 12:00:00,2.758016666666667,3.5058165
2006,10,2006-10-01,26.925,-80.85,0.0003644375833333333,0.08275483870967743,0.04506451612903225,0.15076129032258065,0.14010967741935484,0.10467258064516129,2006-10-16 00:00:00,1.046725806451613,0.3644375833333333
2006,11,2006-11-01,26.925,-80.85,0.0006111709633333333,0.021166666666666667,0.011006666666666666,0.02032,0.019473333333333332,0.017991666666666666,2006-11-15 12:00:00,0.17991666666666667,0.6111709633333333
2006,12,2006-12-01,26.925,-80.85,0.0017611714166666668,0.0688258064516129,0.06636774193548386,0.06265333333333334,0.12044516129032258,0.08521290322580645,2006-12-16 00:00:00,0.8521290322580645,1.7611714166666668
2007,1,2007-01-01,26.925,-80.85,0.00048189881833333336,0.014748387096774193,0.010651612903225806,0.018845161290322578,0.02785806451612903,0.018025806451612898,2007-01-16 00:00:00,0.18025806451612897,0.48189881833333337
2007,2,2007-02-01,26.925,-80.85,0.0022357338833333333,0.041728571428571434,0.029028571428571428,0.053521428571428574,0.060778571428571425,0.046264285714285716,2007-02-14 12:00:00,0.46264285714285713,2.2357338833333333
2007,3,2007-03-01,26.925,-80.85,0.0005303026716666667,0.020483870967741936,0.0016387096774193547,0.00901290322580645,0.00327741935483871,0.008603225806451613,2007-03-16 00:00:00,0.08603225806451613,0.5303026716666667
2007,4,2007-04-01,26.925,-80.85,0.000851084705,0.08043333333333333,0.042333333333333334,0.03894666666666667,0.03132666666666666,0.04826,2007-04-15 12:00:00,0.4826,0.851084705
2007,5,2007-05-01,26.925,-80.85,0.0012928447833333333,0.11470967741935484,0.09094838709677419,0.09914193548387097,0.08767096774193549,0.09811774193548387,2007-05-16 00:00:00,0.9811774193548386,1.2928447833333334
2007,6,2007-06-01,26.925,-80.85,0.00441930075,0.21759333333333333,0.17272,0.3293533333333334,0.14816666666666667,0.21695833333333334,2007-06-15 12:00:00,2.169583333333333,4.41930075
2007,7,2007-07-01,26.925,-80.85,0.0063093501666666675,0.2764692307692308,0.34167096774193545,0.25318064516129035,0.1089741935483871,0.2415731182795699,2007-07-16 00:00:00,2.415731182795699,6.309350166666667
2007,8,2007-08-01,26.925,-80.85,0.00287018335,0.11768666666666668,0.3498645161290323,0.2679290322580645,0.11143225806451613,0.218494623655914,2007-08-16 00:00:00,2.18494623655914,2.87018335
2007,9,2007-09-01,26.925,-80.85,0.004282063516666667,0.009313333333333333,0.32088666666666665,0.2218266666666667,0.36745333333333335,0.22987,2007-09-15 12:00:00,2.2986999999999997,4.282063516666667
2007,10,2007-10-01,26.925,-80.85,0.004200247916666667,0.11389032258064516,0.39083225806451616,0.24498709677419353,0.1933677419354839,0.23576935483870967,2007-10-16 00:00:00,2.357693548387097,4.200247916666667
2007,11,2007-11-01,26.925,-80.85,0.0005629779016666667,0.04995333333333333,0.021166666666666667,0.013546666666666667,0.021166666666666667,0.02645833333333333,2007-11-15 12:00:00,0.2645833333333333,0.5629779016666666
2007,12,2007-12-01,26.925,-80.85,0.0010267265450000001,0.1524,0.03031612903225807,0.06063225806451613,0.16305161290322584,0.10160000000000001,2007-12-16 00:00:00,1.016,1.026726545
2008,1,2008-01-01,26.925,-80.85,0.0005965378733333333,0.09422580645161291,0.053340000000000005,0.04834193548387097,0.04588387096774193,0.06001774193548387,2008-01-16 00:00:00,0.6001774193548387,0.5965378733333333
2008,2,2008-02-01,26.925,-80.85,0.0014713866,0.1366344827586207,0.23122758620689657,0.14539310344827586,0.0402896551724138,0.13838620689655173,2008-02-15 00:00:00,1.3838620689655174,1.4713866
2008,3,2008-03-01,26.925,-80.85,0.0025459935666666666,0.2335161290322581,0.3261032258064517,0.15321935483870966,0.08111612903225807,0.19848870967741936,2008-03-16 00:00:00,1.9848870967741936,2.5459935666666667
2008,4,2008-04-01,26.925,-80.85,0.0030182510666666666,0.2379133333333333,0.14816666666666667,0.07112,0.16256,0.15494,2008-04-15 12:00:00,1.5493999999999999,3.0182510666666666
2008,5,2008-05-01,26.925,-80.85,0.0014197563999999998,0.2245032258064516,0.1605935483870968,0.0942258064516129,0.12945806451612904,0.15219516129032257,2008-05-16 00:00:00,1.5219516129032256,1.4197563999999998
2008,6,2008-06-01,26.925,-80.85,0.006026887633333334,0.6155266666666666,0.27177999999999997,0.5799666666666667,0.35136666666666666,0.45465999999999995,2008-06-15 12:00:00,4.5466,6.0268876333333345
2008,7,2008-07-01,26.925,-80.85,0.00493675595,0.4645741935483871,0.6055032258064517,0.3457677419354839,0.42770322580645165,0.46088709677419354,2008-07-16 00:00:00,4.608870967741935,4.93675595
2008,8,2008-08-01,26.925,-80.85,0.009449550166666666,0.7710129032258065,1.3093290322580644,0.9291483870967742,1.0356645161290323,1.0112887096774192,2008-08-16 00:00:00,10.112887096774193,9.449550166666667
2008,9,2008-09-01,26.925,-80.85,0.00378858065,0.18457333333333334,0.3488266666666667,0.43518666666666667,0.2777066666666667,0.31157333333333337,2008-09-15 12:00:00,3.115733333333334,3.78858065
2008,10,2008-10-01,26.925,-80.85,0.004184120233333334,0.08685161290322581,0.27284516129032255,0.06227096774193549,0.07538064516129032,0.12433709677419354,2008-10-16 00:00:00,1.2433709677419353,4.184120233333334
2008,11,2008-11-01,26.925,-80.85,0.0006309325533333333,0.06265333333333332,0.10244666666666666,0.016086666666666666,0.04318,0.05609166666666664,2008-11-15 12:00:00,0.5609166666666664,0.6309325533333333
2008,12,2008-12-01,26.925,-80.85,0.0005074795416666666,0.08849032258064517,0.09914193548387097,0.05817419354838709,0.07456129032258065,0.08009193548387097,2008-12-16 00:00:00,0.8009193548387097,0.5074795416666666
2009,1,2009-01-01,26.925,-80.85,0.00041021895166666665,0.05653548387096774,0.01966451612903226,0.006554838709677419,0.010651612903225806,0.0233516129032258,2009-01-16 00:00:00,0.233516129032258,0.41021895166666666
2009,2,2009-02-01,26.925,-80.85,0.000181222315,0.01905,0.0054428571428571425,0.012700000000000001,0.027214285714285715,0.016101785714285714,2009-02-14 12:00:00,0.16101785714285716,0.181222315
2009,3,2009-03-01,26.925,-80.85,0.0010508522166666667,0.0581741935483871,0.08193548387096775,0.021303225806451612,0.06718709677419354,0.05715,2009-03-16 00:00:00,0.5715,1.0508522166666667
2009,4,2009-04-01,26.925,-80.85,0.00032340976,0.03471333333333334,0.0016933333333333334,0.011853333333333334,0.0008466666666666667,0.012276666666666665,2009-04-15 12:00:00,0.12276666666666665,0.32340976
2009,5,2009-05-01,26.925,-80.85,0.0066319816,0.40558064516129033,0.2605548387096774,0.3252838709677419,0.6685935483870968,0.4150032258064516,2009-05-16 00:00:00,4.150032258064516,6.6319816
2009,6,2009-06-01,26.925,-80.85,0.005861628783333333,0.5367866666666666,0.55372,0.6561666666666667,0.4588933333333333,0.5513916666666666,2009-06-15 12:00:00,5.513916666666666,5.861628783333333
2009,7,2009-07-01,26.925,-80.85,0.004704989416666667,0.30889677419354844,0.4670322580645162,0.4604774193548387,0.3187290322580645,0.388783870967742,2009-07-16 00:00:00,3.88783870967742,4.704989416666667
2009,8,2009-08-01,26.925,-80.85,0.0033422551833333335,0.28431612903225806,0.14256774193548388,0.46621290322580644,0.27940000000000004,0.2931241935483871,2009-08-16 00:00:00,2.931241935483871,3.3422551833333336
2009,9,2009-09-01,26.925,-80.85,0.003982701833333334,0.11430000000000001,0.11514666666666667,0.21336000000000002,0.12954000000000002,0.14470944444444445,2009-09-15 12:00:00,1.4470944444444445,3.9827018333333335
2009,10,2009-10-01,26.925,-80.85,0.0005264709766666667,0.021303225806451612,0.0655483870967742,0.2736645161290323,0.0254,0.09647903225806452,2009-10-16 00:00:00,0.9647903225806452,0.5264709766666668
2009,11,2009-11-01,26.925,-80.85,0.0019526413333333336,0.053340000000000005,0.005926666666666667,0.048260000000000004,0.050800000000000005,0.03958166666666667,2009-11-15 12:00:00,0.3958166666666667,1.9526413333333335
2009,12,2009-12-01,26.925,-80.85,0.0018110076833333334,0.29988387096774194,0.0,0.14420645161290324,0.1376516129032258,0.17001612903225805,2009-12-16 00:00:00,1.7001612903225805,1.8110076833333333
2010,1,2010-01-01,26.925,-80.85,0.0013510897833333335,0.09750322580645161,0.05161935483870967,0.10979354838709678,0.1204451612903226,0.09484032258064516,2010-01-16 00:00:00,0.9484032258064516,1.3510897833333335
2010,2,2010-02-01,26.925,-80.85,0.0025958136666666665,0.11157857142857143,0.07620000000000002,0.17235714285714288,0.15602857142857143,0.1290410714285714,2010-02-14 12:00:00,1.2904107142857142,2.5958136666666665
2010,3,2010-03-01,26.925,-80.85,0.004624312116666667,0.33511612903225807,0.4047612903225806,0.5841999999999999,0.48260000000000003,0.4516693548387097,2010-03-16 00:00:00,4.516693548387097,4.624312116666667
2010,4,2010-04-01,26.925,-80.85,0.002814079283333333,0.20997333333333332,0.03766206896551724,0.34035999999999994,0.49445333333333336,0.2710038888888889,2010-04-15 12:00:00,2.7100388888888887,2.8140792833333332
2010,5,2010-05-01,26.925,-80.85,0.0016089613333333333,0.17370322580645162,0.04116551724137931,0.1884516129032258,0.36707096774193554,0.20258548387096773,2010-05-16 00:00:00,2.025854838709677,1.6089613333333332
2010,6,2010-06-01,26.925,-80.85,0.004056204616666667,0.3318933333333334,0.07789333333333334,0.2881586206896552,0.25654,0.25569333333333333,2010-06-15 12:00:00,2.5569333333333333,4.056204616666667
2010,7,2010-07-01,26.925,-80.85,0.0038806347166666665,0.5350387096774194,0.07707586206896551,0.6284451612903226,0.3121741935483871,0.3869403225806452,2010-07-16 00:00:00,3.869403225806452,3.8806347166666666
2010,8,2010-08-01,26.925,-80.85,0.006341174266666667,0.3203677419354839,0.0038099999999999996,0.6669548387096774,0.7333225806451613,0.4826,2010-08-16 00:00:00,4.826,6.341174266666667
2010,9,2010-09-01,26.925,-80.85,0.0036665575166666665,0.35983333333333334,0.09906,0.20743333333333336,0.15663333333333332,0.20574,2010-09-15 12:00:00,2.0574,3.6665575166666664
2010,10,2010-10-01,26.925,-80.85,0.0006562285916666666,0.008193548387096775,0.004916129032258064,0.013109677419354837,0.023761290322580647,0.01249516129032258,2010-10-16 00:00:00,0.12495161290322579,0.6562285916666666
2010,11,2010-11-01,26.925,-80.85,0.0011451088333333333,0.05842,0.048260000000000004,0.06011333333333333,0.03217333333333333,0.04974166666666667,2010-11-15 12:00:00,0.49741666666666673,1.1451088333333332
2010,12,2010-12-01,26.925,-80.85,0.0007928884516666667,0.038509677419354835,0.0434258064516129,0.04096774193548387,0.06063225806451613,0.04588387096774192,2010-12-16 00:00:00,0.45883870967741924,0.7928884516666667
2011,1,2011-01-01,26.925,-80.85,0.0016256171666666668,0.09340645161290323,0.17534193548387098,0.1999225806451613,0.15321935483870966,0.15547258064516128,2011-01-16 00:00:00,1.554725806451613,1.6256171666666668
2011,2,2011-02-01,26.925,-80.85,0.0006753101416666667,0.01905,0.02812142857142857,0.02812142857142857,0.034471428571428576,0.027441071428571422,2011-02-14 12:00:00,0.27441071428571423,0.6753101416666667
2011,3,2011-03-01,26.925,-80.85,0.0007106708383333334,0.19009032258064515,0.18517419354838707,0.21385161290322582,0.33101935483870965,0.23003387096774194,2011-03-16 00:00:00,2.3003387096774195,0.7106708383333333
2011,4,2011-04-01,26.925,-80.85,0.0006979589066666666,0.07958666666666667,0.10329333333333332,0.029633333333333334,0.027093333333333337,0.059901666666666666,2011-04-15 12:00:00,0.5990166666666666,0.6979589066666666
2011,5,2011-05-01,26.925,-80.85,0.0014046786833333332,0.01966451612903226,0.05161935483870967,0.09586451612903225,0.05243870967741935,0.05489677419354839,2011-05-16 00:00:00,0.5489677419354839,1.4046786833333331
2011,6,2011-06-01,26.925,-80.85,0.0029606774666666668,0.34120666666666666,0.48175333333333337,0.29633333333333334,0.4758266666666666,0.39878,2011-06-15 12:00:00,3.9878,2.9606774666666666
2011,7,2011-07-01,26.925,-80.85,0.004194980066666667,0.17206451612903229,0.4342580645161291,0.25154193548387094,0.15403870967741934,0.2529758064516129,2011-07-16 00:00:00,2.5297580645161286,4.194980066666667
2011,8,2011-08-01,26.925,-80.85,0.005651121316666667,0.42442580645161293,0.22368387096774195,0.43507741935483873,0.2624666666666667,0.34651881720430106,2011-08-16 00:00:00,3.4651881720430104,5.651121316666667
2011,9,2011-09-01,26.925,-80.85,0.005302271533333333,0.28448,0.22352000000000002,0.4123266666666667,0.27093333333333336,0.297815,2011-09-15 12:00:00,2.97815,5.302271533333333
2011,10,2011-10-01,26.925,-80.85,0.006071447016666666,0.47030967741935487,0.434258064516129,0.3646129032258065,0.3490451612903226,0.40455645161290327,2011-10-16 00:00:00,4.045564516129033,6.071447016666666
2011,11,2011-11-01,26.925,-80.85,0.000410985635,0.03302000000000001,0.009313333333333333,0.024553333333333333,0.04064,0.02688166666666666,2011-11-15 12:00:00,0.2688166666666666,0.410985635
2011,12,2011-12-01,26.925,-80.85,0.000541399085,0.03084285714285714,0.0360516129032258,0.11880645161290322,0.053258064516129036,0.058993548387096764,2011-12-16 00:00:00,0.5899354838709676,0.541399085
2012,1,2012-01-01,26.925,-80.85,0.00013369446666666667,0.010651612903225806,0.018845161290322578,0.0040967741935483875,0.020483870967741936,0.013519354838709679,2012-01-16 00:00:00,0.1351935483870968,0.13369446666666668
2012,2,2012-02-01,26.925,-80.85,0.0005222836783333333,0.02257777777777778,0.028903448275862068,0.035910344827586205,0.018393103448275865,0.026056896551724135,2012-02-15 00:00:00,0.26056896551724135,0.5222836783333333
2012,3,2012-03-01,26.925,-80.85,0.0007922579516666667,0.20565806451612903,0.046703225806451615,0.04096774193548387,0.08357419354838709,0.09422580645161291,2012-03-16 00:00:00,0.9422580645161291,0.7922579516666667
2012,4,2012-04-01,26.925,-80.85,0.0024146332166666666,0.20828,0.18626666666666666,0.20743333333333336,0.3217333333333333,0.23092833333333335,2012-04-15 12:00:00,2.3092833333333336,2.4146332166666666
2012,5,2012-05-01,26.925,-80.85,0.0032552712500000004,0.33511612903225807,0.5940322580645161,0.20893548387096775,0.16705384615384616,0.37861021505376347,2012-05-16 00:00:00,3.7861021505376344,3.2552712500000003
2012,6,2012-06-01,26.925,-80.85,0.0067218952666666665,0.6925733333333334,0.4428066666666667,0.28702,0.58166,0.501015,2012-06-15 12:00:00,5.010149999999999,6.7218952666666665
2012,7,2012-07-01,26.925,-80.85,0.0032881372666666666,0.15895483870967742,0.22696129032258064,0.2908709677419355,0.22696129032258064,0.22593709677419355,2012-07-16 00:00:00,2.2593709677419356,3.288137266666667
2012,8,2012-08-01,26.925,-80.85,0.005618833016666667,1.0373032258064516,0.850490322580645,0.9897806451612903,1.1135032258064517,0.9977693548387098,2012-08-16 00:00:00,9.977693548387098,5.618833016666668
2012,9,2012-09-01,26.925,-80.85,0.0033896561666666666,0.3623733333333333,0.5520266666666667,0.35306000000000004,0.5325533333333333,0.4500033333333333,2012-09-15 12:00:00,4.500033333333333,3.3896561666666667
2012,10,2012-10-01,26.925,-80.85,0.002705247216666667,0.16141290322580645,0.31135483870967745,0.13683225806451615,0.3924709677419355,0.2505177419354839,2012-10-16 00:00:00,2.5051774193548386,2.705247216666667
2012,11,2012-11-01,26.925,-80.85,0.00020110188166666665,0.0008466666666666667,0.0016933333333333334,0.16425333333333333,0.011006666666666666,0.04445,2012-11-15 12:00:00,0.4445,0.20110188166666665
2012,12,2012-12-01,26.925,-80.85,0.00115639026,0.11634838709677418,0.12781935483870968,0.11061290322580646,0.12863870967741936,0.1208548387096774,2012-12-16 00:00:00,1.2085483870967741,1.15639026
2013,1,2013-01-01,26.925,-80.85,0.00036640105999999995,0.06390967741935484,0.08805333333333333,0.07046451612903226,0.03441290322580645,0.06384139784946237,2013-01-16 00:00:00,0.6384139784946237,0.36640105999999995
2013,2,2013-02-01,26.925,-80.85,0.00128121055,0.16963571428571428,0.15965714285714286,0.25762857142857143,0.24764999999999998,0.20864285714285713,2013-02-14 12:00:00,2.0864285714285713,1.28121055
2013,3,2013-03-01,26.925,-80.85,0.00109434246,0.0401483870967742,0.09668387096774195,0.17206451612903229,0.11962580645161289,0.10713064516129031,2013-03-16 00:00:00,1.0713064516129032,1.09434246
2013,4,2013-04-01,26.925,-80.85,0.003126283033333333,0.11260666666666667,0.11938,0.08551333333333334,0.12107333333333332,0.10964333333333333,2013-04-15 12:00:00,1.0964333333333334,3.1262830333333333
2013,5,2013-05-01,26.925,-80.85,0.004949525,0.693821052631579,0.20975483870967743,0.5604387096774194,0.6014064516129033,0.5011720430107528,2013-05-16 00:00:00,5.011720430107528,4.9495249999999995
2013,6,2013-06-01,26.925,-80.85,0.006817864883333333,0.42333333333333334,0.5528733333333332,0.6316133333333334,0.6544733333333334,0.6096,2013-06-15 12:00:00,6.096,6.817864883333334
2013,7,2013-07-01,26.925,-80.85,0.0068750257499999995,0.6055032258064516,0.6587612903225806,0.5973096774193548,0.5571612903225807,0.6046838709677419,2013-07-16 00:00:00,6.046838709677419,6.87502575
2013,8,2013-08-01,26.925,-80.85,0.0032022590000000003,0.44572903225806454,0.3195483870967742,0.23187741935483872,0.14338709677419356,0.28513548387096777,2013-08-16 00:00:00,2.8513548387096774,3.202259
2013,9,2013-09-01,26.925,-80.85,0.004918539333333334,0.33358666666666664,0.33866666666666667,0.39624,0.3361266666666667,0.351155,2013-09-15 12:00:00,3.5115499999999997,4.918539333333333
2013,10,2013-10-01,26.925,-80.85,0.00030302085333333334,0.0327741935483871,0.06390967741935484,0.07374193548387097,0.14748387096774193,0.07947741935483871,2013-10-16 00:00:00,0.7947741935483871,0.30302085333333334
2013,11,2013-11-01,26.925,-80.85,0.0014265517833333332,0.10922,0.05842,0.026246666666666665,0.03979333333333333,0.05841999999999999,2013-11-15 12:00:00,0.5841999999999999,1.4265517833333332
2013,12,2013-12-01,26.925,-80.85,0.00033268368999999997,0.027038709677419358,0.00983225806451613,0.05161935483870968,0.007374193548387097,0.023966129032258063,2013-12-16 00:00:00,0.23966129032258063,0.33268369
2014,1,2014-01-01,26.925,-80.85,0.0022332790499999997,0.1450258064516129,0.18763225806451614,0.21385161290322582,0.20401935483870967,0.18763225806451614,2014-01-16 00:00:00,1.8763225806451613,2.2332790499999997
2014,2,2014-02-01,26.925,-80.85,0.0012207850833333333,0.10069285714285714,0.16419285714285717,0.23495,0.18142857142857144,0.17031607142857144,2014-02-14 12:00:00,1.7031607142857144,1.2207850833333334
2014,3,2014-03-01,26.925,-80.85,0.0023035147000000002,0.19254838709677422,0.19828387096774194,0.1630516129032258,0.13601290322580645,0.1724741935483871,2014-03-16 00:00:00,1.7247419354838711,2.3035147
2014,4,2014-04-01,26.925,-80.85,0.0011102546333333332,0.11514666666666666,0.07027333333333334,0.11684,0.13546666666666668,0.10943166666666666,2014-04-15 12:00:00,1.0943166666666666,1.1102546333333332
2014,5,2014-05-01,26.925,-80.85,0.0024125078333333333,0.12863870967741936,0.1827161290322581,0.29988387096774194,0.2646516129032258,0.2189725806451613,2014-05-16 00:00:00,2.189725806451613,2.412507833333333
2014,6,2014-06-01,26.925,-80.85,0.0034926287,1.1768666666666665,0.55626,0.6883400000000001,0.39962666666666663,0.7052733333333333,2014-06-15 12:00:00,7.052733333333333,3.4926287
2014,7,2014-07-01,26.925,-80.85,0.005089262483333333,0.535858064516129,0.3187290322580645,0.6136967741935484,0.48423870967741933,0.48813064516129034,2014-07-16 00:00:00,4.881306451612904,5.089262483333333
2014,8,2014-08-01,26.925,-80.85,0.0034253092833333334,0.2507225806451613,0.47686451612903225,0.4137741935483871,0.40230322580645167,0.3859161290322581,2014-08-16 00:00:00,3.859161290322581,3.4253092833333336
2014,9,2014-09-01,26.925,-80.85,0.007242182883333333,0.33104666666666666,0.59436,0.5909733333333332,0.45466,0.49276,2014-09-15 12:00:00,4.9276,7.242182883333333
2014,10,2014-10-01,26.925,-80.85,0.0010009211566666667,0.44654838709677425,0.08408275862068966,0.4506451612903226,0.3859161290322581,0.3404419354838709,2014-10-16 00:00:00,3.4044193548387094,1.0009211566666667
2014,11,2014-11-01,26.925,-80.85,0.0021732767833333336,0.1524,0.13546666666666668,0.12784666666666666,0.15663333333333332,0.14308666666666667,2014-11-15 12:00:00,1.4308666666666667,2.1732767833333337
2014,12,2014-12-01,26.925,-80.85,0.00047847798499999996,0.0729225806451613,0.04588387096774193,0.03441290322580645,0.03687096774193548,0.04752258064516129,2014-12-16 00:00:00,0.4752258064516129,0.47847798499999994
2015,1,2015-01-01,26.925,-80.85,0.001071460925,0.08357419354838709,0.053258064516129036,0.02867741935483871,0.010651612903225806,0.044040322580645164,2015-01-16 00:00:00,0.44040322580645164,1.071460925
2015,2,2015-02-01,26.925,-80.85,0.0029845950666666666,0.3347357142857143,0.22769285714285714,0.2866571428571429,0.18052142857142858,0.25740178571428574,2015-02-14 12:00:00,2.5740178571428576,2.9845950666666665
2015,3,2015-03-01,26.925,-80.85,0.0017339452833333333,0.04096774193548387,0.02785806451612903,0.03687096774193548,0.05161935483870968,0.03932903225806452,2015-03-16 00:00:00,0.3932903225806452,1.7339452833333333
2015,4,2015-04-01,26.925,-80.85,0.00326749525,0.28956,0.41740666666666665,0.2607733333333333,0.2506133333333333,0.3045883333333333,2015-04-15 12:00:00,3.045883333333333,3.26749525
2015,5,2015-05-01,26.925,-80.85,0.00115542905,0.1851741935483871,0.06063225806451613,0.0876709677419355,0.06800645161290322,0.10037096774193548,2015-05-16 00:00:00,1.0037096774193548,1.15542905
2015,6,2015-06-01,26.925,-80.85,0.003239920066666667,0.6968066666666667,0.3048,0.14054666666666668,0.31072666666666665,0.36322,2015-06-15 12:00:00,3.6322,3.239920066666667
2015,7,2015-07-01,26.925,-80.85,0.0027287375166666667,0.459658064516129,0.3990258064516129,0.02294193548387097,0.38919354838709674,0.31770483870967736,2015-07-16 00:00:00,3.1770483870967734,2.7287375166666665
2015,8,2015-08-01,26.925,-80.85,0.004100357066666667,0.3539612903225806,0.4399935483870968,0.27093333333333336,0.4916129032258065,0.40892634408602146,2015-08-16 00:00:00,4.089263440860215,4.100357066666667
2015,9,2015-09-01,26.925,-80.85,0.004705862466666667,0.4385733333333333,0.4572,0.3818466666666667,0.26331333333333334,0.38523333333333337,2015-09-15 12:00:00,3.8523333333333336,4.705862466666667
2015,10,2015-10-01,26.925,-80.85,0.00085431454,0.0802967741935484,0.19664516129032258,0.19828387096774194,0.08930967741935485,0.14113387096774194,2015-10-16 00:00:00,1.4113387096774193,0.8543145400000001
2015,11,2015-11-01,26.925,-80.85,0.0013974611666666666,0.20489333333333332,0.03668888888888889,0.26331333333333334,0.4157133333333334,0.2802466666666667,2015-11-15 12:00:00,2.802466666666667,1.3974611666666665
2015,12,2015-12-01,26.925,-80.85,0.0024673311666666667,0.18353548387096777,0.09550399999999999,0.15649677419354838,0.2638322580645161,0.20354139784946235,2015-12-16 00:00:00,2.0354139784946232,2.467331166666667
2016,1,2016-01-01,26.925,-80.85,0.0039781538,0.5694516129032258,1.0140461538461538,0.6677741935483871,1.3652499999999999,0.657941935483871,2016-01-16 00:00:00,6.57941935483871,3.9781538000000003
2016,2,2016-02-01,26.925,-80.85,0.0020607422833333333,0.16594666666666666,0.254,0.16378620689655174,0.20057241379310342,0.20553563218390808,2016-02-15 00:00:00,2.055356321839081,2.060742283333333
2016,3,2016-03-01,26.925,-80.85,0.0032985791666666664,0.0,0.2679290322580646,0.06736521739130434,0.1999225806451613,0.22661989247311828,2016-03-16 00:00:00,2.266198924731183,3.2985791666666664
2016,4,2016-04-01,26.925,-80.85,0.0009585770266666667,0.12869333333333333,0.06773333333333334,0.0,0.07522307692307692,0.08551333333333332,2016-04-15 12:00:00,0.8551333333333332,0.9585770266666667
2016,5,2016-05-01,26.925,-80.85,0.004686811333333333,0.255016,0.3990258064516129,0.4760451612903226,0.7579032258064516,0.5237725806451613,2016-05-16 00:00:00,5.237725806451613,4.686811333333333
2016,6,2016-06-01,26.925,-80.85,0.006475361733333333,0.5367866666666666,0.41402,0.7018866666666667,0.6214533333333333,0.5685366666666667,2016-06-15 12:00:00,5.685366666666667,6.475361733333333
2016,7,2016-07-01,26.925,-80.85,0.0054201689166666666,0.19664516129032258,0.41049677419354835,0.1363578947368421,0.007470588235294118,0.28848118279569895,2016-07-16 00:00:00,2.8848118279569896,5.4201689166666664
2016,8,2016-08-01,26.925,-80.85,0.007427378133333333,0.7726516129032257,0.3867354838709678,0.8778874999999999,0.5686322580645161,0.5895258064516129,2016-08-16 00:00:00,5.895258064516129,7.427378133333333
2016,9,2016-09-01,26.925,-80.85,0.007087388333333333,0.45974000000000004,0.5317066666666667,0.4513384615384616,0.2980266666666667,0.4661605555555556,2016-09-15 12:00:00,4.661605555555556,7.087388333333333
2016,10,2016-10-01,26.925,-80.85,0.003952782433333334,0.15895483870967744,0.09914193548387099,0.20565806451612906,0.21549032258064515,0.16981129032258063,2016-10-16 00:00:00,1.6981129032258062,3.9527824333333337
2016,11,2016-11-01,26.925,-80.85,0.00020803273500000002,0.00762,0.01778,0.0,0.01524,0.010512777777777772,2016-11-15 12:00:00,0.10512777777777772,0.20803273500000002
2016,12,2016-12-01,26.925,-80.85,0.0005377238416666667,0.01226206896551724,0.09668387096774193,0.06180666666666667,0.026219354838709675,0.0515510752688172,2016-12-16 00:00:00,0.515510752688172,0.5377238416666668
2017,1,2017-01-01,26.925,-80.85,0.0011222219000000002,0.07046451612903226,0.0729225806451613,0.06636774193548386,0.06063225806451613,0.06759677419354838,2017-01-16 00:00:00,0.6759677419354838,1.1222219000000002
2017,2,2017-02-01,26.925,-80.85,0.0009571797983333333,0.03537857142857143,0.02902857142857143,0.02630714285714286,0.04445,0.03379107142857143,2017-02-14 12:00:00,0.3379107142857143,0.9571797983333333
2017,3,2017-03-01,26.925,-80.85,0.0003770572733333333,0.026246666666666665,0.08111612903225805,0.08439354838709677,0.021303225806451612,0.06500215053763443,2017-03-16 00:00:00,0.6500215053763443,0.37705727333333333
2017,4,2017-04-01,26.925,-80.85,0.0012075807100000002,0.02286,0.19727333333333333,0.14054666666666668,0.11430000000000003,0.118745,2017-04-15 12:00:00,1.1874500000000001,1.2075807100000002
2017,5,2017-05-01,26.925,-80.85,0.00221738065,0.21458620689655172,0.23515483870967743,0.2072967741935484,0.27612258064516126,0.23078494623655915,2017-05-16 00:00:00,2.3078494623655916,2.21738065
2017,6,2017-06-01,26.925,-80.85,0.008020054583333333,0.7252137931034484,0.6451600000000001,0.7052733333333333,0.86868,0.7377288888888889,2017-06-15 12:00:00,7.377288888888889,8.020054583333334
2017,7,2017-07-01,26.925,-80.85,0.006769410016666667,0.36707096774193554,0.4145935483870968,0.4907935483870968,0.42278709677419357,0.42381129032258064,2017-07-16 00:00:00,4.238112903225806,6.769410016666667
2017,8,2017-08-01,26.925,-80.85,0.00694182515,0.14748387096774193,0.42770322580645165,0.23105806451612904,0.24744516129032257,0.2634225806451613,2017-08-16 00:00:00,2.634225806451613,6.94182515
2017,9,2017-09-01,26.925,-80.85,0.0095548631,0.7662333333333333,0.8204199999999999,0.6510866666666666,0.8111066666666666,0.7622116666666666,2017-09-15 12:00:00,7.622116666666666,9.5548631
2017,10,2017-10-01,26.925,-80.85,0.0069171190166666665,0.7450666666666667,0.459658064516129,0.7144774193548388,0.6366387096774194,0.5846779569892473,2017-10-16 00:00:00,5.8467795698924725,6.917119016666667
2017,11,2017-11-01,26.925,-80.85,0.0006920298850000001,0.15155333333333332,0.05926666666666667,0.09906000000000001,0.07281333333333334,0.09567333333333333,2017-11-15 12:00:00,0.9567333333333333,0.6920298850000001
2017,12,2017-12-01,26.925,-80.85,0.0006046687066666666,0.12290322580645162,0.09012903225806451,0.18189677419354838,0.13437419354838712,0.1323258064516129,2017-12-16 00:00:00,1.323258064516129,0.6046687066666666
2018,1,2018-01-01,26.925,-80.85,0.00175943825,0.11880645161290322,0.1163483870967742,0.10078064516129033,0.07947741935483871,0.10385322580645161,2018-01-16 00:00:00,1.038532258064516,1.7594382499999999
2018,2,2018-02-01,26.925,-80.85,0.0003300566866666667,0.08527142857142857,0.04717142857142857,0.04717142857142857,0.04898571428571429,0.05714999999999999,2018-02-14 12:00:00,0.5714999999999999,0.33005668666666665
2018,3,2018-03-01,26.925,-80.85,0.0003767660066666667,0.06636774193548388,0.04588387096774194,0.02212258064516129,0.0254,0.039943548387096774,2018-03-16 00:00:00,0.3994354838709677,0.37676600666666665
2018,4,2018-04-01,26.925,-80.85,0.00295863045,0.18457333333333334,0.12446,0.20489333333333332,0.09821333333333333,0.153035,2018-04-15 12:00:00,1.53035,2.95863045
2018,5,2018-05-01,26.925,-80.85,0.009673830166666666,0.8832645161290322,0.5129161290322581,0.7062838709677419,1.0430387096774194,0.7863758064516129,2018-05-16 00:00:00,7.863758064516128,9.673830166666667
2018,6,2018-06-01,26.925,-80.85,0.006561094216666666,0.37845999999999996,0.28617333333333334,0.3767666666666667,0.25569333333333333,0.3242733333333333,2018-06-15 12:00:00,3.242733333333333,6.561094216666667
2018,7,2018-07-01,26.925,-80.85,0.0063263699333333335,0.1704258064516129,0.23597419354838708,0.34003225806451615,0.5194709677419355,0.31647580645161294,2018-07-16 00:00:00,3.1647580645161293,6.326369933333334
2018,8,2018-08-01,26.925,-80.85,0.007445275883333334,0.3211870967741936,0.4145935483870968,0.2605548387096774,0.5006258064516129,0.37424032258064516,2018-08-16 00:00:00,3.7424032258064517,7.445275883333334
2018,9,2018-09-01,26.925,-80.85,0.004266319233333334,0.4233333333333333,0.2890344827586207,0.23452666666666666,0.17017999999999997,0.2770716666666667,2018-09-15 12:00:00,2.770716666666667,4.266319233333334
2018,10,2018-10-01,26.925,-80.85,0.0014166465,0.1302774193548387,0.05899354838709678,0.13519354838709677,0.14256774193548388,0.11675806451612905,2018-10-16 00:00:00,1.1675806451612905,1.4166465000000001
2018,11,2018-11-01,26.925,-80.85,0.00101705535,0.14224,0.10922,0.041486666666666665,0.054186666666666675,0.08678333333333335,2018-11-15 12:00:00,0.8678333333333335,1.01705535
2018,12,2018-12-01,26.925,-80.85,0.0014989526500000002,0.10733548387096774,0.16059354838709677,0.08029677419354839,0.1442064516129032,0.12310806451612903,2018-12-16 00:00:00,1.2310806451612903,1.4989526500000003
2019,1,2019-01-01,26.925,-80.85,0.0029201266166666664,0.34249032258064516,0.32692258064516133,0.32364516129032256,0.002208695652173913,0.3312924731182796,2019-01-16 00:00:00,3.312924731182796,2.9201266166666664
2019,2,2019-02-01,26.925,-80.85,0.0018596458333333336,0.12065,0.09615714285714286,0.10069285714285714,0.1251857142857143,0.11067142857142856,2019-02-14 12:00:00,1.1067142857142855,1.8596458333333337
2019,3,2019-03-01,26.925,-80.85,0.0021629862833333333,0.12863870967741936,0.08275483870967741,0.062270967741935475,0.09094838709677419,0.0911532258064516,2019-03-16 00:00:00,0.911532258064516,2.1629862833333333
2019,4,2019-04-01,26.925,-80.85,0.0009134629833333334,0.1735666666666667,0.1143,0.045720000000000004,0.05926666666666667,0.09821333333333333,2019-04-15 12:00:00,0.9821333333333333,0.9134629833333333
2019,5,2019-05-01,26.925,-80.85,0.003918234983333334,0.30561935483870967,0.2064774193548387,0.1409290322580645,0.14174838709677418,0.19869354838709677,2019-05-16 00:00:00,1.9869354838709676,3.9182349833333334
2019,6,2019-06-01,26.925,-80.85,0.007670865833333333,0.38354,0.7865533333333334,0.8144933333333333,0.6858,0.6675966666666667,2019-06-15 12:00:00,6.6759666666666675,7.670865833333333
2019,7,2019-07-01,26.925,-80.85,0.005689131783333333,0.38673548387096773,0.36051612903225805,0.6972709677419355,0.35314193548387096,0.449416129032258,2019-07-16 00:00:00,4.49416129032258,5.689131783333333
2019,8,2019-08-01,26.925,-80.85,0.009417074499999999,0.8447548387096774,0.723392,0.2933290322580645,0.4375354838709678,0.5761430107526881,2019-08-16 00:00:00,5.7614301075268815,9.417074499999998
2019,9,2019-09-01,26.925,-80.85,0.00197538735,0.1778,0.11260666666666667,0.09313333333333333,0.11853333333333334,0.12551833333333334,2019-09-15 12:00:00,1.2551833333333335,1.9753873499999999
2019,10,2019-10-01,26.925,-80.85,0.002570772566666667,0.21296923076923074,0.20658666666666667,0.24826451612903228,0.28513548387096777,0.2390467741935484,2019-10-16 00:00:00,2.390467741935484,2.5707725666666668
2019,11,2019-11-01,26.925,-80.85,0.0010057986416666667,0.05757333333333334,0.17187333333333335,0.051816,0.12361333333333334,0.1033638888888889,2019-11-15 12:00:00,1.033638888888889,1.0057986416666667
2019,12,2019-12-01,26.925,-80.85,0.0022285302499999997,0.2351548387096774,0.18505714285714286,0.20483870967741938,0.09832258064516129,0.17773172043010754,2019-12-16 00:00:00,1.7773172043010754,2.2285302499999995
2020,1,2020-01-01,26.925,-80.85,0.00047695217666666664,0.07456129032258065,0.08603225806451613,0.10979354838709678,0.07874,0.09026559139784945,2020-01-16 00:00:00,0.9026559139784945,0.47695217666666667
2020,2,2020-02-01,26.925,-80.85,0.0019813456166666668,0.18743448275862068,0.23495,0.10422758620689655,0.0009769230769230768,0.15743620689655172,2020-02-15 00:00:00,1.5743620689655171,1.9813456166666668
2020,3,2020-03-01,26.925,-80.85,0.00010611008566666666,0.0,0.005735483870967741,0.022941935483870964,0.0,0.007169354838709674,2020-03-16 00:00:00,0.07169354838709674,0.10611008566666666
2020,4,2020-04-01,26.925,-80.85,0.0012641026166666668,0.34798,0.3048,0.26331333333333334,0.30056666666666665,0.304165,2020-04-15 12:00:00,3.04165,1.2641026166666667
2020,5,2020-05-01,26.925,-80.85,0.0055729511,0.44982580645161296,0.591574193548387,0.41459354838709683,0.30070322580645165,0.4391741935483871,2020-05-16 00:00:00,4.391741935483871,5.5729511
2020,6,2020-06-01,26.925,-80.85,0.006356803083333334,0.45175714285714286,0.5011615384615384,0.46227999999999997,0.27262666666666663,0.4025194444444445,2020-06-15 12:00:00,4.025194444444445,6.356803083333333
2020,7,2020-07-01,26.925,-80.85,0.004768513133333333,0.8373806451612903,0.48014193548387096,0.4522838709677419,0.662858064516129,0.6081661290322581,2020-07-16 00:00:00,6.081661290322581,4.768513133333333
2020,8,2020-08-01,26.925,-80.85,0.0056351088333333335,0.9856838709677419,0.39001290322580645,0.4375354838709678,0.5342193548387096,0.5868629032258065,2020-08-16 00:00:00,5.868629032258065,5.635108833333334
2020,9,2020-09-01,26.925,-80.85,0.005841681066666667,0.53594,0.49106666666666665,0.4614333333333333,0.48354074074074077,0.503555,2020-09-15 12:00:00,5.03555,5.841681066666666
2020,10,2020-10-01,26.925,-80.85,0.005218659866666667,0.4645741935483871,0.3449483870967742,0.5252064516129032,0.4735870967741936,0.4520790322580645,2020-10-16 00:00:00,4.520790322580645,5.218659866666667
2020,11,2020-11-01,26.925,-80.85,0.002773364466666667,0.29294666666666663,0.24468666666666666,0.17779999999999999,0.22944666666666666,0.23621999999999999,2020-11-15 12:00:00,2.3621999999999996,2.773364466666667
2020,12,2020-12-01,26.925,-80.85,0.0013098424000000002,0.10815483870967743,0.09422580645161291,0.16466206896551724,0.15940689655172413,0.12638548387096776,2020-12-16 00:00:00,1.2638548387096775,1.3098424000000002
2021,1,2021-01-01,26.925,-80.85,0.0006148724366666667,0.007374193548387097,0.013929032258064515,0.0180258064516129,0.01556774193548387,0.013724193548387097,2021-01-16 00:00:00,0.13724193548387098,0.6148724366666667
2021,2,2021-02-01,26.925,-80.85,0.0017152130666666665,0.21227142857142858,0.09706428571428571,0.13425714285714285,0.2032,0.16169821428571426,2021-02-14 12:00:00,1.6169821428571427,1.7152130666666665
2021,3,2021-03-01,26.925,-80.85,0.000843325165,0.053258064516129036,0.04998064516129032,0.038509677419354835,0.0688258064516129,0.05264354838709678,2021-03-16 00:00:00,0.5264354838709677,0.843325165
2021,4,2021-04-01,26.925,-80.85,0.0036677965000000002,0.25400000000000006,0.1888066666666667,0.19727333333333336,0.14816666666666667,0.19706166666666666,2021-04-15 12:00:00,1.9706166666666667,3.6677965
2021,5,2021-05-01,26.925,-80.85,0.0008183980066666666,0.16971818181818182,0.029496774193548386,0.3818193548387097,0.06306206896551725,0.18196505376344088,2021-05-16 00:00:00,1.8196505376344088,0.8183980066666666
2021,6,2021-06-01,26.925,-80.85,0.006577185100000001,,0.3640666666666667,0.4327407407407407,0.47080714285714287,0.4237566666666666,2021-06-15 12:00:00,4.237566666666666,6.5771851
2021,7,2021-07-01,26.925,-80.85,0.007875886966666667,0.1210235294117647,0.7169354838709678,0.6333066666666667,0.4834758620689655,0.571363440860215,2021-07-16 00:00:00,5.713634408602149,7.875886966666667
2021,8,2021-08-01,26.925,-80.85,0.006455225249999999,0.3777225806451613,0.6489290322580644,0.6522064516129032,0.5227483870967741,0.5504016129032258,2021-08-16 00:00:00,5.504016129032258,6.455225249999999
2021,9,2021-09-01,26.925,-80.85,0.006581542333333333,0.5088466666666667,0.38692666666666664,0.47159333333333336,0.2980266666666667,0.4163483333333334,2021-09-15 12:00:00,4.163483333333334,6.581542333333333
2021,10,2021-10-01,26.925,-80.85,0.0017706707499999998,0.24662580645161292,0.1638709677419355,0.0688258064516129,0.10651612903225806,0.1464596774193548,2021-10-16 00:00:00,1.4645967741935482,1.7706707499999998
2021,11,2021-11-01,26.925,-80.85,0.0019489776666666667,0.21420666666666668,0.18034,0.21166666666666664,0.2189655172413793,0.20468166666666668,2021-11-15 12:00:00,2.046816666666667,1.9489776666666667
2021,12,2021-12-01,26.925,-80.85,0.00046931385333333337,0.0434258064516129,0.05653548387096774,0.0254,0.04588387096774194,0.042811290322580645,2021-12-16 00:00:00,0.4281129032258064,0.46931385333333336
2022,1,2022-01-01,26.925,-80.85,0.0016000172166666666,0.07027333333333334,0.07538064516129031,0.06145161290322581,0.07701935483870967,0.07305913978494623,2022-01-16 00:00:00,0.7305913978494623,1.6000172166666666
2022,2,2022-02-01,26.925,-80.85,0.0012183511333333332,0.020864285714285717,0.05533571428571429,0.029935714285714288,0.030842857142857144,0.034244642857142855,2022-02-14 12:00:00,0.34244642857142854,1.2183511333333332
2022,3,2022-03-01,26.925,-80.85,0.0015681536666666666,0.21712903225806454,0.011470967741935486,0.06800645161290322,0.03769032258064516,0.0835741935483871,2022-03-16 00:00:00,0.8357419354838711,1.5681536666666667
2022,4,2022-04-01,26.925,-80.85,0.00244936355,0.02286,0.03640666666666667,0.05249333333333333,0.018626666666666666,0.032596666666666656,2022-04-15 12:00:00,0.32596666666666657,2.44936355
2022,5,2022-05-01,26.925,-80.85,0.0021160927166666665,0.19254838709677422,0.1343741935483871,0.327741935483871,0.19664516129032258,0.2128274193548387,2022-05-16 00:00:00,2.128274193548387,2.1160927166666665
2022,6,2022-06-01,26.925,-80.85,0.007061183416666668,0.7569199999999999,0.40894,0.42164,0.53086,0.52959,2022-06-15 12:00:00,5.2959,7.061183416666668
2022,7,2022-07-01,26.925,-80.85,0.004274024416666667,0.3416709677419355,0.2859548387096774,0.49022,0.4318,0.383458064516129,2022-07-16 00:00:00,3.83458064516129,4.274024416666667
2022,8,2022-08-01,26.925,-80.85,0.005298230766666666,0.1630516129032258,0.16960645161290322,0.23515483870967743,0.1769806451612903,0.1861983870967742,2022-08-16 00:00:00,1.8619838709677419,5.298230766666666
2022,9,2022-09-01,26.925,-80.85,0.00812415785,0.5522148148148148,0.50038,0.5190066666666666,0.7230533333333333,0.5780616666666667,2022-09-15 12:00:00,5.780616666666667,8.124157850000001
2022,10,2022-10-01,26.925,-80.85,0.0021417695666666667,0.127,0.05817419354838709,0.2646516129032258,0.17124516129032255,0.15431182795698922,2022-10-16 00:00:00,1.5431182795698923,2.1417695666666665
2022,11,2022-11-01,26.925,-80.85,0.00376695765,0.32850666666666667,0.22352,0.19642666666666667,0.13123333333333334,0.21992166666666665,2022-11-15 12:00:00,2.1992166666666666,3.76695765
2022,12,2022-12-01,26.925,-80.85,0.0009006564516666667,0.04998064516129032,0.1458451612903226,0.06227096774193549,0.05653548387096774,0.07865806451612904,2022-12-16 00:00:00,0.7865806451612904,0.9006564516666667
2023,1,2023-01-01,26.925,-80.85,0.000359459625,0.048341935483870974,0.05243870967741935,0.007374193548387096,0.01638709677419355,0.031135483870967734,2023-01-16 00:00:00,0.31135483870967734,0.359459625
2023,2,2023-02-01,26.925,-80.85,0.00038958340166666666,0.04807857142857143,0.052614285714285725,0.0762,0.08073571428571429,0.06440714285714286,2023-02-14 12:00:00,0.6440714285714286,0.38958340166666666
2023,3,2023-03-01,26.925,-80.85,0.0006888594116666666,0.027858064516129037,0.175341935483871,0.018393103448275862,0.0381,0.0665043010752688,2023-03-16 00:00:00,0.6650430107526881,0.6888594116666665
2023,4,2023-04-01,26.925,-80.85,0.005350021066666666,0.5012266666666666,0.32681333333333334,0.36999333333333334,0.28448,0.37062833333333334,2023-04-15 12:00:00,3.7062833333333334,5.350021066666666
2023,5,2023-05-01,26.925,-80.85,0.0023173167333333335,0.31299354838709675,0.3556,0.2646516129032258,0.4572,0.34406075268817204,2023-05-16 00:00:00,3.4406075268817204,2.3173167333333335
2023,6,2023-06-01,26.925,-80.85,0.004906800433333333,0.6002866666666667,0.5604933333333333,0.3869266666666667,0.25654,0.45106166666666664,2023-06-15 12:00:00,4.5106166666666665,4.906800433333333
2023,7,2023-07-01,26.925,-80.85,0.004246727083333333,0.30316129032258066,0.4506451612903226,0.39624,0.3485931034482758,0.38379946236559137,2023-07-16 00:00:00,3.8379946236559137,4.246727083333333
2023,8,2023-08-01,26.925,-80.85,0.005150103316666667,0.16141290322580645,0.19746451612903224,0.17616129032258065,0.13601290322580645,0.16776290322580645,2023-08-16 00:00:00,1.6776290322580645,5.150103316666668
2023,9,2023-09-01,26.925,-80.85,0.006307734816666667,0.32935333333333333,0.5215466666666667,0.5444066666666667,0.48768,0.4707466666666667,2023-09-15 12:00:00,4.707466666666667,6.307734816666668
2023,10,2023-10-01,26.925,-80.85,0.00199793155,0.05489677419354839,0.09176774193548386,0.09832258064516129,0.1786193548387097,0.1059016129032258,2023-10-16 00:00:00,1.059016129032258,1.9979315500000001
2023,11,2023-11-01,26.925,-80.85,0.0032904670833333333,0.07958666666666667,0.09313333333333333,0.12869333333333335,0.10668000000000001,0.10202333333333334,2023-11-15 12:00:00,1.0202333333333333,3.290467083333333
2023,12,2023-12-01,26.925,-80.85,0.0030528188000000004,0.16059354838709677,0.1638709677419355,0.21630967741935483,0.11974285714285712,0.18483279569892472,2023-12-16 00:00:00,1.8483279569892472,3.0528188000000003
2024,1,2024-01-01,26.925,-80.85,0.0022313806666666666,0.2105741935483871,0.1196258064516129,0.1376516129032258,0.0801076923076923,0.1554043010752688,2024-01-16 00:00:00,1.5540430107526881,2.2313806666666665
2024,2,2024-02-01,26.925,-80.85,0.0024775696333333335,0.14977241379310344,0.13575862068965516,0.20144827586206898,0.18480689655172414,0.16794655172413797,2024-02-15 00:00:00,1.6794655172413797,2.4775696333333337
2024,3,2024-03-01,26.925,-80.85,0.0035500063500000004,0.06800645161290322,0.07947741935483871,0.09422580645161291,0.08439354838709676,0.0815258064516129,2024-03-16 00:00:00,0.815258064516129,3.5500063500000003
2024,4,2024-04-01,26.925,-80.85,0.0005955877716666667,0.13800666666666667,0.019473333333333336,0.10075333333333332,0.019473333333333336,0.06942666666666666,2024-04-15 12:00:00,0.6942666666666666,0.5955877716666668
2024,5,2024-05-01,26.925,-80.85,0.0013234327166666666,0.2286,0.0802967741935484,0.06636774193548386,0.13437419354838712,0.12740967741935483,2024-05-16 00:00:00,1.2740967741935483,1.3234327166666666
2024,6,2024-06-01,26.925,-80.85,0.00876848155,0.61214,0.8706068965517242,0.8017933333333335,0.5588000000000001,0.7035800000000001,2024-06-15 12:00:00,7.035800000000001,8.76848155
2024,7,2024-07-01,26.925,-80.85,0.00486234665,0.2875935483870968,0.17288387096774194,0.36379354838709677,0.2326967741935484,0.2642419354838709,2024-07-16 00:00:00,2.6424193548387094,4.86234665
2024,8,2024-08-01,26.925,-80.85,0.0059976304,0.5442857142857143,0.41541290322580643,0.5415935483870968,0.40885806451612905,0.4931150537634409,2024-08-16 00:00:00,4.931150537634409,5.997630399999999
2024,9,2024-09-01,26.925,-80.85,0.006738913666666666,0.56134,0.6858000000000001,0.5647266666666667,0.4961466666666667,0.5770033333333333,2024-09-15 12:00:00,5.770033333333333,6.738913666666666
2024,10,2024-10-01,26.925,-80.85,0.004625112033333333,0.3211870967741936,0.2587037037037037,0.16878709677419354,0.19828387096774194,0.2303752688172043,2024-10-16 00:00:00,2.303752688172043,4.625112033333333
