year,month,time_x,lat,lon,monthly_avg_Rad,RADT_0,RADT_1,RADT_2,RADT_3,monthly_avg_observed,time_y,obs_Rad,Forecast_Rad
1990,1,1990-01-01,26.925,-80.85,8232313.666666667,,0.13815384615384615,0.20858064516129032,,0.1905806451612903,1990-01-16 00:00:00,0.1905806451612903,2.2867537962962965
1990,2,1990-02-01,26.925,-80.85,10588832.333333334,,0.20947619047619048,0.25760714285714287,,0.23785714285714282,1990-02-14 12:00:00,0.23785714285714282,2.941342314814815
1990,3,1990-03-01,26.925,-80.85,13357996.666666666,,0.22761290322580646,0.31973333333333337,,0.25412903225806455,1990-03-16 00:00:00,0.25412903225806455,3.7105546296296295
1990,4,1990-04-01,26.925,-80.85,15606790.333333334,,0.3082,,0.5276666666666666,0.4279090909090909,1990-04-15 12:00:00,0.4279090909090909,4.335219537037037
1990,5,1990-05-01,26.925,-80.85,14507379.666666666,,,,0.3495161290322581,0.3495161290322581,1990-05-16 00:00:00,0.3495161290322581,4.029827685185185
1990,6,1990-06-01,26.925,-80.85,16126730.333333334,,0.27470370370370367,0.2605,0.3531,0.3172388888888889,1990-06-15 12:00:00,0.3172388888888889,4.479647314814815
1990,7,1990-07-01,26.925,-80.85,15193270.0,,0.22329032258064516,0.2674285714285714,0.33195652173913043,0.27036559139784944,1990-07-16 00:00:00,0.27036559139784944,4.220352777777777
1990,8,1990-08-01,26.925,-80.85,14564303.666666666,,0.203125,0.22895833333333335,0.21696774193548388,0.21491397849462363,1990-08-16 00:00:00,0.21491397849462363,4.045639907407407
1990,9,1990-09-01,26.925,-80.85,13339994.666666666,,,,0.20900000000000002,0.20900000000000002,1990-09-15 12:00:00,0.20900000000000002,3.705554074074074
1990,10,1990-10-01,26.925,-80.85,11178716.333333334,,0.128,0.17039285714285715,0.15538709677419354,0.16689247311827957,1990-10-16 00:00:00,0.16689247311827957,3.1051989814814815
1990,11,1990-11-01,26.925,-80.85,9353226.0,,0.1254,0.15736666666666668,0.022724137931034484,0.10236111111111108,1990-11-15 12:00:00,0.10236111111111108,2.5981183333333333
1990,12,1990-12-01,26.925,-80.85,7938178.0,,0.11038709677419355,0.13615789473684212,,0.11659677419354839,1990-12-16 00:00:00,0.11659677419354839,2.2050494444444446
1991,1,1991-01-01,26.925,-80.85,8709182.0,,0.0885,0.11208695652173913,0.0007777777777777778,0.09200537634408601,1991-01-16 00:00:00,0.09200537634408601,2.419217222222222
1991,2,1991-02-01,26.925,-80.85,10719384.666666666,,0.09178571428571428,0.11866666666666666,-0.0018571428571428573,0.08874404761904761,1991-02-14 12:00:00,0.08874404761904761,2.9776068518518515
1991,3,1991-03-01,26.925,-80.85,13181883.333333334,,0.0647741935483871,0.004857142857142857,,0.04627419354838709,1991-03-16 00:00:00,0.04627419354838709,3.6616342592592592
1991,4,1991-04-01,26.925,-80.85,15190641.0,,0.0473125,0.001,-0.000375,0.017333333333333333,1991-04-15 12:00:00,0.017333333333333333,4.2196225
1991,5,1991-05-01,26.925,-80.85,14804860.333333334,,,0.0006774193548387097,0.0016451612903225807,0.001161290322580645,1991-05-16 00:00:00,0.001161290322580645,4.112461203703704
1991,6,1991-06-01,26.925,-80.85,14999431.333333334,,,0.00046153846153846153,0.0021666666666666666,0.001966666666666667,1991-06-15 12:00:00,0.001966666666666667,4.166508703703704
1991,7,1991-07-01,26.925,-80.85,14429444.666666666,,,,0.0024193548387096775,0.0024193548387096775,1991-07-16 00:00:00,0.0024193548387096775,4.008179074074074
1991,8,1991-08-01,26.925,-80.85,15458218.666666666,,,,0.0003548387096774193,0.0003548387096774193,1991-08-16 00:00:00,0.0003548387096774193,4.29394962962963
1991,9,1991-09-01,26.925,-80.85,12333371.666666666,,,,-0.00020000000000000012,-0.00020000000000000012,1991-09-15 12:00:00,-0.00020000000000000012,3.4259365740740737
1991,10,1991-10-01,26.925,-80.85,9057237.333333334,,,,0.005190476190476191,0.005190476190476191,1991-10-16 00:00:00,0.005190476190476191,2.5158992592592595
1991,11,1991-11-01,26.925,-80.85,7552927.333333333,,,0.14241176470588238,,0.14241176470588238,1991-11-15 12:00:00,0.14241176470588238,2.0980353703703702
1991,12,1991-12-01,26.925,-80.85,6865737.333333333,,,0.15222727272727274,,0.15222727272727274,1991-12-16 00:00:00,0.15222727272727274,1.9071492592592592
1992,1,1992-01-01,26.925,-80.85,7523253.333333333,,0.1358888888888889,0.14241935483870968,,0.13811290322580644,1992-01-16 00:00:00,0.13811290322580644,2.0897925925925924
1992,2,1992-02-01,26.925,-80.85,9113565.333333334,,0.16886206896551725,0.16184,,0.16844827586206895,1992-02-15 00:00:00,0.16844827586206895,2.531545925925926
1992,3,1992-03-01,26.925,-80.85,12169323.333333334,,0.20442105263157895,0.24276470588235294,,0.2212037037037037,1992-03-16 00:00:00,0.2212037037037037,3.380367592592593
1992,4,1992-04-01,26.925,-80.85,14237266.333333334,,0.2506333333333333,0.2516333333333333,,0.2511333333333333,1992-04-15 12:00:00,0.2511333333333333,3.9547962037037037
1992,5,1992-05-01,26.925,-80.85,18331260.0,,0.2845161290322581,0.2931290322580645,,0.2888225806451613,1992-05-16 00:00:00,0.2888225806451613,5.092016666666667
1992,6,1992-06-01,26.925,-80.85,10349084.666666666,,0.2236,0.3461739130434783,,0.27165,1992-06-15 12:00:00,0.27165,2.8747457407407406
1992,7,1992-07-01,26.925,-80.85,17632533.333333332,,0.25261290322580643,0.4357419354838709,,0.3441774193548387,1992-07-16 00:00:00,0.3441774193548387,4.897925925925926
1992,8,1992-08-01,26.925,-80.85,12458283.0,,0.2023548387096774,0.3669032258064516,,0.2846290322580645,1992-08-16 00:00:00,0.2846290322580645,3.4606341666666665
1992,9,1992-09-01,26.925,-80.85,11163355.333333334,,0.21353333333333332,0.3424,,0.2779666666666667,1992-09-15 12:00:00,0.2779666666666667,3.1009320370370372
1992,10,1992-10-01,26.925,-80.85,10079324.333333334,,0.15664516129032258,0.3011935483870968,,0.22891935483870968,1992-10-16 00:00:00,0.22891935483870968,2.799812314814815
1992,11,1992-11-01,26.925,-80.85,7245300.0,,0.1158,0.22383333333333333,,0.16981666666666667,1992-11-15 12:00:00,0.16981666666666667,2.012583333333333
1992,12,1992-12-01,26.925,-80.85,7696845.0,,0.12483870967741936,0.25025000000000003,,0.13906451612903226,1992-12-16 00:00:00,0.13906451612903226,2.1380125
1993,1,1993-01-01,26.925,-80.85,6780814.666666667,,0.13206451612903228,,,0.13206451612903228,1993-01-16 00:00:00,0.13206451612903228,1.8835596296296298
1993,2,1993-02-01,26.925,-80.85,10549851.666666666,,0.14182142857142857,,,0.14182142857142857,1993-02-14 12:00:00,0.14182142857142857,2.9305143518518517
1993,3,1993-03-01,26.925,-80.85,12464976.666666666,,0.14735483870967742,0.21438709677419354,,0.18087096774193545,1993-03-16 00:00:00,0.18087096774193545,3.462493518518518
1993,4,1993-04-01,26.925,-80.85,16800466.166666668,,0.2586,0.2624666666666667,0.2792777777777778,0.26267777777777773,1993-04-15 12:00:00,0.26267777777777773,4.666796157407408
1993,5,1993-05-01,26.925,-80.85,14970317.333333334,,0.2633225806451613,0.2593225806451613,0.2650322580645161,0.2625591397849462,1993-05-16 00:00:00,0.2625591397849462,4.158421481481482
1993,6,1993-06-01,26.925,-80.85,16436651.333333334,,0.2769333333333333,0.2940666666666667,0.2910333333333333,0.28734444444444446,1993-06-15 12:00:00,0.28734444444444446,4.565736481481482
1993,7,1993-07-01,26.925,-80.85,16558684.833333334,,0.24938709677419355,0.26996774193548384,0.2650322580645161,0.2614623655913978,1993-07-16 00:00:00,0.2614623655913978,4.599634675925926
1993,8,1993-08-01,26.925,-80.85,14633282.666666666,,0.21983870967741936,0.24393548387096775,0.23800000000000002,0.2339247311827957,1993-08-16 00:00:00,0.2339247311827957,4.064800740740741
1993,9,1993-09-01,26.925,-80.85,12076158.666666666,,0.20643333333333333,0.21116666666666667,0.21673333333333333,0.2114444444444444,1993-09-15 12:00:00,0.2114444444444444,3.3544885185185183
1993,10,1993-10-01,26.925,-80.85,8183989.333333333,,0.15893548387096773,0.17693548387096775,0.17780645161290323,0.17122580645161287,1993-10-16 00:00:00,0.17122580645161287,2.2733303703703704
1993,11,1993-11-01,26.925,-80.85,7929650.666666667,,0.13563333333333333,0.1459,0.15071428571428572,0.1436333333333333,1993-11-15 12:00:00,0.1436333333333333,2.2026807407407407
1993,12,1993-12-01,26.925,-80.85,8304298.333333333,,0.12464516129032258,0.13451612903225807,0.1426774193548387,0.13394623655913976,1993-12-16 00:00:00,0.13394623655913976,2.306749537037037
1994,1,1994-01-01,26.925,-80.85,6078776.0,,0.12093548387096774,0.11541935483870967,0.12774193548387097,0.12136559139784941,1994-01-16 00:00:00,0.12136559139784941,1.6885488888888889
1994,2,1994-02-01,26.925,-80.85,8737886.333333334,,0.13075,0.16724999999999998,0.16217857142857145,0.1533928571428571,1994-02-14 12:00:00,0.1533928571428571,2.4271906481481484
1994,3,1994-03-01,26.925,-80.85,13104763.666666666,,0.2085483870967742,0.21545161290322581,0.19729032258064516,0.20709677419354836,1994-03-16 00:00:00,0.20709677419354836,3.6402121296296293
1994,4,1994-04-01,26.925,-80.85,14416538.333333334,,0.22613333333333333,0.2427666666666667,0.24023333333333333,0.23637777777777774,1994-04-15 12:00:00,0.23637777777777774,4.004593981481482
1994,5,1994-05-01,26.925,-80.85,16258575.333333334,,0.26541935483870965,0.2824516129032258,0.2663225806451613,0.27139784946236556,1994-05-16 00:00:00,0.27139784946236556,4.516270925925926
1994,6,1994-06-01,26.925,-80.85,13421807.666666666,,0.25296,0.22846666666666668,0.2111333333333333,0.22981111111111108,1994-06-15 12:00:00,0.22981111111111108,3.728279907407407
1994,7,1994-07-01,26.925,-80.85,14884103.0,,0.21133333333333332,0.19593548387096774,0.15593548387096773,0.18590860215053762,1994-07-16 00:00:00,0.18590860215053762,4.1344730555555556
1994,8,1994-08-01,26.925,-80.85,12663009.666666666,0.17996428571428572,0.11642857142857142,0.21706451612903227,0.18525806451612906,0.18909677419354837,1994-08-16 00:00:00,0.18909677419354837,3.517502685185185
1994,9,1994-09-01,26.925,-80.85,8777056.0,0.1966,0.093,0.16703333333333334,0.15940000000000001,0.15400833333333333,1994-09-15 12:00:00,0.15400833333333333,2.4380711111111113
1994,10,1994-10-01,26.925,-80.85,10373436.666666666,0.16848387096774192,0.08580645161290323,0.17380645161290323,0.17325806451612905,0.15033870967741936,1994-10-16 00:00:00,0.15033870967741936,2.881510185185185
1994,11,1994-11-01,26.925,-80.85,7975744.0,0.12200000000000001,0.0673,0.12440000000000001,0.10623076923076923,0.10547777777777777,1994-11-15 12:00:00,0.10547777777777777,2.2154844444444444
1994,12,1994-12-01,26.925,-80.85,6586036.0,0.12480645161290321,0.05870967741935484,0.10880645161290323,0.08351612903225807,0.09395967741935482,1994-12-16 00:00:00,0.09395967741935482,1.8294544444444445
1995,1,1995-01-01,26.925,-80.85,9091827.333333334,0.13893548387096774,0.08445161290322581,0.13425806451612904,0.09538709677419355,0.11325806451612902,1995-01-16 00:00:00,0.11325806451612902,2.525507592592593
1995,2,1995-02-01,26.925,-80.85,11250923.0,0.19010714285714286,0.15296428571428572,0.18392857142857144,0.13178571428571428,0.16469642857142855,1995-02-14 12:00:00,0.16469642857142855,3.125256388888889
1995,3,1995-03-01,26.925,-80.85,12140788.0,0.2143225806451613,0.2845806451612903,0.21723333333333333,0.1610344827586207,0.21947580645161288,1995-03-16 00:00:00,0.21947580645161288,3.3724411111111112
1995,4,1995-04-01,26.925,-80.85,13861300.0,0.2351,0.3670333333333333,0.22283333333333333,0.22684210526315793,0.2645361111111111,1995-04-15 12:00:00,0.2645361111111111,3.850361111111111
1995,5,1995-05-01,26.925,-80.85,17346104.0,0.28193548387096773,0.44748387096774195,0.28674193548387095,0.24893548387096773,0.3162741935483871,1995-05-16 00:00:00,0.3162741935483871,4.818362222222222
1995,6,1995-06-01,26.925,-80.85,12121063.0,0.20856666666666665,0.14736666666666667,0.22836666666666666,0.21559999999999999,0.19997499999999999,1995-06-15 12:00:00,0.19997499999999999,3.3669619444444443
1995,7,1995-07-01,26.925,-80.85,13913758.0,0.1651290322580645,0.1589032258064516,0.23299999999999998,0.1816774193548387,0.18467741935483867,1995-07-16 00:00:00,0.18467741935483867,3.8649327777777778
1995,8,1995-08-01,26.925,-80.85,12963469.333333334,0.2000357142857143,0.1612258064516129,0.23122580645161292,0.18238709677419354,0.19250537634408602,1995-08-16 00:00:00,0.19250537634408602,3.600963703703704
1995,9,1995-09-01,26.925,-80.85,11030169.0,0.17752941176470588,0.07596666666666667,0.19833333333333333,0.1825,0.15560555555555552,1995-09-15 12:00:00,0.15560555555555552,3.0639358333333333
1995,10,1995-10-01,26.925,-80.85,7593518.333333333,0.09732258064516129,0.0223,0.15967741935483873,0.14372,0.12159677419354835,1995-10-16 00:00:00,0.12159677419354835,2.1093106481481483
1995,11,1995-11-01,26.925,-80.85,8443772.0,0.13996666666666666,0.053649999999999996,0.1665,0.11092857142857142,0.1255611111111111,1995-11-15 12:00:00,0.1255611111111111,2.345492222222222
1995,12,1995-12-01,26.925,-80.85,6932593.0,0.11009677419354838,0.06103225806451613,0.1345806451612903,0.08909677419354839,0.09870161290322578,1995-12-16 00:00:00,0.09870161290322578,1.9257202777777778
1996,1,1996-01-01,26.925,-80.85,7224426.666666667,0.15003225806451612,0.08919354838709678,0.1412258064516129,0.12158064516129033,0.12550806451612903,1996-01-16 00:00:00,0.12550806451612903,2.0067851851851852
1996,2,1996-02-01,26.925,-80.85,12491416.0,0.20382758620689656,0.07796551724137932,0.2025862068965517,0.18882758620689655,0.16830172413793104,1996-02-15 00:00:00,0.16830172413793104,3.469837777777778
1996,3,1996-03-01,26.925,-80.85,12618270.666666666,0.22774193548387098,0.07070967741935484,0.22696774193548389,0.22067741935483873,0.1865241935483871,1996-03-16 00:00:00,0.1865241935483871,3.505075185185185
1996,4,1996-04-01,26.925,-80.85,16220380.333333334,0.21533333333333332,0.08607407407407407,0.26306666666666667,0.2547333333333333,0.20713333333333328,1996-04-15 12:00:00,0.20713333333333328,4.505661203703704
1996,5,1996-05-01,26.925,-80.85,15389606.333333334,0.19293548387096773,0.06503225806451612,0.25990322580645164,0.24338709677419354,0.19031451612903222,1996-05-16 00:00:00,0.19031451612903222,4.274890648148149
1996,6,1996-06-01,26.925,-80.85,13632254.0,0.20633333333333334,0.06483333333333334,0.24486666666666668,0.20803333333333332,0.18101666666666666,1996-06-15 12:00:00,0.18101666666666666,3.7867372222222224
1996,7,1996-07-01,26.925,-80.85,16715644.0,0.1539032258064516,0.1711935483870968,0.2637096774193548,0.21619354838709678,0.20124999999999998,1996-07-16 00:00:00,0.20124999999999998,4.643234444444444
1996,8,1996-08-01,26.925,-80.85,13894040.0,0.1657741935483871,0.20664516129032257,0.20877419354838708,0.16396774193548388,0.18629032258064515,1996-08-16 00:00:00,0.18629032258064515,3.8594555555555554
1996,9,1996-09-01,26.925,-80.85,13283014.666666666,0.16206666666666666,0.18513333333333334,0.17573333333333335,0.17723333333333333,0.17504166666666665,1996-09-15 12:00:00,0.17504166666666665,3.6897262962962962
1996,10,1996-10-01,26.925,-80.85,8879715.333333334,0.09561290322580646,0.1355483870967742,0.16416129032258067,0.15658064516129033,0.1379758064516129,1996-10-16 00:00:00,0.1379758064516129,2.466587592592593
1996,11,1996-11-01,26.925,-80.85,8127644.666666667,0.09046666666666667,0.1195,0.1504,0.13843333333333332,0.12469999999999999,1996-11-15 12:00:00,0.12469999999999999,2.257679074074074
1996,12,1996-12-01,26.925,-80.85,7663897.333333333,0.0900909090909091,0.10493548387096775,0.14516129032258066,0.12321739130434783,0.11938172043010752,1996-12-16 00:00:00,0.11938172043010752,2.1288603703703703
1997,1,1997-01-01,26.925,-80.85,9352711.333333334,0.10283870967741936,0.11141935483870968,0.1465806451612903,0.103,0.1161774193548387,1997-01-16 00:00:00,0.1161774193548387,2.5979753703703707
1997,2,1997-02-01,26.925,-80.85,9844639.666666666,0.12832142857142856,0.13499999999999998,0.1715357142857143,0.10342857142857143,0.13457142857142856,1997-02-14 12:00:00,0.13457142857142856,2.7346221296296296
1997,3,1997-03-01,26.925,-80.85,12500045.333333334,0.17225806451612902,0.1775483870967742,0.21048387096774196,0.1318709677419355,0.17304032258064514,1997-03-16 00:00:00,0.17304032258064514,3.472234814814815
1997,4,1997-04-01,26.925,-80.85,13506400.666666666,0.1662,0.18266666666666667,0.21276666666666666,0.17350000000000002,0.18378333333333333,1997-04-15 12:00:00,0.18378333333333333,3.751777962962963
1997,5,1997-05-01,26.925,-80.85,15712973.666666666,0.18358064516129033,0.21754838709677418,0.25329032258064516,0.22983870967741934,0.22106451612903225,1997-05-16 00:00:00,0.22106451612903225,4.364714907407407
1997,6,1997-06-01,26.925,-80.85,14625027.666666666,0.16896666666666665,0.21253333333333335,0.24296666666666666,0.2064,0.20771666666666666,1997-06-15 12:00:00,0.20771666666666666,4.062507685185185
1997,7,1997-07-01,26.925,-80.85,15820335.666666666,0.18251612903225808,0.20974193548387096,0.2561290322580645,0.17751612903225808,0.2064758064516129,1997-07-16 00:00:00,0.2064758064516129,4.394537685185185
1997,8,1997-08-01,26.925,-80.85,13226281.0,0.15722580645161288,0.17896774193548387,0.18764516129032258,0.13712903225806453,0.16524193548387095,1997-08-16 00:00:00,0.16524193548387095,3.6739669444444445
1997,9,1997-09-01,26.925,-80.85,10635114.0,0.13226666666666667,0.15193333333333334,0.1623666666666667,0.1673333333333333,0.15347499999999997,1997-09-15 12:00:00,0.15347499999999997,2.9541983333333333
1997,10,1997-10-01,26.925,-80.85,11950832.333333334,0.12683870967741936,0.15003225806451612,0.19664516129032258,0.16564516129032258,0.15979032258064513,1997-10-16 00:00:00,0.15979032258064513,3.319675648148148
1997,11,1997-11-01,26.925,-80.85,7025968.333333333,0.07096666666666666,0.1129,0.1259,0.09426666666666667,0.10100833333333332,1997-11-15 12:00:00,0.10100833333333332,1.9516578703703702
1997,12,1997-12-01,26.925,-80.85,7674368.666666667,0.05970967741935484,0.09374193548387097,0.125,0.061258064516129036,0.08492741935483869,1997-12-16 00:00:00,0.08492741935483869,2.1317690740740742
1998,1,1998-01-01,26.925,-80.85,7066431.333333333,0.07825806451612903,0.07848387096774193,0.13174193548387095,0.06525806451612903,0.08843548387096772,1998-01-16 00:00:00,0.08843548387096772,1.9628975925925924
1998,2,1998-02-01,26.925,-80.85,10100052.0,0.12267857142857143,0.08910714285714286,0.159,0.12646428571428572,0.1243125,1998-02-14 12:00:00,0.1243125,2.80557
1998,3,1998-03-01,26.925,-80.85,12856596.333333334,0.17003225806451613,0.17370967741935484,0.21929032258064515,0.2075483870967742,0.19264516129032255,1998-03-16 00:00:00,0.19264516129032255,3.5712767592592596
1998,4,1998-04-01,26.925,-80.85,16696377.833333334,0.19403333333333334,0.20156666666666664,0.2554,0.21526666666666666,0.21656666666666666,1998-04-15 12:00:00,0.21656666666666666,4.637882731481482
1998,5,1998-05-01,26.925,-80.85,18021008.0,0.18574193548387097,0.2228709677419355,0.2709677419354839,0.23429032258064517,0.22846774193548386,1998-05-16 00:00:00,0.22846774193548386,5.005835555555556
1998,6,1998-06-01,26.925,-80.85,18528117.333333332,0.18773333333333334,0.23026666666666668,0.2793333333333334,0.24946666666666667,0.2367,1998-06-15 12:00:00,0.2367,5.146699259259259
1998,7,1998-07-01,26.925,-80.85,16013562.333333334,0.11480645161290323,0.18125806451612902,0.23674193548387096,0.2095483870967742,0.18558870967741933,1998-07-16 00:00:00,0.18558870967741933,4.44821175925926
1998,8,1998-08-01,26.925,-80.85,15334164.666666666,0.10964516129032258,0.1767741935483871,0.22438709677419355,0.18564516129032257,0.17411290322580641,1998-08-16 00:00:00,0.17411290322580641,4.259490185185185
1998,9,1998-09-01,26.925,-80.85,9647453.666666666,0.10086206896551725,0.1052,0.14279999999999998,0.16849999999999998,0.12999444444444444,1998-09-15 12:00:00,0.12999444444444444,2.6798482407407405
1998,10,1998-10-01,26.925,-80.85,11821715.0,0.013741935483870968,0.12216129032258065,0.1674516129032258,0.16522222222222224,0.11498924731182793,1998-10-16 00:00:00,0.11498924731182793,3.2838097222222222
1998,11,1998-11-01,26.925,-80.85,9215636.333333334,0.0,0.07913333333333333,0.15033333333333335,0.11492,0.08050833333333332,1998-11-15 12:00:00,0.08050833333333332,2.559898981481482
1998,12,1998-12-01,26.925,-80.85,8564451.0,0.005419354838709678,0.10763333333333333,0.15230000000000002,0.08361290322580646,0.071508064516129,1998-12-16 00:00:00,0.071508064516129,2.379014166666667
1999,1,1999-01-01,26.925,-80.85,8738725.666666666,0.13106451612903225,0.10364516129032258,0.17580645161290323,0.08525806451612902,0.12394354838709676,1999-01-16 00:00:00,0.12394354838709676,2.427423796296296
1999,2,1999-02-01,26.925,-80.85,12146667.666666666,0.17810714285714285,0.15724999999999997,0.18239285714285716,0.12103571428571427,0.15969642857142857,1999-02-14 12:00:00,0.15969642857142857,3.374074351851852
1999,3,1999-03-01,26.925,-80.85,16091106.666666666,0.24158064516129032,0.2200967741935484,0.22848387096774195,0.15732258064516128,0.21187096774193548,1999-03-16 00:00:00,0.21187096774193548,4.469751851851852
1999,4,1999-04-01,26.925,-80.85,18327871.333333332,0.26333333333333336,0.267,0.2535,0.17333333333333334,0.23929166666666662,1999-04-15 12:00:00,0.23929166666666662,5.09107537037037
1999,5,1999-05-01,26.925,-80.85,18163320.0,0.275,0.2840967741935484,0.24658064516129033,0.21883870967741934,0.2561290322580645,1999-05-16 00:00:00,0.2561290322580645,5.045366666666666
1999,6,1999-06-01,26.925,-80.85,10977551.333333334,0.20306666666666665,0.22426666666666667,0.21836666666666668,0.207,0.21317499999999998,1999-06-15 12:00:00,0.21317499999999998,3.049319814814815
1999,7,1999-07-01,26.925,-80.85,16521997.666666666,0.21416129032258066,0.26703225806451614,0.23983870967741938,0.17948387096774193,0.2251290322580645,1999-07-16 00:00:00,0.2251290322580645,4.589443796296296
1999,8,1999-08-01,26.925,-80.85,14269754.666666666,0.1716774193548387,0.2204193548387097,0.17600000000000002,0.1593225806451613,0.1818548387096774,1999-08-16 00:00:00,0.1818548387096774,3.9638207407407404
1999,9,1999-09-01,26.925,-80.85,10618945.0,0.13136666666666666,0.16553333333333334,0.1456,0.16360000000000002,0.151525,1999-09-15 12:00:00,0.151525,2.9497069444444444
1999,10,1999-10-01,26.925,-80.85,9678198.333333334,0.12251612903225807,0.1349677419354839,0.1315806451612903,0.15287096774193548,0.13548387096774192,1999-10-16 00:00:00,0.13548387096774192,2.6883884259259263
1999,11,1999-11-01,26.925,-80.85,9546676.666666666,0.10996666666666667,0.12480000000000001,0.1469,0.12733333333333333,0.12724999999999997,1999-11-15 12:00:00,0.12724999999999997,2.6518546296296295
1999,12,1999-12-01,26.925,-80.85,7851711.333333333,0.10216129032258064,0.11441935483870969,0.12880645161290322,0.0925483870967742,0.10948387096774191,1999-12-16 00:00:00,0.10948387096774191,2.181030925925926
2000,1,2000-01-01,26.925,-80.85,9670411.333333334,0.1569032258064516,0.1271935483870968,0.15606451612903227,0.12109677419354839,0.14031451612903223,2000-01-16 00:00:00,0.14031451612903223,2.6862253703703707
2000,2,2000-02-01,26.925,-80.85,11353033.0,0.194,0.17417241379310344,0.19175862068965516,0.14996551724137933,0.17747413793103445,2000-02-15 00:00:00,0.17747413793103445,3.1536202777777778
2000,3,2000-03-01,26.925,-80.85,13545600.333333334,0.23080645161290322,0.21938709677419355,0.2298709677419355,0.19025806451612903,0.2175806451612903,2000-03-16 00:00:00,0.2175806451612903,3.7626667592592593
2000,4,2000-04-01,26.925,-80.85,17343600.0,0.2768333333333333,0.2771,0.27366666666666667,0.25103333333333333,0.26965833333333333,2000-04-15 12:00:00,0.26965833333333333,4.817666666666667
2000,5,2000-05-01,26.925,-80.85,17751982.666666668,0.3050645161290323,0.2962258064516129,0.29916129032258065,0.3077741935483871,0.30205645161290323,2000-05-16 00:00:00,0.30205645161290323,4.931106296296297
2000,6,2000-06-01,26.925,-80.85,16346416.0,0.24296666666666666,0.2626,0.26976666666666665,0.28076666666666666,0.264025,2000-06-15 12:00:00,0.264025,4.540671111111111
2000,7,2000-07-01,26.925,-80.85,14158634.666666666,0.2166774193548387,0.21980645161290321,0.23819354838709678,0.25451612903225806,0.23229838709677417,2000-07-16 00:00:00,0.23229838709677417,3.932954074074074
2000,8,2000-08-01,26.925,-80.85,15056254.0,0.18603225806451615,0.2447741935483871,0.20461290322580644,0.19070967741935482,0.2065322580645161,2000-08-16 00:00:00,0.2065322580645161,4.182292777777778
2000,9,2000-09-01,26.925,-80.85,12326125.0,0.15503333333333333,0.2237,0.1971,0.2165,0.1980833333333333,2000-09-15 12:00:00,0.1980833333333333,3.4239236111111113
2000,10,2000-10-01,26.925,-80.85,11087577.666666666,0.1786774193548387,0.18764516129032258,0.18980645161290324,0.19196774193548385,0.18702419354838706,2000-10-16 00:00:00,0.18702419354838706,3.079882685185185
2000,11,2000-11-01,26.925,-80.85,10486642.333333334,0.15253333333333333,0.11309999999999999,0.14723333333333333,0.11883333333333333,0.132925,2000-11-15 12:00:00,0.132925,2.912956203703704
2000,12,2000-12-01,26.925,-80.85,8245788.666666667,0.13858064516129034,0.0742258064516129,0.13574193548387098,0.08790322580645162,0.10911290322580643,2000-12-16 00:00:00,0.10911290322580643,2.290496851851852
2001,1,2001-01-01,26.925,-80.85,9703131.0,0.1576774193548387,0.10393548387096774,0.15677419354838712,0.10916129032258064,0.13188709677419352,2001-01-16 00:00:00,0.13188709677419352,2.6953141666666665
2001,2,2001-02-01,26.925,-80.85,11755724.0,0.20439285714285713,0.1309642857142857,0.19446428571428573,0.16025,0.17251785714285714,2001-02-14 12:00:00,0.17251785714285714,3.265478888888889
2001,3,2001-03-01,26.925,-80.85,13467573.0,0.21080645161290323,0.14458064516129032,0.20487096774193547,0.16606451612903225,0.1815806451612903,2001-03-16 00:00:00,0.1815806451612903,3.7409925
2001,4,2001-04-01,26.925,-80.85,15261436.333333334,0.2674333333333333,0.2406,0.26516666666666666,0.225,0.24955,2001-04-15 12:00:00,0.24955,4.2392878703703705
2001,5,2001-05-01,26.925,-80.85,15471537.333333334,0.24664516129032257,0.27003225806451614,0.2634193548387097,0.2529677419354839,0.25826612903225804,2001-05-16 00:00:00,0.25826612903225804,4.297649259259259
2001,6,2001-06-01,26.925,-80.85,15583265.0,0.22276666666666667,0.2552,0.22216666666666668,0.23906666666666665,0.23479999999999998,2001-06-15 12:00:00,0.23479999999999998,4.3286847222222224
2001,7,2001-07-01,26.925,-80.85,13242568.333333334,0.20974193548387096,0.23651612903225805,0.1996774193548387,0.21483870967741936,0.21519354838709676,2001-07-16 00:00:00,0.21519354838709676,3.678491203703704
2001,8,2001-08-01,26.925,-80.85,14652439.666666666,0.22983870967741934,0.2633225806451613,0.20783870967741938,0.21061290322580645,0.2279032258064516,2001-08-16 00:00:00,0.2279032258064516,4.070122129629629
2001,9,2001-09-01,26.925,-80.85,9930840.666666666,0.15519999999999998,0.14573333333333333,0.13543333333333332,0.18743333333333334,0.15594999999999998,2001-09-15 12:00:00,0.15594999999999998,2.758566851851852
2001,10,2001-10-01,26.925,-80.85,8408793.0,0.14158064516129032,0.09216129032258064,0.1600967741935484,0.17961290322580648,0.14336290322580647,2001-10-16 00:00:00,0.14336290322580647,2.3357758333333334
2001,11,2001-11-01,26.925,-80.85,8201628.0,0.15510000000000002,0.06366666666666666,0.10379310344827586,0.11013333333333333,0.1087222222222222,2001-11-15 12:00:00,0.1087222222222222,2.27823
2001,12,2001-12-01,26.925,-80.85,7542833.333333333,0.16238709677419355,0.06051612903225806,0.11851612903225807,0.081,0.1056048387096774,2001-12-16 00:00:00,0.1056048387096774,2.0952314814814814
2002,1,2002-01-01,26.925,-80.85,8611671.333333334,0.15229032258064518,0.0661290322580645,0.1347741935483871,0.08674193548387096,0.10998387096774193,2002-01-16 00:00:00,0.10998387096774193,2.392130925925926
2002,2,2002-02-01,26.925,-80.85,9756710.333333334,0.17110714285714287,0.05992857142857143,0.15775,0.1278,0.12840476190476188,2002-02-14 12:00:00,0.12840476190476188,2.710197314814815
2002,3,2002-03-01,26.925,-80.85,12687171.333333334,0.24346428571428572,0.041625,0.22383870967741937,0.1794193548387097,0.2043225806451613,2002-03-16 00:00:00,0.2043225806451613,3.5242142592592596
2002,4,2002-04-01,26.925,-80.85,16191629.0,0.2569666666666667,0.2700909090909091,0.25056666666666666,0.16856666666666667,0.23227777777777775,2002-04-15 12:00:00,0.23227777777777775,4.497674722222222
2002,5,2002-05-01,26.925,-80.85,16582371.166666666,0.2797741935483871,0.2624444444444445,0.2839677419354839,0.272741935483871,0.27614516129032257,2002-05-16 00:00:00,0.27614516129032257,4.606214212962962
2002,6,2002-06-01,26.925,-80.85,10693008.666666666,0.21176666666666666,0.14025,0.17993333333333333,0.18263333333333334,0.18155,2002-06-15 12:00:00,0.18155,2.970280185185185
2002,7,2002-07-01,26.925,-80.85,13786559.666666666,0.2136451612903226,0.1763225806451613,0.18419354838709678,0.14383870967741935,0.17949999999999997,2002-07-16 00:00:00,0.17949999999999997,3.8295999074074074
2002,8,2002-08-01,26.925,-80.85,15561370.0,0.2204516129032258,0.1792258064516129,0.17670967741935484,0.1587741935483871,0.18379032258064515,2002-08-16 00:00:00,0.18379032258064515,4.322602777777778
2002,9,2002-09-01,26.925,-80.85,12157555.666666666,0.22383333333333333,0.11506666666666666,0.13166666666666668,0.17140000000000002,0.16049166666666664,2002-09-15 12:00:00,0.16049166666666664,3.377098796296296
2002,10,2002-10-01,26.925,-80.85,12598647.666666666,0.2102258064516129,0.07142857142857142,0.19116129032258064,0.16916129032258065,0.1833118279569892,2002-10-16 00:00:00,0.1833118279569892,3.4996243518518515
2002,11,2002-11-01,26.925,-80.85,9598259.0,0.15730000000000002,,0.13096666666666665,0.07976666666666667,0.12267777777777773,2002-11-15 12:00:00,0.12267777777777773,2.6661830555555555
2002,12,2002-12-01,26.925,-80.85,7227603.333333333,0.1268709677419355,,0.10274193548387096,0.05993548387096775,0.09651612903225804,2002-12-16 00:00:00,0.09651612903225804,2.0076675925925924
2003,1,2003-01-01,26.925,-80.85,9484964.333333334,0.16416129032258067,0.0005,0.1534193548387097,0.10480645161290322,0.1390618279569892,2003-01-16 00:00:00,0.1390618279569892,2.634712314814815
2003,2,2003-02-01,26.925,-80.85,11251511.333333334,0.1687857142857143,0.0958,0.18607142857142858,0.10585714285714286,0.14709226190476188,2003-02-14 12:00:00,0.14709226190476188,3.125419814814815
2003,3,2003-03-01,26.925,-80.85,11908505.333333334,0.14561290322580647,0.09835483870967741,0.19870967741935483,0.10925806451612903,0.13798387096774192,2003-03-16 00:00:00,0.13798387096774192,3.3079181481481483
2003,4,2003-04-01,26.925,-80.85,14128419.0,0.2277,0.16583333333333333,0.2452,0.15423333333333333,0.19824166666666665,2003-04-15 12:00:00,0.19824166666666665,3.9245608333333335
2003,5,2003-05-01,26.925,-80.85,15846907.333333334,0.2762903225806451,0.26970967741935487,0.23948387096774193,0.1927741935483871,0.24456451612903224,2003-05-16 00:00:00,0.24456451612903224,4.4019187037037035
2003,6,2003-06-01,26.925,-80.85,13188911.0,0.1905666666666667,0.2113076923076923,0.1928,0.1549333333333333,0.1884972222222222,2003-06-15 12:00:00,0.1884972222222222,3.663586388888889
2003,7,2003-07-01,26.925,-80.85,15989596.666666666,0.2296774193548387,0.24896774193548388,0.17541935483870966,0.14764516129032257,0.20042741935483868,2003-07-16 00:00:00,0.20042741935483868,4.441554629629629
2003,8,2003-08-01,26.925,-80.85,13589551.0,0.20587096774193547,0.20251612903225807,0.11696774193548387,0.16006451612903225,0.1713548387096774,2003-08-16 00:00:00,0.1713548387096774,3.774875277777778
2003,9,2003-09-01,26.925,-80.85,11275065.333333334,0.18719999999999998,0.1535,0.10946666666666666,0.15976666666666667,0.15248333333333333,2003-09-15 12:00:00,0.15248333333333333,3.131962592592593
2003,10,2003-10-01,26.925,-80.85,11507080.666666666,0.1686774193548387,0.12964516129032258,0.16338709677419355,0.14874193548387096,0.15261290322580645,2003-10-16 00:00:00,0.15261290322580645,3.1964112962962963
2003,11,2003-11-01,26.925,-80.85,9039664.0,0.11723333333333333,0.04396666666666667,0.1509333333333333,0.027266666666666665,0.08485,2003-11-15 12:00:00,0.08485,2.5110177777777776
2003,12,2003-12-01,26.925,-80.85,8158081.333333333,0.09393548387096774,0.02625806451612903,0.1470322580645161,0.037,0.07605645161290323,2003-12-16 00:00:00,0.07605645161290323,2.2661337037037037
2004,1,2004-01-01,26.925,-80.85,9445282.333333334,0.12193548387096775,0.04003225806451613,0.14061290322580644,0.023193548387096773,0.08144354838709676,2004-01-16 00:00:00,0.08144354838709676,2.6236895370370372
2004,2,2004-02-01,26.925,-80.85,10045121.0,0.1177142857142857,0.04971428571428571,0.16517857142857142,0.07993103448275862,0.10044827586206896,2004-02-15 00:00:00,0.10044827586206896,2.790311388888889
2004,3,2004-03-01,26.925,-80.85,13189963.666666666,0.07971428571428572,0.07858064516129032,0.2204193548387097,0.1309032258064516,0.12861021505376344,2004-03-16 00:00:00,0.12861021505376344,3.663878796296296
2004,4,2004-04-01,26.925,-80.85,15955012.0,0.4302666666666667,0.1017,0.2517241379310345,0.19736666666666666,0.20603333333333332,2004-04-15 12:00:00,0.20603333333333332,4.431947777777777
2004,5,2004-05-01,26.925,-80.85,16992116.166666668,0.41793548387096774,0.2990645161290323,0.2766774193548387,0.29835483870967744,0.323008064516129,2004-05-16 00:00:00,0.323008064516129,4.720032268518519
2004,6,2004-06-01,26.925,-80.85,17883773.333333332,0.25143333333333334,0.26563333333333333,0.2043103448275862,0.2427666666666667,0.2416083333333333,2004-06-15 12:00:00,0.2416083333333333,4.967714814814815
2004,7,2004-07-01,26.925,-80.85,16512977.333333334,0.2225483870967742,0.2303548387096774,0.1970967741935484,0.18951612903225806,0.2098790322580645,2004-07-16 00:00:00,0.2098790322580645,4.586938148148148
2004,8,2004-08-01,26.925,-80.85,13232044.0,0.1829032258064516,0.19306451612903228,0.146741935483871,0.18312903225806454,0.1764596774193548,2004-08-16 00:00:00,0.1764596774193548,3.6755677777777778
2004,9,2004-09-01,26.925,-80.85,10477979.333333334,0.15296666666666667,0.17056666666666667,0.132,0.1791,0.15865833333333332,2004-09-15 12:00:00,0.15865833333333332,2.910549814814815
2004,10,2004-10-01,26.925,-80.85,11361244.0,0.14803225806451614,0.13812903225806453,0.2244736842105263,0.18264516129032257,0.16721236559139782,2004-10-16 00:00:00,0.16721236559139782,3.155901111111111
2004,11,2004-11-01,26.925,-80.85,8732782.333333334,0.10286666666666666,0.003,0.13803333333333334,0.08626666666666667,0.10690555555555552,2004-11-15 12:00:00,0.10690555555555552,2.4257728703703707
2004,12,2004-12-01,26.925,-80.85,7525162.333333333,0.13032258064516128,0.10705555555555556,0.1244516129032258,0.06648387096774193,0.1082284946236559,2004-12-16 00:00:00,0.1082284946236559,2.0903228703703705
2005,1,2005-01-01,26.925,-80.85,8458086.666666666,0.13432258064516128,0.1673225806451613,0.14941935483870966,0.13768181818181818,0.14778225806451611,2005-01-16 00:00:00,0.14778225806451611,2.3494685185185182
2005,2,2005-02-01,26.925,-80.85,9797400.333333334,0.15050000000000002,0.17710714285714285,0.17378571428571427,0.17467857142857143,0.16901785714285714,2005-02-14 12:00:00,0.16901785714285714,2.721500092592593
2005,3,2005-03-01,26.925,-80.85,11996979.666666666,0.18425806451612903,0.15503225806451612,0.20346153846153847,0.20241935483870968,0.1857741935483871,2005-03-16 00:00:00,0.1857741935483871,3.3324943518518517
2005,4,2005-04-01,26.925,-80.85,16446146.0,0.23356666666666664,0.20633333333333334,0.275,0.2754333333333333,0.24758333333333332,2005-04-15 12:00:00,0.24758333333333332,4.568373888888889
2005,5,2005-05-01,26.925,-80.85,14986041.666666666,0.26664516129032256,0.23729032258064517,0.2583548387096774,0.2709032258064516,0.25829838709677416,2005-05-16 00:00:00,0.25829838709677416,4.162789351851852
2005,6,2005-06-01,26.925,-80.85,10191021.333333334,0.2043,0.19826666666666667,0.19643333333333332,0.20473333333333335,0.20093333333333332,2005-06-15 12:00:00,0.20093333333333332,2.8308392592592595
2005,7,2005-07-01,26.925,-80.85,16293380.0,0.24125806451612902,0.24033333333333332,0.23474193548387098,0.24880645161290324,0.2409032258064516,2005-07-16 00:00:00,0.2409032258064516,4.525938888888889
2005,8,2005-08-01,26.925,-80.85,15790655.0,0.19038709677419355,0.22964516129032259,0.2133225806451613,0.24732258064516127,0.22016935483870967,2005-08-16 00:00:00,0.22016935483870967,4.386293055555556
2005,9,2005-09-01,26.925,-80.85,12048788.0,0.18033333333333335,0.21536666666666668,0.18141379310344827,0.23253333333333334,0.19642777777777776,2005-09-15 12:00:00,0.19642777777777776,3.3468855555555557
2005,10,2005-10-01,26.925,-80.85,9805093.333333334,0.14889285714285716,0.17162068965517244,0.178741935483871,0.14500000000000002,0.16494086021505372,2005-10-16 00:00:00,0.16494086021505372,2.723637037037037
2005,11,2005-11-01,26.925,-80.85,9029827.333333334,0.13946666666666668,0.025,0.15320833333333334,0.13803333333333334,0.14289999999999997,2005-11-15 12:00:00,0.14289999999999997,2.5082853703703707
2005,12,2005-12-01,26.925,-80.85,8397290.666666666,0.11845161290322581,0.08364516129032258,0.14058064516129032,0.11219354838709678,0.11371774193548385,2005-12-16 00:00:00,0.11371774193548385,2.3325807407407404
2006,1,2006-01-01,26.925,-80.85,9438060.0,0.1563548387096774,0.12151612903225806,0.154,0.14461290322580644,0.14412096774193547,2006-01-16 00:00:00,0.14412096774193547,2.6216833333333334
2006,2,2006-02-01,26.925,-80.85,11195694.0,0.18742857142857144,0.15475,0.1895,0.17578571428571427,0.17686607142857141,2006-02-14 12:00:00,0.17686607142857141,3.109915
2006,3,2006-03-01,26.925,-80.85,15615020.333333334,0.24212903225806454,0.1847741935483871,0.25370967741935485,0.23099999999999998,0.2279032258064516,2006-03-16 00:00:00,0.2279032258064516,4.337505648148149
2006,4,2006-04-01,26.925,-80.85,16329650.0,0.26166666666666666,0.23746666666666666,0.28576666666666667,0.23973333333333333,0.2561583333333333,2006-04-15 12:00:00,0.2561583333333333,4.536013888888889
2006,5,2006-05-01,26.925,-80.85,18174332.0,0.26841935483870966,0.2674193548387097,0.27745161290322584,0.2547741935483871,0.2670161290322581,2006-05-16 00:00:00,0.2670161290322581,5.048425555555555
2006,6,2006-06-01,26.925,-80.85,15259744.333333334,0.249,0.2507,0.2720666666666667,0.2564,0.25704166666666667,2006-06-15 12:00:00,0.25704166666666667,4.2388178703703705
2006,7,2006-07-01,26.925,-80.85,13631868.666666666,0.23274193548387095,0.21935483870967742,0.23632258064516132,0.22887096774193547,0.22932258064516128,2006-07-16 00:00:00,0.22932258064516128,3.786630185185185
2006,8,2006-08-01,26.925,-80.85,15647212.0,0.2328709677419355,0.21738709677419354,0.20006451612903225,0.22938709677419353,0.2199274193548387,2006-08-16 00:00:00,0.2199274193548387,4.346447777777778
2006,9,2006-09-01,26.925,-80.85,13686266.0,0.1897,0.17766666666666667,0.15346666666666667,0.22603333333333334,0.18671666666666667,2006-09-15 12:00:00,0.18671666666666667,3.8017405555555555
2006,10,2006-10-01,26.925,-80.85,12751753.666666666,0.1880967741935484,0.17093548387096774,0.19764516129032259,0.19303225806451613,0.1874274193548387,2006-10-16 00:00:00,0.1874274193548387,3.5421537962962963
2006,11,2006-11-01,26.925,-80.85,9430608.166666666,0.14413333333333334,0.11766666666666667,0.1286,0.14943333333333333,0.13495833333333335,2006-11-15 12:00:00,0.13495833333333335,2.6196133796296293
2006,12,2006-12-01,26.925,-80.85,6297901.0,0.11512903225806452,0.11174193548387097,0.13016129032258064,0.10977419354838709,0.1167016129032258,2006-12-16 00:00:00,0.1167016129032258,1.7494169444444445
2007,1,2007-01-01,26.925,-80.85,7730735.0,0.138,0.13251612903225804,0.1414516129032258,0.1454516129032258,0.1393548387096774,2007-01-16 00:00:00,0.1393548387096774,2.147426388888889
2007,2,2007-02-01,26.925,-80.85,10388446.333333334,0.17057142857142857,0.14485714285714285,0.16489285714285715,0.16489285714285715,0.16130357142857138,2007-02-14 12:00:00,0.16130357142857138,2.885679537037037
2007,3,2007-03-01,26.925,-80.85,12975065.0,0.2265483870967742,0.2144516129032258,0.22461290322580646,0.22825806451612904,0.22346774193548385,2007-03-16 00:00:00,0.22346774193548385,3.604184722222222
2007,4,2007-04-01,26.925,-80.85,15983508.333333334,0.23803333333333335,0.25576666666666664,0.26030000000000003,0.2643333333333333,0.2546083333333333,2007-04-15 12:00:00,0.2546083333333333,4.439863425925926
2007,5,2007-05-01,26.925,-80.85,16158384.666666666,0.2678387096774194,0.26406451612903226,0.270516129032258,0.27561290322580645,0.269508064516129,2007-05-16 00:00:00,0.269508064516129,4.488440185185185
2007,6,2007-06-01,26.925,-80.85,15855649.666666666,0.23876666666666668,0.23416666666666666,0.2521,0.2577333333333333,0.24569166666666664,2007-06-15 12:00:00,0.24569166666666664,4.404347129629629
2007,7,2007-07-01,26.925,-80.85,15496572.0,0.2509677419354839,0.22961290322580646,0.2178709677419355,0.2540322580645161,0.23812096774193547,2007-07-16 00:00:00,0.23812096774193547,4.304603333333334
2007,8,2007-08-01,26.925,-80.85,16791778.0,0.24567741935483872,0.24438709677419357,0.20016129032258065,0.2321875,0.2301854838709677,2007-08-16 00:00:00,0.2301854838709677,4.664382777777778
2007,9,2007-09-01,26.925,-80.85,13094935.333333334,0.2094,0.20983333333333334,0.15686666666666668,0.20365384615384616,0.19544999999999998,2007-09-15 12:00:00,0.19544999999999998,3.6374820370370373
2007,10,2007-10-01,26.925,-80.85,9536912.0,0.17970967741935484,0.17400000000000002,0.1520967741935484,0.1778709677419355,0.17091935483870968,2007-10-16 00:00:00,0.17091935483870968,2.6491422222222223
2007,11,2007-11-01,26.925,-80.85,10038872.0,0.1717,0.1611,0.16290000000000002,0.16613333333333333,0.16545833333333332,2007-11-15 12:00:00,0.16545833333333332,2.7885755555555556
2007,12,2007-12-01,26.925,-80.85,8433289.333333334,0.14383870967741935,0.1472258064516129,0.14309677419354838,0.1424516129032258,0.14415322580645162,2007-12-16 00:00:00,0.14415322580645162,2.3425803703703707
2008,1,2008-01-01,26.925,-80.85,8278813.333333333,0.15151612903225806,0.14509999999999998,0.14338709677419356,0.14490322580645162,0.14602150537634404,2008-01-16 00:00:00,0.14602150537634404,2.2996703703703703
2008,2,2008-02-01,26.925,-80.85,10284652.0,0.1713448275862069,0.18013793103448278,0.17627586206896553,0.1759655172413793,0.1759310344827586,2008-02-15 00:00:00,0.1759310344827586,2.856847777777778
2008,3,2008-03-01,26.925,-80.85,11599392.666666666,0.21025806451612902,0.21216129032258063,0.2039032258064516,0.207,0.20833064516129032,2008-03-16 00:00:00,0.20833064516129032,3.222053518518518
2008,4,2008-04-01,26.925,-80.85,14503989.0,0.2657,0.24163333333333334,0.2585,0.2551333333333333,0.25524166666666664,2008-04-15 12:00:00,0.25524166666666664,4.028885833333334
2008,5,2008-05-01,26.925,-80.85,17483448.0,0.27983870967741936,0.271,0.27699999999999997,0.27322580645161293,0.27526612903225806,2008-05-16 00:00:00,0.27526612903225806,4.856513333333333
2008,6,2008-06-01,26.925,-80.85,15286278.666666666,0.2535,0.19266666666666668,0.23733333333333334,0.23613333333333333,0.22990833333333333,2008-06-15 12:00:00,0.22990833333333333,4.246188518518518
2008,7,2008-07-01,26.925,-80.85,14489678.666666666,0.23793548387096775,0.09477777777777778,0.2302258064516129,0.23206451612903226,0.21217473118279567,2008-07-16 00:00:00,0.21217473118279567,4.024910740740741
2008,8,2008-08-01,26.925,-80.85,12810921.666666666,0.17012903225806453,0.13493548387096774,0.18716129032258066,0.20274193548387098,0.17374193548387099,2008-08-16 00:00:00,0.17374193548387099,3.5585893518518517
2008,9,2008-09-01,26.925,-80.85,12239564.0,0.13426666666666665,0.17733333333333334,0.18683333333333335,0.20936666666666667,0.17695,2008-09-15 12:00:00,0.17695,3.399878888888889
2008,10,2008-10-01,26.925,-80.85,9432310.666666666,0.13761290322580647,0.17970967741935484,0.16758064516129034,0.1817741935483871,0.16666935483870962,2008-10-16 00:00:00,0.16666935483870962,2.620086296296296
2008,11,2008-11-01,26.925,-80.85,11389072.333333334,0.1229,0.09776666666666665,0.17693333333333333,0.17223333333333332,0.14245833333333333,2008-11-15 12:00:00,0.14245833333333333,3.1636312037037038
2008,12,2008-12-01,26.925,-80.85,8114804.0,0.1259032258064516,0.08861290322580645,0.1428064516129032,0.14219354838709677,0.12487903225806452,2008-12-16 00:00:00,0.12487903225806452,2.254112222222222
2009,1,2009-01-01,26.925,-80.85,10546027.0,0.13029032258064516,0.10619354838709677,0.1599032258064516,0.15493548387096773,0.13783064516129032,2009-01-16 00:00:00,0.13783064516129032,2.9294519444444442
2009,2,2009-02-01,26.925,-80.85,11990356.0,0.1650357142857143,0.15435714285714286,0.2089642857142857,0.2000357142857143,0.1820982142857143,2009-02-14 12:00:00,0.1820982142857143,3.3306544444444444
2009,3,2009-03-01,26.925,-80.85,11707547.666666666,0.17541935483870966,0.17587096774193547,0.22661290322580646,0.21574193548387097,0.19841129032258062,2009-03-16 00:00:00,0.19841129032258062,3.252096574074074
2009,4,2009-04-01,26.925,-80.85,15546952.0,0.19176666666666667,0.1511,0.27096666666666663,0.26063333333333333,0.21861666666666663,2009-04-15 12:00:00,0.21861666666666663,4.318597777777778
2009,5,2009-05-01,26.925,-80.85,15410173.333333334,0.22774193548387098,0.25074193548387097,0.259,0.24696774193548385,0.24611290322580645,2009-05-16 00:00:00,0.24611290322580645,4.2806037037037035
2009,6,2009-06-01,26.925,-80.85,15586696.666666666,0.2506333333333333,0.25116666666666665,0.2581,0.24496666666666667,0.25121666666666664,2009-06-15 12:00:00,0.25121666666666664,4.329637962962963
2009,7,2009-07-01,26.925,-80.85,15487657.333333334,0.21051612903225805,0.24348387096774193,0.1221,0.20519354838709677,0.19638978494623655,2009-07-16 00:00:00,0.19638978494623655,4.302127037037037
2009,8,2009-08-01,26.925,-80.85,15126036.666666666,0.23003225806451613,0.21929032258064515,0.22403225806451613,0.20461290322580644,0.21949193548387097,2009-08-16 00:00:00,0.21949193548387097,4.201676851851851
2009,9,2009-09-01,26.925,-80.85,11578369.666666666,0.1971,0.1724,0.20986666666666667,0.18233333333333332,0.19042499999999998,2009-09-15 12:00:00,0.19042499999999998,3.2162137962962962
2009,10,2009-10-01,26.925,-80.85,11842369.666666666,0.12180645161290322,0.12606451612903224,0.20383870967741935,0.2056451612903226,0.16433870967741931,2009-10-16 00:00:00,0.16433870967741931,3.2895471296296295
2009,11,2009-11-01,26.925,-80.85,7824708.0,0.07143333333333333,0.0908,0.14703333333333332,0.15116666666666667,0.11510833333333333,2009-11-15 12:00:00,0.11510833333333333,2.17353
2009,12,2009-12-01,26.925,-80.85,6500457.666666667,0.09593548387096774,0.07093548387096774,0.12006451612903225,0.11496774193548387,0.1004758064516129,2009-12-16 00:00:00,0.1004758064516129,1.8056826851851853
2010,1,2010-01-01,26.925,-80.85,8715370.666666666,0.08490322580645161,0.08832258064516128,0.1361290322580645,0.13635483870967743,0.1114274193548387,2010-01-16 00:00:00,0.1114274193548387,2.420936296296296
2010,2,2010-02-01,26.925,-80.85,10054341.0,0.09857142857142856,0.08707142857142858,0.16389285714285715,0.16614285714285715,0.12891964285714283,2010-02-14 12:00:00,0.12891964285714283,2.7928725
2010,3,2010-03-01,26.925,-80.85,13261349.666666666,0.11161290322580646,0.11480645161290323,0.20729032258064517,0.2132258064516129,0.16173387096774194,2010-03-16 00:00:00,0.16173387096774194,3.6837082407407404
2010,4,2010-04-01,26.925,-80.85,15151787.666666666,0.16623333333333334,0.0749,0.23446666666666666,0.23779999999999998,0.17834999999999998,2010-04-15 12:00:00,0.17834999999999998,4.208829907407408
2010,5,2010-05-01,26.925,-80.85,16967962.0,0.26161290322580644,0.14771428571428571,0.27890322580645166,0.24916129032258066,0.25573655913978494,2010-05-16 00:00:00,0.25573655913978494,4.713322777777778
2010,6,2010-06-01,26.925,-80.85,16958407.333333332,0.24096666666666666,0.23632,0.26946666666666663,0.2661,0.2548694444444444,2010-06-15 12:00:00,0.2548694444444444,4.710668703703703
2010,7,2010-07-01,26.925,-80.85,15456744.0,0.1712258064516129,0.1756451612903226,0.24119354838709678,0.21596774193548388,0.20100806451612901,2010-07-16 00:00:00,0.20100806451612901,4.29354
2010,8,2010-08-01,26.925,-80.85,12472276.0,0.17822580645161293,0.19974193548387098,0.20316129032258065,0.1921935483870968,0.1933306451612903,2010-08-16 00:00:00,0.1933306451612903,3.464521111111111
2010,9,2010-09-01,26.925,-80.85,12713022.333333334,0.10677272727272728,0.18842857142857142,0.21023333333333336,0.20383333333333334,0.1799972222222222,2010-09-15 12:00:00,0.1799972222222222,3.5313950925925925
2010,10,2010-10-01,26.925,-80.85,12104960.666666666,0.12570967741935485,0.3427222222222222,0.2036774193548387,0.20474193548387096,0.20014784946236558,2010-10-16 00:00:00,0.20014784946236558,3.362489074074074
2010,11,2010-11-01,26.925,-80.85,9340175.0,0.08253333333333333,,0.16283333333333333,0.15288888888888888,0.13232222222222217,2010-11-15 12:00:00,0.13232222222222217,2.5944930555555556
2010,12,2010-12-01,26.925,-80.85,9747305.666666666,0.0817741935483871,,0.14103225806451614,0.14929032258064517,0.1240322580645161,2010-12-16 00:00:00,0.1240322580645161,2.707584907407407
2011,1,2011-01-01,26.925,-80.85,8579074.333333334,0.07761290322580645,0.06035714285714285,0.1390967741935484,0.14161290322580644,0.10623924731182795,2011-01-16 00:00:00,0.10623924731182795,2.3830762037037037
2011,2,2011-02-01,26.925,-80.85,11091461.666666666,0.09196428571428572,0.008,0.17942857142857144,0.16632142857142856,0.14486011904761903,2011-02-14 12:00:00,0.14486011904761903,3.080961574074074
2011,3,2011-03-01,26.925,-80.85,14274550.333333334,0.11003225806451614,0.0902,0.2255483870967742,0.18383870967741936,0.1545241935483871,2011-03-16 00:00:00,0.1545241935483871,3.9651528703703707
2011,4,2011-04-01,26.925,-80.85,17600026.666666668,0.2248,0.2394736842105263,0.2636,0.29313333333333336,0.259775,2011-04-15 12:00:00,0.259775,4.888896296296297
2011,5,2011-05-01,26.925,-80.85,18497346.666666668,0.2888064516129032,0.22875,0.286,0.3074516129032258,0.2842795698924731,2011-05-16 00:00:00,0.2842795698924731,5.138151851851852
2011,6,2011-06-01,26.925,-80.85,16990462.5,0.26713333333333333,0.29091666666666666,0.2587,0.2838333333333333,0.27646666666666664,2011-06-15 12:00:00,0.27646666666666664,4.7195729166666665
2011,7,2011-07-01,26.925,-80.85,14700829.0,0.24448387096774193,0.19974193548387098,0.1643225806451613,0.2283225806451613,0.20921774193548384,2011-07-16 00:00:00,0.20921774193548384,4.083563611111111
2011,8,2011-08-01,26.925,-80.85,13536636.0,0.2069677419354839,0.1694516129032258,0.15367741935483872,0.19893548387096774,0.18225806451612903,2011-08-16 00:00:00,0.18225806451612903,3.7601766666666667
2011,9,2011-09-01,26.925,-80.85,12629273.333333334,0.1762,0.1641,0.21356666666666665,0.23253333333333334,0.1966,2011-09-15 12:00:00,0.1966,3.5081314814814815
2011,10,2011-10-01,26.925,-80.85,8975065.333333334,0.16093548387096773,0.1510967741935484,0.15167741935483872,0.1778709677419355,0.16039516129032255,2011-10-16 00:00:00,0.16039516129032255,2.493073703703704
2011,11,2011-11-01,26.925,-80.85,9232846.0,0.08048275862068965,0.04926666666666667,0.16363333333333333,0.1765,0.12854444444444443,2011-11-15 12:00:00,0.12854444444444443,2.5646794444444443
2011,12,2011-12-01,26.925,-80.85,8052387.0,0.0898,0.0695,0.1288709677419355,0.1490967741935484,0.12457526881720428,2011-12-16 00:00:00,0.12457526881720428,2.2367741666666667
2012,1,2012-01-01,26.925,-80.85,9865979.333333334,0.10487096774193548,0.07441666666666667,0.1594516129032258,0.1675483870967742,0.13008870967741934,2012-01-16 00:00:00,0.13008870967741934,2.740549814814815
2012,2,2012-02-01,26.925,-80.85,9640484.666666666,0.09096296296296297,,0.16689655172413792,0.17193103448275862,0.14570114942528734,2012-02-15 00:00:00,0.14570114942528734,2.6779124074074074
2012,3,2012-03-01,26.925,-80.85,13222805.666666666,0.13196,,0.2172258064516129,0.2375483870967742,0.20354838709677414,2012-03-16 00:00:00,0.20354838709677414,3.673001574074074
2012,4,2012-04-01,26.925,-80.85,14919807.333333334,,,0.2438,0.2576333333333333,0.25071666666666664,2012-04-15 12:00:00,0.25071666666666664,4.144390925925926
2012,5,2012-05-01,26.925,-80.85,15360502.666666666,,,0.25751612903225807,0.2681935483870968,0.2628548387096774,2012-05-16 00:00:00,0.2628548387096774,4.266806296296296
2012,6,2012-06-01,26.925,-80.85,12425820.333333334,,,0.21836666666666668,0.21723333333333333,0.2178,2012-06-15 12:00:00,0.2178,3.4516167592592595
2012,7,2012-07-01,26.925,-80.85,17323088.0,,,0.25967741935483873,0.2425483870967742,0.2511129032258064,2012-07-16 00:00:00,0.2511129032258064,4.811968888888889
2012,8,2012-08-01,26.925,-80.85,14028416.333333334,,,0.21551612903225806,0.2124193548387097,0.21396774193548387,2012-08-16 00:00:00,0.21396774193548387,3.896782314814815
2012,9,2012-09-01,26.925,-80.85,12091362.0,,,0.19973333333333335,0.21923333333333334,0.20948333333333333,2012-09-15 12:00:00,0.20948333333333333,3.3587116666666668
2012,10,2012-10-01,26.925,-80.85,10531297.666666666,,,0.18738709677419355,0.1963225806451613,0.1918548387096774,2012-10-16 00:00:00,0.1918548387096774,2.9253604629629626
2012,11,2012-11-01,26.925,-80.85,10453240.333333334,,,0.1627333333333333,0.17113333333333333,0.16693333333333332,2012-11-15 12:00:00,0.16693333333333332,2.9036778703703705
2012,12,2012-12-01,26.925,-80.85,8606114.0,,,0.1324516129032258,0.14716129032258066,0.13980645161290323,2012-12-16 00:00:00,0.13980645161290323,2.3905872222222224
2013,1,2013-01-01,26.925,-80.85,8001511.666666667,,,0.1375483870967742,0.15493548387096773,0.14624193548387093,2013-01-16 00:00:00,0.14624193548387093,2.2226421296296297
2013,2,2013-02-01,26.925,-80.85,10767888.0,,,0.1772142857142857,0.19357142857142856,0.18539285714285714,2013-02-14 12:00:00,0.18539285714285714,2.99108
2013,3,2013-03-01,26.925,-80.85,15443902.0,,,0.22522580645161291,0.13974193548387095,0.18248387096774193,2013-03-16 00:00:00,0.18248387096774193,4.289972777777778
2013,4,2013-04-01,26.925,-80.85,13967112.666666666,,,0.24386666666666665,0.23620000000000002,0.24003333333333332,2013-04-15 12:00:00,0.24003333333333332,3.8797535185185184
2013,5,2013-05-01,26.925,-80.85,15432360.0,,,0.26448387096774195,0.28041935483870967,0.2724516129032258,2013-05-16 00:00:00,0.2724516129032258,4.286766666666667
2013,6,2013-06-01,26.925,-80.85,13107668.0,,,0.2216,0.23973333333333333,0.23066666666666666,2013-06-15 12:00:00,0.23066666666666666,3.641018888888889
2013,7,2013-07-01,26.925,-80.85,13299865.0,,,0.19412903225806452,0.1974516129032258,0.19579032258064516,2013-07-16 00:00:00,0.19579032258064516,3.6944069444444443
2013,8,2013-08-01,26.925,-80.85,15291613.0,,,0.18064516129032257,0.22993548387096774,0.20529032258064517,2013-08-16 00:00:00,0.20529032258064517,4.247670277777778
2013,9,2013-09-01,26.925,-80.85,11596179.0,,,0.13023333333333334,0.179,0.15461666666666665,2013-09-15 12:00:00,0.15461666666666665,3.2211608333333333
2013,10,2013-10-01,26.925,-80.85,11947092.333333334,,,0.18712903225806451,0.18867741935483873,0.18790322580645158,2013-10-16 00:00:00,0.18790322580645158,3.3186367592592596
2013,11,2013-11-01,26.925,-80.85,6684113.0,,,0.13583333333333333,0.1407,0.13826666666666665,2013-11-15 12:00:00,0.13826666666666665,1.8566980555555554
2013,12,2013-12-01,26.925,-80.85,7145464.333333333,,,0.08774193548387096,0.11883870967741936,0.10329032258064515,2013-12-16 00:00:00,0.10329032258064515,1.9848512037037036
2014,1,2014-01-01,26.925,-80.85,8096778.666666667,,,0.06838709677419355,0.09203225806451613,0.08020967741935484,2014-01-16 00:00:00,0.08020967741935484,2.249105185185185
2014,2,2014-02-01,26.925,-80.85,11525298.666666666,,,0.10853846153846154,0.12907142857142856,0.11958928571428572,2014-02-14 12:00:00,0.11958928571428572,3.2014718518518515
2014,3,2014-03-01,26.925,-80.85,13397072.666666666,,,,0.16986666666666667,0.16986666666666667,2014-03-16 00:00:00,0.16986666666666667,3.721409074074074
2014,4,2014-04-01,26.925,-80.85,14816066.666666666,,,0.25956250000000003,0.24514285714285713,0.2490535714285714,2014-04-15 12:00:00,0.2490535714285714,4.115574074074074
2014,5,2014-05-01,26.925,-80.85,17511112.0,,,0.26838709677419353,0.24074193548387096,0.25456451612903225,2014-05-16 00:00:00,0.25456451612903225,4.864197777777778
2014,6,2014-06-01,26.925,-80.85,15280506.666666666,,,0.20866666666666667,0.18380000000000002,0.19623333333333332,2014-06-15 12:00:00,0.19623333333333332,4.244585185185185
2014,7,2014-07-01,26.925,-80.85,14897253.666666666,,,0.14748387096774193,0.13841935483870968,0.1429516129032258,2014-07-16 00:00:00,0.1429516129032258,4.138126018518518
2014,8,2014-08-01,26.925,-80.85,16762208.5,,,0.19290322580645164,0.18219354838709675,0.18754838709677418,2014-08-16 00:00:00,0.18754838709677418,4.656169027777778
2014,9,2014-09-01,26.925,-80.85,11705617.333333334,,,0.13233333333333333,0.1366,0.13446666666666665,2014-09-15 12:00:00,0.13446666666666665,3.2515603703703704
2014,10,2014-10-01,26.925,-80.85,12363997.333333334,,,0.1681935483870968,0.13680645161290322,0.1525,2014-10-16 00:00:00,0.1525,3.4344437037037037
2014,11,2014-11-01,26.925,-80.85,8596404.0,,,0.07613333333333333,0.12586666666666665,0.10099999999999999,2014-11-15 12:00:00,0.10099999999999999,2.38789
2014,12,2014-12-01,26.925,-80.85,8580956.666666666,,,0.06016129032258064,0.1023225806451613,0.08124193548387097,2014-12-16 00:00:00,0.08124193548387097,2.383599074074074
2015,1,2015-01-01,26.925,-80.85,8424340.333333334,,,0.09438709677419356,0.10741935483870968,0.1009032258064516,2015-01-16 00:00:00,0.1009032258064516,2.340094537037037
2015,2,2015-02-01,26.925,-80.85,10614183.0,,,0.15353571428571428,0.154,0.15376785714285715,2015-02-14 12:00:00,0.15376785714285715,2.9483841666666666
2015,3,2015-03-01,26.925,-80.85,13179119.0,,,0.183,0.19222580645161289,0.18761290322580645,2015-03-16 00:00:00,0.18761290322580645,3.660866388888889
2015,4,2015-04-01,26.925,-80.85,14583057.0,,,0.2343,0.23850000000000002,0.2364,2015-04-15 12:00:00,0.2364,4.050849166666667
2015,5,2015-05-01,26.925,-80.85,17371093.333333332,,,0.2857096774193548,0.26938709677419354,0.27754838709677415,2015-05-16 00:00:00,0.27754838709677415,4.825303703703703
2015,6,2015-06-01,26.925,-80.85,16513756.833333334,,,0.2805666666666667,0.22613333333333333,0.25335,2015-06-15 12:00:00,0.25335,4.587154675925926
2015,7,2015-07-01,26.925,-80.85,15372193.333333334,,,0.22916129032258065,0.17361290322580647,0.20138709677419356,2015-07-16 00:00:00,0.20138709677419356,4.270053703703704
2015,8,2015-08-01,26.925,-80.85,14080362.666666666,,,0.22432258064516128,0.21100000000000002,0.21766129032258064,2015-08-16 00:00:00,0.21766129032258064,3.9112118518518515
2015,9,2015-09-01,26.925,-80.85,10756104.666666666,,,0.21043333333333333,0.17140000000000002,0.19091666666666665,2015-09-15 12:00:00,0.19091666666666665,2.9878068518518517
2015,10,2015-10-01,26.925,-80.85,10995791.666666666,,,0.15251612903225806,0.1377741935483871,0.1451451612903226,2015-10-16 00:00:00,0.1451451612903226,3.054386574074074
2015,11,2015-11-01,26.925,-80.85,8734609.0,,,0.13316666666666668,0.13406666666666667,0.13361666666666666,2015-11-15 12:00:00,0.13361666666666666,2.426280277777778
2015,12,2015-12-01,26.925,-80.85,6665667.666666667,,,0.07848387096774193,0.07016129032258064,0.07432258064516128,2015-12-16 00:00:00,0.07432258064516128,1.851574351851852
2016,1,2016-01-01,26.925,-80.85,6576981.333333333,,,0.07666666666666666,0.07025,0.07670967741935485,2016-01-16 00:00:00,0.07670967741935485,1.8269392592592593
2016,2,2016-02-01,26.925,-80.85,10181999.666666666,,,0.121,0.11642857142857142,0.11746153846153845,2016-02-15 00:00:00,0.11746153846153845,2.8283332407407404
2016,3,2016-03-01,26.925,-80.85,10610745.666666666,,,0.1554,0.18925,0.1718,2016-03-16 00:00:00,0.1718,2.9474293518518517
2016,4,2016-04-01,26.925,-80.85,16048242.333333334,,,0.23943333333333333,0.22633333333333333,0.23331666666666664,2016-04-15 12:00:00,0.23331666666666664,4.457845092592593
2016,5,2016-05-01,26.925,-80.85,16247508.0,,,0.24238709677419357,0.2381290322580645,0.24025806451612902,2016-05-16 00:00:00,0.24025806451612902,4.5131966666666665
2016,6,2016-06-01,26.925,-80.85,14868959.666666666,,,0.23356666666666664,0.2337,0.2336333333333333,2016-06-15 12:00:00,0.2336333333333333,4.130266574074074
2016,7,2016-07-01,26.925,-80.85,17122496.0,,,0.2242758620689655,0.2036774193548387,0.21464516129032257,2016-07-16 00:00:00,0.21464516129032257,4.756248888888889
2016,8,2016-08-01,26.925,-80.85,12353926.666666666,,,0.1698,0.17276666666666665,0.17206451612903226,2016-08-16 00:00:00,0.17206451612903226,3.431646296296296
2016,9,2016-09-01,26.925,-80.85,11505346.333333334,,,0.17329999999999998,0.1661,0.1697,2016-09-15 12:00:00,0.1697,3.195929537037037
2016,10,2016-10-01,26.925,-80.85,9747786.0,,,0.15988888888888889,0.16835483870967743,0.1701774193548387,2016-10-16 00:00:00,0.1701774193548387,2.7077183333333332
2016,11,2016-11-01,26.925,-80.85,9264376.666666666,,,0.0864,0.12175000000000001,0.12050000000000001,2016-11-15 12:00:00,0.12050000000000001,2.573437962962963
2016,12,2016-12-01,26.925,-80.85,7568458.333333333,,,0.07831578947368421,0.07370588235294118,0.075875,2016-12-16 00:00:00,0.075875,2.102349537037037
2017,1,2017-01-01,26.925,-80.85,8702177.666666666,,,0.11575,0.10158333333333334,0.11434615384615385,2017-01-16 00:00:00,0.11434615384615385,2.417271574074074
2017,2,2017-02-01,26.925,-80.85,11140745.333333334,,,0.1348888888888889,0.10700000000000001,0.13094999999999998,2017-02-14 12:00:00,0.13094999999999998,3.0946514814814816
2017,3,2017-03-01,26.925,-80.85,13556742.0,,,0.20775,0.14853333333333335,0.1718095238095238,2017-03-16 00:00:00,0.1718095238095238,3.7657616666666667
2017,4,2017-04-01,26.925,-80.85,14529646.0,,,0.24803448275862067,0.2641538461538462,0.24889655172413794,2017-04-15 12:00:00,0.24889655172413794,4.036012777777778
2017,5,2017-05-01,26.925,-80.85,18404032.0,,,0.28325806451612906,0.2838709677419355,0.2835645161290323,2017-05-16 00:00:00,0.2835645161290323,5.112231111111111
2017,6,2017-06-01,26.925,-80.85,11030915.666666666,,,0.1963,0.16778260869565217,0.19186666666666666,2017-06-15 12:00:00,0.19186666666666666,3.0641432407407407
2017,7,2017-07-01,26.925,-80.85,13729422.666666666,,,0.186,0.20477419354838708,0.19538709677419352,2017-07-16 00:00:00,0.19538709677419352,3.813728518518518
2017,8,2017-08-01,26.925,-80.85,14327009.666666666,,,0.19074193548387097,0.1876774193548387,0.18920967741935485,2017-08-16 00:00:00,0.18920967741935485,3.979724907407407
2017,9,2017-09-01,26.925,-80.85,11946507.333333334,,,0.19443333333333335,0.20856666666666665,0.20149999999999998,2017-09-15 12:00:00,0.20149999999999998,3.3184742592592595
2017,10,2017-10-01,26.925,-80.85,9993740.666666666,,,0.18248387096774193,0.15948387096774194,0.17098387096774192,2017-10-16 00:00:00,0.17098387096774192,2.776039074074074
2017,11,2017-11-01,26.925,-80.85,9332750.333333334,,,0.17296666666666666,0.1555,0.16423333333333331,2017-11-15 12:00:00,0.16423333333333331,2.5924306481481483
2017,12,2017-12-01,26.925,-80.85,8711285.333333334,,,0.13193548387096773,0.10374193548387098,0.11783870967741934,2017-12-16 00:00:00,0.11783870967741934,2.4198014814814814
2018,1,2018-01-01,26.925,-80.85,7407616.333333333,,,0.12290322580645162,0.11903225806451613,0.12096774193548387,2018-01-16 00:00:00,0.12096774193548387,2.0576712037037037
2018,2,2018-02-01,26.925,-80.85,10266478.0,,,0.1738888888888889,0.16667857142857143,0.17016071428571428,2018-02-14 12:00:00,0.17016071428571428,2.8517994444444446
2018,3,2018-03-01,26.925,-80.85,16490078.0,,,0.2174,0.193,0.21716666666666665,2018-03-16 00:00:00,0.21716666666666665,4.580577222222222
2018,4,2018-04-01,26.925,-80.85,17074584.0,,,0.24860000000000002,0.25104,0.2499833333333333,2018-04-15 12:00:00,0.2499833333333333,4.74294
2018,5,2018-05-01,26.925,-80.85,9113596.666666666,,,0.1733548387096774,0.1803225806451613,0.17683870967741933,2018-05-16 00:00:00,0.17683870967741933,2.5315546296296296
2018,6,2018-06-01,26.925,-80.85,14239797.333333334,,,0.23676666666666665,0.24646666666666667,0.24161666666666667,2018-06-15 12:00:00,0.24161666666666667,3.9554992592592595
2018,7,2018-07-01,26.925,-80.85,13615814.666666666,,,0.23629032258064517,0.22503333333333334,0.23149999999999998,2018-07-16 00:00:00,0.23149999999999998,3.7821707407407406
2018,8,2018-08-01,26.925,-80.85,14210965.666666666,,,0.2025483870967742,0.20283870967741938,0.20269354838709677,2018-08-16 00:00:00,0.20269354838709677,3.947490462962963
2018,9,2018-09-01,26.925,-80.85,12638873.666666666,,,0.1816,0.15636666666666665,0.16898333333333332,2018-09-15 12:00:00,0.16898333333333332,3.5107982407407405
2018,10,2018-10-01,26.925,-80.85,12042886.0,,,0.1774516129032258,0.1587741935483871,0.16811290322580644,2018-10-16 00:00:00,0.16811290322580644,3.345246111111111
2018,11,2018-11-01,26.925,-80.85,9004542.333333334,,,0.12126666666666666,0.0949655172413793,0.10816666666666666,2018-11-15 12:00:00,0.10816666666666666,2.5012617592592594
2018,12,2018-12-01,26.925,-80.85,7981779.0,,,0.09703703703703705,0.08025,0.09123214285714286,2018-12-16 00:00:00,0.09123214285714286,2.2171608333333332
2019,1,2019-01-01,26.925,-80.85,9024175.333333334,,,0.08518181818181819,0.05542857142857143,0.08413043478260869,2019-01-16 00:00:00,0.08413043478260869,2.5067153703703706
2019,2,2019-02-01,26.925,-80.85,10083641.666666666,,,0.07845454545454546,0.066,0.08025,2019-02-14 12:00:00,0.08025,2.801011574074074
2019,3,2019-03-01,26.925,-80.85,11588653.0,,,0.20400000000000001,0.009,0.20366666666666666,2019-03-16 00:00:00,0.20366666666666666,3.219070277777778
2019,4,2019-04-01,26.925,-80.85,16103304.0,,,0.24509999999999998,,0.24509999999999998,2019-04-15 12:00:00,0.24509999999999998,4.47314
2019,5,2019-05-01,26.925,-80.85,16765994.666666666,,,0.2739677419354839,0.31,0.2735645161290322,2019-05-16 00:00:00,0.2735645161290322,4.65722074074074
2019,6,2019-06-01,26.925,-80.85,13653305.666666666,,,0.2297,0.2167857142857143,0.22513333333333332,2019-06-15 12:00:00,0.22513333333333332,3.792584907407407
2019,7,2019-07-01,26.925,-80.85,14128160.666666666,,,0.21448387096774194,0.20507692307692307,0.21188709677419354,2019-07-16 00:00:00,0.21188709677419354,3.924489074074074
2019,8,2019-08-01,26.925,-80.85,10974696.666666666,,,0.1774193548387097,0.1564193548387097,0.16691935483870968,2019-08-16 00:00:00,0.16691935483870968,3.0485268518518516
2019,9,2019-09-01,26.925,-80.85,13366558.333333334,,,0.20416666666666666,0.1739,0.1890333333333333,2019-09-15 12:00:00,0.1890333333333333,3.7129328703703703
2019,10,2019-10-01,26.925,-80.85,10718241.0,,,0.14764516129032257,0.1300967741935484,0.13887096774193547,2019-10-16 00:00:00,0.13887096774193547,2.9772891666666665
2019,11,2019-11-01,26.925,-80.85,8742878.0,,,0.10747999999999999,0.07306666666666667,0.08543333333333332,2019-11-15 12:00:00,0.08543333333333332,2.428577222222222
2019,12,2019-12-01,26.925,-80.85,7162014.333333333,,,0.06841379310344828,0.07064516129032258,0.07027419354838708,2019-12-16 00:00:00,0.07027419354838708,1.9894484259259257
2020,1,2020-01-01,26.925,-80.85,9855357.333333334,,,0.11654838709677419,0.0902258064516129,0.10338709677419354,2020-01-16 00:00:00,0.10338709677419354,2.7375992592592593
2020,2,2020-02-01,26.925,-80.85,10046316.333333334,,,0.1323181818181818,0.12159090909090908,0.1279782608695652,2020-02-15 00:00:00,0.1279782608695652,2.7906434259259263
2020,3,2020-03-01,26.925,-80.85,13488259.0,,,0.25052631578947365,0.1825,0.22099999999999995,2020-03-16 00:00:00,0.22099999999999995,3.746738611111111
2020,4,2020-04-01,26.925,-80.85,14593747.666666666,,,0.22106666666666666,0.18450000000000003,0.2029333333333333,2020-04-15 12:00:00,0.2029333333333333,4.053818796296296
2020,5,2020-05-01,26.925,-80.85,15042298.333333334,,,0.2418064516129032,0.23725806451612902,0.2395322580645161,2020-05-16 00:00:00,0.2395322580645161,4.178416203703704
2020,6,2020-06-01,26.925,-80.85,13508905.666666666,,,0.23433333333333334,0.23158620689655174,0.23399999999999999,2020-06-15 12:00:00,0.23399999999999999,3.752473796296296
2020,7,2020-07-01,26.925,-80.85,14624213.0,,,0.22441935483870967,0.16542857142857142,0.2073548387096774,2020-07-16 00:00:00,0.2073548387096774,4.062281388888889
2020,8,2020-08-01,26.925,-80.85,14087285.0,,,0.2000322580645161,0.17885,0.19051612903225806,2020-08-16 00:00:00,0.19051612903225806,3.9131347222222224
2020,9,2020-09-01,26.925,-80.85,10865772.0,,,0.1600666666666667,0.14673076923076922,0.15466666666666665,2020-09-15 12:00:00,0.15466666666666665,3.01827
2020,10,2020-10-01,26.925,-80.85,8690123.666666666,,,0.13125806451612904,0.11312903225806452,0.12219354838709676,2020-10-16 00:00:00,0.12219354838709676,2.4139232407407407
2020,11,2020-11-01,26.925,-80.85,7193365.0,,,0.11683333333333333,0.10919999999999999,0.11301666666666667,2020-11-15 12:00:00,0.11301666666666667,1.9981569444444445
2020,12,2020-12-01,26.925,-80.85,8039481.0,,,0.12124137931034483,0.11623333333333334,0.1173225806451613,2020-12-16 00:00:00,0.1173225806451613,2.2331891666666666
2021,1,2021-01-01,26.925,-80.85,9054762.333333334,,,0.13173333333333334,0.12334482758620689,0.12853225806451613,2021-01-16 00:00:00,0.12853225806451613,2.5152117592592593
2021,2,2021-02-01,26.925,-80.85,10430026.333333334,,,0.1497391304347826,0.15552,0.1556607142857143,2021-02-14 12:00:00,0.1556607142857143,2.8972295370370373
2021,3,2021-03-01,26.925,-80.85,12503494.333333334,,,0.20776666666666666,0.16451612903225804,0.18566129032258064,2021-03-16 00:00:00,0.18566129032258064,3.4731928703703705
2021,4,2021-04-01,26.925,-80.85,14674637.666666666,,,0.22026666666666667,0.16557692307692307,0.19923333333333332,2021-04-15 12:00:00,0.19923333333333332,4.07628824074074
2021,5,2021-05-01,26.925,-80.85,16176814.333333334,,,0.2506451612903226,0.25170967741935485,0.25117741935483867,2021-05-16 00:00:00,0.25117741935483867,4.493559537037037
2021,6,2021-06-01,26.925,-80.85,11197156.666666666,,,0.18710000000000002,0.21088461538461536,0.1947333333333333,2021-06-15 12:00:00,0.1947333333333333,3.1103212962962963
2021,7,2021-07-01,26.925,-80.85,13788394.333333334,,,0.23183870967741937,0.225625,0.22640322580645159,2021-07-16 00:00:00,0.22640322580645159,3.8301095370370373
2021,8,2021-08-01,26.925,-80.85,12284621.333333334,,,0.17570967741935484,0.15716666666666668,0.1733709677419355,2021-08-16 00:00:00,0.1733709677419355,3.412394814814815
2021,9,2021-09-01,26.925,-80.85,11712380.666666666,,,0.19893333333333332,0.18683333333333332,0.19606666666666667,2021-09-15 12:00:00,0.19606666666666667,3.2534390740740737
2021,10,2021-10-01,26.925,-80.85,10831184.0,,,0.1749032258064516,0.13865384615384616,0.16261290322580643,2021-10-16 00:00:00,0.16261290322580643,3.008662222222222
2021,11,2021-11-01,26.925,-80.85,8626375.0,,,0.13463333333333333,0.09704347826086958,0.12268333333333331,2021-11-15 12:00:00,0.12268333333333331,2.396215277777778
2021,12,2021-12-01,26.925,-80.85,9026419.0,,,0.11480645161290323,0.09173076923076923,0.10724193548387095,2021-12-16 00:00:00,0.10724193548387095,2.507338611111111
2022,1,2022-01-01,26.925,-80.85,8338417.333333333,,,0.12173333333333333,0.10083333333333333,0.11441666666666665,2022-01-16 00:00:00,0.11441666666666665,2.316227037037037
2022,2,2022-02-01,26.925,-80.85,9870205.333333334,,,0.161875,0.13166666666666668,0.1533095238095238,2022-02-14 12:00:00,0.1533095238095238,2.7417237037037037
2022,3,2022-03-01,26.925,-80.85,13501640.333333334,,,0.21909090909090911,0.15150000000000002,0.21613636363636363,2022-03-16 00:00:00,0.21613636363636363,3.750455648148148
2022,4,2022-04-01,26.925,-80.85,14882236.333333334,,,0.2245,0.2718846153846154,0.23929999999999998,2022-04-15 12:00:00,0.23929999999999998,4.133954537037037
2022,5,2022-05-01,26.925,-80.85,16990337.333333332,,,0.2564516129032258,0.281,0.26872580645161287,2022-05-16 00:00:00,0.26872580645161287,4.719538148148148
2022,6,2022-06-01,26.925,-80.85,15655452.0,,,0.2584,0.23986666666666664,0.24913333333333332,2022-06-15 12:00:00,0.24913333333333332,4.3487366666666665
2022,7,2022-07-01,26.925,-80.85,16632290.0,,,0.19438709677419355,0.19156666666666666,0.19269354838709676,2022-07-16 00:00:00,0.19269354838709676,4.620080555555556
2022,8,2022-08-01,26.925,-80.85,14780421.333333334,,,0.18313333333333331,0.1816896551724138,0.18319354838709676,2022-08-16 00:00:00,0.18319354838709676,4.105672592592593
2022,9,2022-09-01,26.925,-80.85,12649820.333333334,,,0.17750000000000002,0.18056666666666665,0.17903333333333335,2022-09-15 12:00:00,0.17903333333333335,3.5138389814814817
2022,10,2022-10-01,26.925,-80.85,10851012.333333334,,,0.1749032258064516,0.15816666666666665,0.17425806451612902,2022-10-16 00:00:00,0.17425806451612902,3.0141700925925927
2022,11,2022-11-01,26.925,-80.85,8360671.0,,,0.11333333333333333,0.12985185185185186,0.12774137931034482,2022-11-15 12:00:00,0.12774137931034482,2.3224086111111113
2022,12,2022-12-01,26.925,-80.85,7402627.666666667,,,0.08027272727272727,0.11903571428571429,0.10825862068965517,2022-12-16 00:00:00,0.10825862068965517,2.056285462962963
2023,1,2023-01-01,26.925,-80.85,9451508.666666666,,,0.14355555555555555,0.1356,0.13948387096774192,2023-01-16 00:00:00,0.13948387096774192,2.625419074074074
2023,2,2023-02-01,26.925,-80.85,11709823.0,,,0.1678148148148148,0.17910714285714285,0.17439285714285716,2023-02-14 12:00:00,0.17439285714285716,3.252728611111111
2023,3,2023-03-01,26.925,-80.85,14133656.0,,,0.20916129032258066,0.2120967741935484,0.2106290322580645,2023-03-16 00:00:00,0.2106290322580645,3.9260155555555554
2023,4,2023-04-01,26.925,-80.85,14524857.333333334,,,0.22926666666666667,0.2196,0.22443333333333332,2023-04-15 12:00:00,0.22443333333333332,4.034682592592593
2023,5,2023-05-01,26.925,-80.85,17826665.333333332,,,0.2713225806451613,0.26051612903225807,0.26591935483870965,2023-05-16 00:00:00,0.26591935483870965,4.951851481481481
2023,6,2023-06-01,26.925,-80.85,15849277.333333334,,,0.2446333333333333,0.23567857142857143,0.24021666666666666,2023-06-15 12:00:00,0.24021666666666666,4.402577037037037
2023,7,2023-07-01,26.925,-80.85,16001364.0,,,0.23183870967741937,0.20465384615384613,0.2217258064516129,2023-07-16 00:00:00,0.2217258064516129,4.444823333333333
2023,8,2023-08-01,26.925,-80.85,15119461.0,,,0.20796774193548387,0.1895806451612903,0.1987741935483871,2023-08-16 00:00:00,0.1987741935483871,4.199850277777778
2023,9,2023-09-01,26.925,-80.85,12913084.666666666,,,0.16806666666666667,0.1943,0.1811833333333333,2023-09-15 12:00:00,0.1811833333333333,3.5869679629629627
2023,10,2023-10-01,26.925,-80.85,11067305.333333334,,,0.16722580645161292,0.17013793103448277,0.16933870967741935,2023-10-16 00:00:00,0.16933870967741935,3.0742514814814816
2023,11,2023-11-01,26.925,-80.85,8211147.0,,,0.12,0.14150000000000001,0.13733333333333334,2023-11-15 12:00:00,0.13733333333333334,2.2808741666666665
2023,12,2023-12-01,26.925,-80.85,5568563.666666667,,,0.08266666666666668,0.09933333333333333,0.09153225806451612,2023-12-16 00:00:00,0.09153225806451612,1.5468232407407407
2024,1,2024-01-01,26.925,-80.85,6515392.0,,,0.0768125,0.11403846153846153,0.10223333333333333,2024-01-16 00:00:00,0.10223333333333333,1.8098311111111112
2024,2,2024-02-01,26.925,-80.85,11291823.333333334,,,0.10441379310344828,0.1629655172413793,0.1336896551724138,2024-02-15 00:00:00,0.1336896551724138,3.136617592592593
2024,3,2024-03-01,26.925,-80.85,11560866.666666666,,,0.1612258064516129,0.17735483870967741,0.16929032258064514,2024-03-16 00:00:00,0.16929032258064514,3.211351851851852
2024,4,2024-04-01,26.925,-80.85,17623685.333333332,,,0.25716666666666665,0.25176666666666664,0.2544666666666667,2024-04-15 12:00:00,0.2544666666666667,4.895468148148148
2024,5,2024-05-01,26.925,-80.85,18041781.333333332,,,0.2637741935483871,0.2603225806451613,0.2620483870967742,2024-05-16 00:00:00,0.2620483870967742,5.011605925925926
2024,6,2024-06-01,26.925,-80.85,13567480.666666666,,,0.2038,0.22416666666666665,0.2139833333333333,2024-06-15 12:00:00,0.2139833333333333,3.7687446296296296
2024,7,2024-07-01,26.925,-80.85,14525872.333333334,,,0.22616129032258064,0.22312903225806452,0.22464516129032255,2024-07-16 00:00:00,0.22464516129032255,4.0349645370370375
2024,8,2024-08-01,26.925,-80.85,12957592.666666666,,,0.17351612903225805,0.1816774193548387,0.17759677419354838,2024-08-16 00:00:00,0.17759677419354838,3.5993312962962962
2024,9,2024-09-01,26.925,-80.85,11955285.0,,,0.152,0.18113333333333334,0.16656666666666664,2024-09-15 12:00:00,0.16656666666666664,3.3209125
2024,10,2024-10-01,26.925,-80.85,9419106.0,,,0.13574193548387098,0.14735483870967742,0.1415483870967742,2024-10-16 00:00:00,0.1415483870967742,2.6164183333333333
2024,11,2024-11-01,26.925,-80.85,9213867.0,,,0.14193333333333333,0.14016666666666666,0.14104999999999998,2024-11-15 12:00:00,0.14104999999999998,2.5594075
