year,month,time_x,lat,lon,monthly_avg_temp,AirT_0,AirT_1,AirT_2,AirT_3,monthly_avg_observed,time_y,obs_Temp,Forecast_Temp
1990,1,1990-01-01,26.925,-80.85,294.09560500000003,,23.64923076923077,20.80354838709677,,20.919838709677418,1990-01-16 00:00:00,20.919838709677418,20.945605000000057
1990,2,1990-02-01,26.925,-80.85,295.137385,,21.48952380952381,22.606785714285714,,22.238571428571426,1990-02-14 12:00:00,22.238571428571426,21.987385000000017
1990,3,1990-03-01,26.925,-80.85,295.25734,,19.266451612903225,22.004,,19.554354838709674,1990-03-16 00:00:00,19.554354838709674,22.107340000000022
1990,4,1990-04-01,26.925,-80.85,296.1106633333333,,16.15,,,16.15,1990-04-15 12:00:00,16.15,22.960663333333343
1990,5,1990-05-01,26.925,-80.85,299.479015,,,,26.12366666666667,26.12366666666667,1990-05-16 00:00:00,26.12366666666667,26.329015000000027
1990,6,1990-06-01,26.925,-80.85,300.6713683333333,,27.081111111111113,28.45,27.43933333333333,27.303555555555555,1990-06-15 12:00:00,27.303555555555555,27.521368333333328
1990,7,1990-07-01,26.925,-80.85,300.9239933333333,,27.73193548387097,27.639047619047616,27.870434782608694,27.817580645161293,1990-07-16 00:00:00,27.817580645161293,27.77399333333335
1990,8,1990-08-01,26.925,-80.85,300.916895,,28.065625,28.278750000000002,28.35516129032258,28.246344086021505,1990-08-16 00:00:00,28.246344086021505,27.766895000000034
1990,9,1990-09-01,26.925,-80.85,300.89337,,,,28.09333333333333,28.09333333333333,1990-09-15 12:00:00,28.09333333333333,27.743370000000027
1990,10,1990-10-01,26.925,-80.85,298.88754666666665,,22.4,25.89107142857143,26.02548387096774,26.024623655913977,1990-10-16 00:00:00,26.024623655913977,25.737546666666674
1990,11,1990-11-01,26.925,-80.85,295.6220333333333,,21.872,22.383,22.351333333333333,22.20211111111111,1990-11-15 12:00:00,22.20211111111111,22.472033333333343
1990,12,1990-12-01,26.925,-80.85,294.1871333333333,,21.693225806451615,19.882631578947368,20.574838709677422,21.08682795698925,1990-12-16 00:00:00,21.08682795698925,21.037133333333315
1991,1,1991-01-01,26.925,-80.85,293.96828666666664,,24.774444444444445,20.42086956521739,20.804516129032255,21.633763440860214,1991-01-16 00:00:00,21.633763440860214,20.818286666666665
1991,2,1991-02-01,26.925,-80.85,292.69769,,21.444444444444443,22.849999999999998,19.470833333333335,20.099821428571428,1991-02-14 12:00:00,20.099821428571428,19.547690000000046
1991,3,1991-03-01,26.925,-80.85,294.6685616666667,,23.13806451612903,23.062857142857144,21.55806451612903,22.523333333333333,1991-03-16 00:00:00,22.523333333333333,21.5185616666667
1991,4,1991-04-01,26.925,-80.85,297.5886533333333,,24.594090909090912,25.24086956521739,24.677,24.608833333333333,1991-04-15 12:00:00,24.608833333333333,24.43865333333332
1991,5,1991-05-01,26.925,-80.85,299.2659816666667,,27.151290322580643,27.878387096774194,26.701290322580647,27.243655913978493,1991-05-16 00:00:00,27.243655913978493,26.1159816666667
1991,6,1991-06-01,26.925,-80.85,300.1530383333333,,27.042307692307695,28.985666666666667,27.467333333333332,28.13361111111111,1991-06-15 12:00:00,28.13361111111111,27.003038333333336
1991,7,1991-07-01,26.925,-80.85,300.482505,,28.37952380952381,29.438387096774196,28.070555555555554,28.771129032258063,1991-07-16 00:00:00,28.771129032258063,27.332505000000026
1991,8,1991-08-01,26.925,-80.85,300.8992333333333,,29.128064516129033,30.175806451612903,28.6308,29.39317204301075,1991-08-16 00:00:00,29.39317204301075,27.749233333333336
1991,9,1991-09-01,26.925,-80.85,300.22767833333336,,28.218333333333334,29.2425,28.186470588235295,28.680799999999998,1991-09-15 12:00:00,28.680799999999998,27.07767833333338
1991,10,1991-10-01,26.925,-80.85,297.9465016666667,,25.674,27.126451612903224,,26.43048387096774,1991-10-16 00:00:00,26.43048387096774,24.7965016666667
1991,11,1991-11-01,26.925,-80.85,294.01746333333335,,20.572333333333333,22.140666666666668,,21.3565,1991-11-15 12:00:00,21.3565,20.867463333333376
1991,12,1991-12-01,26.925,-80.85,293.64327833333334,,21.014,21.889545454545456,,21.55909090909091,1991-12-16 00:00:00,21.55909090909091,20.493278333333365
1992,1,1992-01-01,26.925,-80.85,290.95657,,17.53185185185185,19.02064516129032,,18.423548387096773,1992-01-16 00:00:00,18.423548387096773,17.806570000000022
1992,2,1992-02-01,26.925,-80.85,292.91415,,19.86931034482759,21.0964,,20.396379310344827,1992-02-15 00:00:00,20.396379310344827,19.76415000000003
1992,3,1992-03-01,26.925,-80.85,293.6657583333333,,22.49,22.10235294117647,,22.287592592592592,1992-03-16 00:00:00,22.287592592592592,20.515758333333338
1992,4,1992-04-01,26.925,-80.85,295.2069916666667,,22.429666666666666,23.899333333333335,,23.1645,1992-04-15 12:00:00,23.1645,22.056991666666704
1992,5,1992-05-01,26.925,-80.85,297.5707883333333,,24.646451612903224,25.94709677419355,,25.296774193548387,1992-05-16 00:00:00,25.296774193548387,24.42078833333335
1992,6,1992-06-01,26.925,-80.85,299.52403666666663,,26.686666666666667,26.606956521739132,,26.7385,1992-06-15 12:00:00,26.7385,26.374036666666655
1992,7,1992-07-01,26.925,-80.85,301.19215833333334,,28.371290322580645,28.46677419354839,,28.419032258064515,1992-07-16 00:00:00,28.419032258064515,28.04215833333336
1992,8,1992-08-01,26.925,-80.85,300.26179833333333,,27.258387096774193,27.251290322580644,,27.25483870967742,1992-08-16 00:00:00,27.25483870967742,27.111798333333354
1992,9,1992-09-01,26.925,-80.85,300.0009066666667,,27.457666666666668,27.260666666666665,,27.359166666666667,1992-09-15 12:00:00,27.359166666666667,26.85090666666673
1992,10,1992-10-01,26.925,-80.85,297.60320333333334,,23.877741935483872,24.39032258064516,,24.134032258064515,1992-10-16 00:00:00,24.134032258064515,24.453203333333363
1992,11,1992-11-01,26.925,-80.85,296.05395,,22.063333333333333,22.46333333333333,,22.263333333333332,1992-11-15 12:00:00,22.263333333333332,22.90395000000001
1992,12,1992-12-01,26.925,-80.85,293.1104433333333,,19.02064516129032,18.5225,,19.089354838709678,1992-12-16 00:00:00,19.089354838709678,19.96044333333333
1993,1,1993-01-01,26.925,-80.85,293.924175,,20.588387096774195,,,20.588387096774195,1993-01-16 00:00:00,20.588387096774195,20.774175000000014
1993,2,1993-02-01,26.925,-80.85,291.12476666666663,,17.532857142857143,,,17.532857142857143,1993-02-14 12:00:00,17.532857142857143,17.974766666666653
1993,3,1993-03-01,26.925,-80.85,292.60437333333334,,19.403870967741934,19.458709677419357,,19.431290322580644,1993-03-16 00:00:00,19.431290322580644,19.454373333333365
1993,4,1993-04-01,26.925,-80.85,294.81827333333337,,21.294,21.495,22.03222222222222,21.492833333333333,1993-04-15 12:00:00,21.492833333333333,21.66827333333339
1993,5,1993-05-01,26.925,-80.85,298.1817433333333,,24.41548387096774,24.278709677419354,24.726129032258065,24.473440860215053,1993-05-16 00:00:00,24.473440860215053,25.03174333333334
1993,6,1993-06-01,26.925,-80.85,300.629145,,27.083000000000002,26.985333333333333,27.42866666666667,27.165666666666667,1993-06-15 12:00:00,27.165666666666667,27.479145000000017
1993,7,1993-07-01,26.925,-80.85,301.51256,,27.97193548387097,28.136129032258065,28.63741935483871,28.248494623655915,1993-07-16 00:00:00,28.248494623655915,28.36256000000003
1993,8,1993-08-01,26.925,-80.85,300.96981166666666,,27.680967741935483,27.837741935483873,28.350967741935484,27.956559139784947,1993-08-16 00:00:00,27.956559139784947,27.81981166666668
1993,9,1993-09-01,26.925,-80.85,300.2642183333333,,27.429,27.404,27.956666666666667,27.596555555555554,1993-09-15 12:00:00,27.596555555555554,27.114218333333326
1993,10,1993-10-01,26.925,-80.85,298.10462,,25.069032258064517,25.551612903225806,25.893870967741936,25.50483870967742,1993-10-16 00:00:00,25.50483870967742,24.954620000000034
1993,11,1993-11-01,26.925,-80.85,295.5999583333333,,21.62633333333333,22.12933333333333,22.479642857142856,22.129944444444444,1993-11-15 12:00:00,22.129944444444444,22.449958333333313
1993,12,1993-12-01,26.925,-80.85,291.43903166666666,,16.789354838709677,17.480967741935483,17.921290322580642,17.397204301075266,1993-12-16 00:00:00,17.397204301075266,18.289031666666688
1994,1,1994-01-01,26.925,-80.85,292.2363183333333,,16.785714285714285,17.850322580645162,18.21451612903226,17.81021505376344,1994-01-16 00:00:00,17.81021505376344,19.086318333333338
1994,2,1994-02-01,26.925,-80.85,294.09665,,20.893214285714286,20.787857142857142,21.330000000000002,21.003690476190478,1994-02-14 12:00:00,21.003690476190478,20.946650000000034
1994,3,1994-03-01,26.925,-80.85,294.583135,,20.881612903225808,21.187741935483874,21.62451612903226,21.231290322580644,1994-03-16 00:00:00,21.231290322580644,21.43313500000005
1994,4,1994-04-01,26.925,-80.85,297.222555,,24.264333333333333,24.327333333333335,24.926,24.505888888888887,1994-04-15 12:00:00,24.505888888888887,24.072555000000023
1994,5,1994-05-01,26.925,-80.85,298.8437866666667,,25.372903225806454,25.641290322580645,26.268064516129034,25.76075268817204,1994-05-16 00:00:00,25.76075268817204,25.69378666666671
1994,6,1994-06-01,26.925,-80.85,300.24185,,27.65,27.319000000000003,28.061,27.634,1994-06-15 12:00:00,27.634,27.091850000000022
1994,7,1994-07-01,26.925,-80.85,300.086095,,27.91611111111111,27.37290322580645,28.258709677419354,27.840591397849465,1994-07-16 00:00:00,27.840591397849465,26.936095000000023
1994,8,1994-08-01,26.925,-80.85,299.918945,27.72714285714286,27.139,27.229032258064517,28.05806451612903,27.654999999999998,1994-08-16 00:00:00,27.654999999999998,26.76894500000003
1994,9,1994-09-01,26.925,-80.85,299.26009166666665,26.782,26.90266666666667,26.718666666666664,27.595000000000002,26.99958333333333,1994-09-15 12:00:00,26.99958333333333,26.110091666666676
1994,10,1994-10-01,26.925,-80.85,297.94725999999997,25.654193548387095,25.570967741935487,25.573548387096775,26.39322580645161,25.79798387096774,1994-10-16 00:00:00,25.79798387096774,24.797259999999994
1994,11,1994-11-01,26.925,-80.85,296.475275,24.36733333333333,23.524333333333335,23.611333333333334,24.169615384615383,23.940333333333335,1994-11-15 12:00:00,23.940333333333335,23.325275000000033
1994,12,1994-12-01,26.925,-80.85,293.1885066666667,19.840967741935483,19.84193548387097,20.03806451612903,20.65096774193548,20.092983870967743,1994-12-16 00:00:00,20.092983870967743,20.038506666666706
1995,1,1995-01-01,26.925,-80.85,290.48420500000003,16.64290322580645,16.936129032258062,17.0,17.543225806451613,17.030564516129033,1995-01-16 00:00:00,17.030564516129033,17.334205000000054
1995,2,1995-02-01,26.925,-80.85,290.85026666666664,17.342499999999998,17.489642857142858,17.290357142857143,17.853928571428572,17.494107142857143,1995-02-14 12:00:00,17.494107142857143,17.700266666666664
1995,3,1995-03-01,26.925,-80.85,294.1815433333333,20.901935483870968,21.14483870967742,21.004666666666665,21.355862068965518,21.15518817204301,1995-03-16 00:00:00,21.15518817204301,21.03154333333333
1995,4,1995-04-01,26.925,-80.85,296.55011333333334,23.733,23.826,23.673333333333336,25.17473684210526,23.843611111111112,1995-04-15 12:00:00,23.843611111111112,23.400113333333366
1995,5,1995-05-01,26.925,-80.85,300.15598833333337,27.089354838709678,27.219354838709677,26.89483870967742,27.65838709677419,27.215483870967745,1995-05-16 00:00:00,27.215483870967745,27.00598833333339
1995,6,1995-06-01,26.925,-80.85,299.8489016666667,27.096999999999998,26.998333333333335,26.738,27.497666666666664,27.08275,1995-06-15 12:00:00,27.08275,26.6989016666667
1995,7,1995-07-01,26.925,-80.85,300.56334666666663,27.949677419354842,27.874193548387098,27.470000000000002,28.35516129032258,27.912258064516127,1995-07-16 00:00:00,27.912258064516127,27.413346666666655
1995,8,1995-08-01,26.925,-80.85,300.6647933333333,28.171785714285715,28.320967741935487,27.92032258064516,28.798709677419353,28.31475806451613,1995-08-16 00:00:00,28.31475806451613,27.51479333333333
1995,9,1995-09-01,26.925,-80.85,300.04725,28.21777777777778,27.985333333333333,27.622333333333334,28.545666666666666,28.0045,1995-09-15 12:00:00,28.0045,26.897250000000042
1995,10,1995-10-01,26.925,-80.85,298.7497,25.99774193548387,26.20387096774194,26.098387096774193,26.6624,26.260376344086023,1995-10-16 00:00:00,26.260376344086023,25.59970000000004
1995,11,1995-11-01,26.925,-80.85,294.00862333333333,20.497,20.476,20.823666666666668,21.54714285714286,20.802722222222222,1995-11-15 12:00:00,20.802722222222222,20.858623333333355
1995,12,1995-12-01,26.925,-80.85,291.181605,17.00774193548387,17.056774193548385,17.493548387096773,18.199677419354842,17.439435483870966,1995-12-16 00:00:00,17.439435483870966,18.031605000000013
1996,1,1996-01-01,26.925,-80.85,290.7123966666667,16.06451612903226,16.424516129032256,16.217741935483872,16.859354838709677,16.391532258064515,1996-01-16 00:00:00,16.391532258064515,17.5623966666667
1996,2,1996-02-01,26.925,-80.85,290.73509666666666,16.947586206896553,17.093103448275862,17.026896551724136,17.808620689655175,17.21905172413793,1996-02-15 00:00:00,17.21905172413793,17.585096666666686
1996,3,1996-03-01,26.925,-80.85,291.95975833333335,18.273870967741935,18.49290322580645,18.52,19.168709677419354,18.613870967741935,1996-03-16 00:00:00,18.613870967741935,18.809758333333377
1996,4,1996-04-01,26.925,-80.85,295.48372166666667,22.455333333333332,23.07740740740741,22.478333333333335,23.209,22.700666666666667,1996-04-15 12:00:00,22.700666666666667,22.33372166666669
1996,5,1996-05-01,26.925,-80.85,298.6856516666667,25.468387096774194,25.823225806451614,25.404193548387095,26.293225806451613,25.747258064516128,1996-05-16 00:00:00,25.747258064516128,25.535651666666695
1996,6,1996-06-01,26.925,-80.85,299.2363516666667,26.356333333333332,26.426333333333332,26.2,27.055333333333333,26.5095,1996-06-15 12:00:00,26.5095,26.0863516666667
1996,7,1996-07-01,26.925,-80.85,300.98480666666666,28.373548387096776,28.51483870967742,28.205483870967743,29.093548387096774,28.546854838709677,1996-07-16 00:00:00,28.546854838709677,27.83480666666668
1996,8,1996-08-01,26.925,-80.85,300.3274783333333,27.638709677419353,27.74774193548387,27.562258064516126,28.479032258064517,27.85693548387097,1996-08-16 00:00:00,27.85693548387097,27.17747833333334
1996,9,1996-09-01,26.925,-80.85,300.1430516666667,27.479333333333333,27.719,27.522,28.341,27.765333333333334,1996-09-15 12:00:00,27.765333333333334,26.9930516666667
1996,10,1996-10-01,26.925,-80.85,297.52662166666664,24.664193548387097,24.855483870967742,24.768709677419356,25.582903225806454,24.967822580645162,1996-10-16 00:00:00,24.967822580645162,24.376621666666665
1996,11,1996-11-01,26.925,-80.85,294.9284833333333,20.968666666666664,20.882333333333335,21.216,21.939666666666668,21.251666666666665,1996-11-15 12:00:00,21.251666666666665,21.778483333333327
1996,12,1996-12-01,26.925,-80.85,292.930385,18.457727272727272,18.409354838709678,18.536774193548386,18.83086956521739,18.691021505376344,1996-12-16 00:00:00,18.691021505376344,19.780385000000024
1997,1,1997-01-01,26.925,-80.85,292.0807883333334,18.03806451612903,17.969032258064516,18.03806451612903,18.819,18.237983870967742,1997-01-16 00:00:00,18.237983870967742,18.930788333333396
1997,2,1997-02-01,26.925,-80.85,294.49827166666665,20.923571428571428,20.969642857142855,21.01607142857143,21.830714285714286,21.185000000000002,1997-02-14 12:00:00,21.185000000000002,21.348271666666676
1997,3,1997-03-01,26.925,-80.85,296.57945333333333,23.270967741935483,23.340967741935483,23.25774193548387,24.100322580645162,23.4925,1997-03-16 00:00:00,23.4925,23.429453333333356
1997,4,1997-04-01,26.925,-80.85,295.829395,22.346333333333334,22.431333333333335,22.441666666666666,23.15266666666667,22.593,1997-04-15 12:00:00,22.593,22.679395
1997,5,1997-05-01,26.925,-80.85,298.49991500000004,25.32774193548387,25.36967741935484,25.240322580645163,26.054516129032258,25.498064516129034,1997-05-16 00:00:00,25.498064516129034,25.349915000000067
1997,6,1997-06-01,26.925,-80.85,299.7050683333334,27.0,26.962666666666667,26.71033333333333,27.634999999999998,27.077,1997-06-15 12:00:00,27.077,26.555068333333395
1997,7,1997-07-01,26.925,-80.85,300.72318333333334,28.139032258064514,27.917419354838707,27.899354838709677,28.85967741935484,28.20387096774194,1997-07-16 00:00:00,28.20387096774194,27.57318333333336
1997,8,1997-08-01,26.925,-80.85,300.4470566666667,28.206451612903226,27.946129032258067,27.78838709677419,28.820967741935487,28.190483870967743,1997-08-16 00:00:00,28.190483870967743,27.29705666666672
1997,9,1997-09-01,26.925,-80.85,299.661765,27.299333333333333,27.274333333333335,27.041,27.979333333333333,27.398500000000002,1997-09-15 12:00:00,27.398500000000002,26.511765000000025
1997,10,1997-10-01,26.925,-80.85,297.59671,24.442580645161293,24.73709677419355,24.761935483870968,25.523225806451613,24.866209677419352,1997-10-16 00:00:00,24.866209677419352,24.446709999999996
1997,11,1997-11-01,26.925,-80.85,294.41071500000004,20.77766666666667,20.906000000000002,21.17366666666667,21.946666666666665,21.201,1997-11-15 12:00:00,21.201,21.26071500000006
1997,12,1997-12-01,26.925,-80.85,291.6992383333333,18.139032258064514,18.421935483870968,18.44483870967742,19.324193548387097,18.5825,1997-12-16 00:00:00,18.5825,18.549238333333335
1998,1,1998-01-01,26.925,-80.85,292.214125,18.653548387096773,18.73516129032258,18.863225806451613,19.705161290322582,18.989274193548386,1998-01-16 00:00:00,18.989274193548386,19.064125000000047
1998,2,1998-02-01,26.925,-80.85,291.4759716666667,17.868928571428572,18.1675,18.10892857142857,18.865357142857142,18.25267857142857,1998-02-14 12:00:00,18.25267857142857,18.325971666666703
1998,3,1998-03-01,26.925,-80.85,292.2227183333334,18.739677419354837,18.86741935483871,18.771935483870966,19.588387096774195,18.991854838709674,1998-03-16 00:00:00,18.991854838709674,19.0727183333334
1998,4,1998-04-01,26.925,-80.85,295.9413133333333,22.90266666666667,22.987000000000002,22.647666666666666,23.519000000000002,23.014083333333335,1998-04-15 12:00:00,23.014083333333335,22.791313333333335
1998,5,1998-05-01,26.925,-80.85,299.33465333333334,26.18903225806452,26.058387096774194,25.749354838709678,26.610967741935486,26.151935483870968,1998-05-16 00:00:00,26.151935483870968,26.184653333333358
1998,6,1998-06-01,26.925,-80.85,302.5303666666667,28.931333333333335,28.759999999999998,28.619333333333334,29.494333333333334,28.95125,1998-06-15 12:00:00,28.95125,29.380366666666703
1998,7,1998-07-01,26.925,-80.85,301.733245,28.813225806451616,28.47741935483871,28.24516129032258,29.213548387096775,28.68733870967742,1998-07-16 00:00:00,28.68733870967742,28.583245000000034
1998,8,1998-08-01,26.925,-80.85,301.38228833333335,28.53258064516129,28.73548387096774,28.58451612903226,29.463548387096775,28.82903225806452,1998-08-16 00:00:00,28.82903225806452,28.232288333333372
1998,9,1998-09-01,26.925,-80.85,300.495165,28.898965517241383,27.658666666666665,27.379666666666665,28.369000000000003,28.07113888888889,1998-09-15 12:00:00,28.07113888888889,27.34516500000001
1998,10,1998-10-01,26.925,-80.85,298.8966383333333,26.92064516129032,26.330967741935485,26.247419354838712,27.44,26.616505376344087,1998-10-16 00:00:00,26.616505376344087,25.74663833333335
1998,11,1998-11-01,26.925,-80.85,296.18278833333335,23.627,23.69,23.694000000000003,23.8372,23.69038888888889,1998-11-15 12:00:00,23.69038888888889,23.03278833333337
1998,12,1998-12-01,26.925,-80.85,294.5115533333333,21.240967741935485,21.117666666666665,21.64,21.683870967741935,21.438387096774196,1998-12-16 00:00:00,21.438387096774196,21.361553333333347
1999,1,1999-01-01,26.925,-80.85,293.0167,19.051290322580645,18.75741935483871,19.30516129032258,19.21709677419355,19.082741935483874,1999-01-16 00:00:00,19.082741935483874,19.866700000000037
1999,2,1999-02-01,26.925,-80.85,292.8660466666667,18.958148148148148,18.997142857142855,19.722857142857144,19.636428571428574,19.35544642857143,1999-02-14 12:00:00,19.35544642857143,19.716046666666728
1999,3,1999-03-01,26.925,-80.85,293.5228916666667,19.752903225806453,19.837096774193547,20.313225806451616,20.192258064516132,20.023870967741935,1999-03-16 00:00:00,20.023870967741935,20.372891666666703
1999,4,1999-04-01,26.925,-80.85,297.4946683333333,23.700666666666667,23.673,24.153333333333332,24.057000000000002,23.896,1999-04-15 12:00:00,23.896,24.344668333333345
1999,5,1999-05-01,26.925,-80.85,297.9419383333333,24.56451612903226,24.494193548387095,25.083548387096776,24.9541935483871,24.77411290322581,1999-05-16 00:00:00,24.77411290322581,24.79193833333335
1999,6,1999-06-01,26.925,-80.85,299.09684,26.175666666666665,25.944000000000003,26.336666666666666,26.353666666666665,26.2025,1999-06-15 12:00:00,26.2025,25.94684000000001
1999,7,1999-07-01,26.925,-80.85,300.70432166666666,27.904193548387095,27.84,28.030967741935484,28.081290322580646,27.964112903225807,1999-07-16 00:00:00,27.964112903225807,27.55432166666668
1999,8,1999-08-01,26.925,-80.85,300.71358833333335,28.073870967741936,27.73032258064516,28.211612903225806,28.283548387096772,28.074838709677422,1999-08-16 00:00:00,28.074838709677422,27.56358833333337
1999,9,1999-09-01,26.925,-80.85,299.7785383333333,26.912333333333333,26.729666666666667,27.133333333333333,27.183,26.989583333333332,1999-09-15 12:00:00,26.989583333333332,26.628538333333324
1999,10,1999-10-01,26.925,-80.85,297.800965,24.575483870967744,24.57677419354839,25.076129032258066,25.054193548387094,24.820645161290326,1999-10-16 00:00:00,24.820645161290326,24.650965000000042
1999,11,1999-11-01,26.925,-80.85,294.62082000000004,20.987000000000002,20.837,21.759666666666664,21.618666666666666,21.300583333333336,1999-11-15 12:00:00,21.300583333333336,21.47082000000006
1999,12,1999-12-01,26.925,-80.85,292.304755,18.31064516129032,18.211290322580645,18.94741935483871,18.904838709677417,18.593548387096774,1999-12-16 00:00:00,18.593548387096774,19.154755000000023
2000,1,2000-01-01,26.925,-80.85,291.4077966666667,17.544838709677418,17.468387096774194,18.101935483870967,17.983225806451614,17.77459677419355,2000-01-16 00:00:00,17.77459677419355,18.257796666666707
2000,2,2000-02-01,26.925,-80.85,291.979555,17.939655172413794,18.156206896551723,18.46551724137931,18.31,18.217844827586205,2000-02-15 00:00:00,18.217844827586205,18.829555000000028
2000,3,2000-03-01,26.925,-80.85,295.2056983333334,21.843548387096774,22.059354838709677,22.466129032258067,22.294838709677418,22.165967741935482,2000-03-16 00:00:00,22.165967741935482,22.055698333333396
2000,4,2000-04-01,26.925,-80.85,295.466755,22.122333333333334,22.287,22.655666666666665,22.425666666666665,22.372666666666667,2000-04-15 12:00:00,22.372666666666667,22.316755
2000,5,2000-05-01,26.925,-80.85,298.970825,25.588064516129034,25.806774193548385,25.858709677419355,25.81032258064516,25.765967741935484,2000-05-16 00:00:00,25.765967741935484,25.820825000000013
2000,6,2000-06-01,26.925,-80.85,300.0583966666666,26.855999999999998,26.91033333333333,27.045,27.029,26.960083333333333,2000-06-15 12:00:00,26.960083333333333,26.908396666666647
2000,7,2000-07-01,26.925,-80.85,300.2618816666667,27.51451612903226,27.360967741935486,27.741612903225807,27.68548387096774,27.575645161290325,2000-07-16 00:00:00,27.575645161290325,27.111881666666704
2000,8,2000-08-01,26.925,-80.85,300.42572,27.551612903225806,27.583870967741937,27.621290322580645,27.568387096774195,27.581290322580646,2000-08-16 00:00:00,27.581290322580646,27.275720000000035
2000,9,2000-09-01,26.925,-80.85,300.27825666666666,27.500999999999998,27.35533333333333,27.605999999999998,27.436,27.47458333333333,2000-09-15 12:00:00,27.47458333333333,27.128256666666687
2000,10,2000-10-01,26.925,-80.85,296.81201333333337,23.24483870967742,23.086451612903225,23.956774193548387,23.629677419354838,23.479435483870965,2000-10-16 00:00:00,23.479435483870965,23.66201333333339
2000,11,2000-11-01,26.925,-80.85,294.34160833333334,20.458333333333332,20.236333333333334,21.038999999999998,20.791,20.63116666666667,2000-11-15 12:00:00,20.63116666666667,21.191608333333363
2000,12,2000-12-01,26.925,-80.85,291.808695,17.186774193548384,16.942258064516132,17.756451612903227,17.369032258064514,17.313629032258063,2000-12-16 00:00:00,17.313629032258063,18.658695000000023
2001,1,2001-01-01,26.925,-80.85,288.5363066666667,14.065483870967741,14.23741935483871,14.719354838709679,14.333870967741936,14.339032258064515,2001-01-16 00:00:00,14.339032258064515,15.386306666666712
2001,2,2001-02-01,26.925,-80.85,294.6203066666667,21.18607142857143,21.261428571428574,21.618571428571432,21.33142857142857,21.349375000000002,2001-02-14 12:00:00,21.349375000000002,21.470306666666716
2001,3,2001-03-01,26.925,-80.85,294.14767166666667,20.374193548387098,20.416774193548385,21.154193548387095,20.719677419354838,20.666209677419356,2001-03-16 00:00:00,20.666209677419356,20.99767166666669
2001,4,2001-04-01,26.925,-80.85,295.92583666666667,22.701999999999998,22.862333333333332,23.288333333333334,23.136000000000003,22.99716666666667,2001-04-15 12:00:00,22.99716666666667,22.77583666666669
2001,5,2001-05-01,26.925,-80.85,297.55673,24.265483870967742,23.989677419354837,24.57935483870968,24.41032258064516,24.311209677419356,2001-05-16 00:00:00,24.311209677419356,24.40673000000004
2001,6,2001-06-01,26.925,-80.85,299.80994833333335,26.717,26.57766666666667,27.071666666666665,27.053333333333335,26.854916666666668,2001-06-15 12:00:00,26.854916666666668,26.659948333333375
2001,7,2001-07-01,26.925,-80.85,300.01628,26.964193548387097,26.756774193548388,27.192580645161293,27.161290322580644,27.018709677419356,2001-07-16 00:00:00,27.018709677419356,26.866280000000017
2001,8,2001-08-01,26.925,-80.85,300.59033666666664,27.9358064516129,28.03774193548387,28.286774193548386,28.2041935483871,28.116129032258065,2001-08-16 00:00:00,28.116129032258065,27.440336666666667
2001,9,2001-09-01,26.925,-80.85,299.12847833333336,26.242666666666665,26.295,26.490333333333336,26.442666666666664,26.367666666666665,2001-09-15 12:00:00,26.367666666666665,25.978478333333385
2001,10,2001-10-01,26.925,-80.85,297.31079666666665,24.043548387096774,24.080645161290324,24.65096774193548,24.478064516129034,24.313306451612902,2001-10-16 00:00:00,24.313306451612902,24.16079666666667
2001,11,2001-11-01,26.925,-80.85,294.98737166666666,21.68433333333333,21.808666666666667,22.235333333333333,22.115333333333336,21.960916666666666,2001-11-15 12:00:00,21.960916666666666,21.837371666666684
2001,12,2001-12-01,26.925,-80.85,294.06478,20.914516129032258,21.108387096774194,21.443870967741937,21.371935483870967,21.20967741935484,2001-12-16 00:00:00,21.20967741935484,20.914780000000007
2002,1,2002-01-01,26.925,-80.85,291.87468666666666,17.852903225806454,18.174838709677417,18.193225806451615,18.090967741935486,18.077983870967742,2002-01-16 00:00:00,18.077983870967742,18.724686666666685
2002,2,2002-02-01,26.925,-80.85,292.0102416666667,18.337500000000002,18.578928571428573,19.089285714285715,18.610666666666667,18.70565476190476,2002-02-14 12:00:00,18.70565476190476,18.860241666666695
2002,3,2002-03-01,26.925,-80.85,295.221045,21.66516129032258,22.50258064516129,22.23548387096774,22.0058064516129,22.102258064516132,2002-03-16 00:00:00,22.102258064516132,22.071045000000026
2002,4,2002-04-01,26.925,-80.85,297.5398333333333,24.293999999999997,24.663333333333334,24.634666666666664,24.569333333333336,24.540333333333333,2002-04-15 12:00:00,24.540333333333333,24.389833333333343
2002,5,2002-05-01,26.925,-80.85,299.16423333333336,25.63064516129032,25.944444444444443,26.144193548387097,25.99806451612903,25.934865591397852,2002-05-16 00:00:00,25.934865591397852,26.01423333333338
2002,6,2002-06-01,26.925,-80.85,299.34676833333333,26.28533333333333,26.510714285714283,26.465333333333334,26.43166666666667,26.440083333333334,2002-06-15 12:00:00,26.440083333333334,26.196768333333353
2002,7,2002-07-01,26.925,-80.85,300.2547916666667,27.42774193548387,27.797096774193548,27.67838709677419,27.63774193548387,27.635241935483872,2002-07-16 00:00:00,27.635241935483872,27.1047916666667
2002,8,2002-08-01,26.925,-80.85,300.54817166666663,27.451612903225808,27.776451612903227,27.753548387096775,27.726774193548387,27.677096774193547,2002-08-16 00:00:00,27.677096774193547,27.398171666666656
2002,9,2002-09-01,26.925,-80.85,300.54941,27.771666666666665,28.14,27.982000000000003,27.935333333333332,27.95725,2002-09-15 12:00:00,27.95725,27.399410000000046
2002,10,2002-10-01,26.925,-80.85,299.28436,26.384516129032257,26.62451612903226,26.894193548387097,26.804516129032258,26.676935483870967,2002-10-16 00:00:00,26.676935483870967,26.134360000000015
2002,11,2002-11-01,26.925,-80.85,294.4445616666667,20.336333333333336,20.619666666666667,21.188333333333333,21.030666666666665,20.79375,2002-11-15 12:00:00,20.79375,21.29456166666671
2002,12,2002-12-01,26.925,-80.85,291.7704366666667,17.08483870967742,17.72935483870968,18.246451612903225,17.983548387096775,17.761048387096775,2002-12-16 00:00:00,17.761048387096775,18.620436666666706
2003,1,2003-01-01,26.925,-80.85,287.913225,13.66451612903226,14.280645161290321,14.678064516129032,14.571612903225805,14.298709677419355,2003-01-16 00:00:00,14.298709677419355,14.763225000000034
2003,2,2003-02-01,26.925,-80.85,293.412975,18.735000000000003,19.64071428571429,19.75464285714286,19.378214285714286,19.37714285714286,2003-02-14 12:00:00,19.37714285714286,20.26297500000004
2003,3,2003-03-01,26.925,-80.85,297.1779183333333,23.23516129032258,23.692903225806454,23.99967741935484,24.061935483870965,23.74741935483871,2003-03-16 00:00:00,23.74741935483871,24.027918333333332
2003,4,2003-04-01,26.925,-80.85,296.11216666666667,21.857333333333333,22.453,22.512999999999998,22.651666666666664,22.36875,2003-04-15 12:00:00,22.36875,22.96216666666669
2003,5,2003-05-01,26.925,-80.85,299.76348666666667,26.06483870967742,26.413548387096775,26.48516129032258,26.62548387096774,26.39725806451613,2003-05-16 00:00:00,26.39725806451613,26.613486666666688
2003,6,2003-06-01,26.925,-80.85,299.884905,26.694666666666667,26.908076923076923,27.019333333333336,27.16033333333333,26.968694444444445,2003-06-15 12:00:00,26.968694444444445,26.734905000000026
2003,7,2003-07-01,26.925,-80.85,300.66898,27.41322580645161,27.92290322580645,27.896774193548385,28.004193548387097,27.809274193548386,2003-07-16 00:00:00,27.809274193548386,27.51898
2003,8,2003-08-01,26.925,-80.85,300.2365016666667,26.90096774193548,27.440967741935484,27.438387096774196,27.524193548387096,27.326129032258066,2003-08-16 00:00:00,27.326129032258066,27.08650166666672
2003,9,2003-09-01,26.925,-80.85,299.82281666666665,26.48033333333333,26.987000000000002,27.145666666666667,27.329,26.92113888888889,2003-09-15 12:00:00,26.92113888888889,26.672816666666677
2003,10,2003-10-01,26.925,-80.85,298.57096666666666,24.863870967741935,25.443870967741937,25.903548387096773,24.174545454545456,25.353575268817202,2003-10-16 00:00:00,25.353575268817202,25.420966666666686
2003,11,2003-11-01,26.925,-80.85,296.102595,22.092,22.562666666666665,23.148333333333333,21.939666666666664,22.43566666666667,2003-11-15 12:00:00,22.43566666666667,22.95259500000003
2003,12,2003-12-01,26.925,-80.85,291.05338333333333,16.150645161290324,16.52548387096774,17.209032258064518,15.920322580645163,16.451370967741937,2003-12-16 00:00:00,16.451370967741937,17.903383333333352
2004,1,2004-01-01,26.925,-80.85,290.79365333333334,15.983225806451614,16.56032258064516,17.173870967741934,15.83516129032258,16.38814516129032,2004-01-16 00:00:00,16.38814516129032,17.64365333333336
2004,2,2004-02-01,26.925,-80.85,292.5741316666667,17.717037037037038,18.24037037037037,18.86241379310345,17.541034482758622,18.186810344827588,2004-02-15 00:00:00,18.186810344827588,19.42413166666671
2004,3,2004-03-01,26.925,-80.85,294.31272333333334,20.166774193548385,20.625806451612902,20.88967741935484,19.653225806451612,20.333870967741937,2004-03-16 00:00:00,20.333870967741937,21.16272333333336
2004,4,2004-04-01,26.925,-80.85,295.3388783333333,21.223666666666666,21.647333333333332,21.942666666666664,20.716,21.382416666666664,2004-04-15 12:00:00,21.382416666666664,22.18887833333332
2004,5,2004-05-01,26.925,-80.85,298.58441166666665,24.846774193548388,25.337419354838712,25.333225806451615,24.24451612903226,24.940483870967743,2004-05-16 00:00:00,24.940483870967743,25.434411666666676
2004,6,2004-06-01,26.925,-80.85,300.94897,27.091333333333335,27.649333333333335,27.675172413793106,26.523666666666667,27.228833333333334,2004-06-15 12:00:00,27.228833333333334,27.798969999999997
2004,7,2004-07-01,26.925,-80.85,301.02645666666666,27.412258064516127,27.491290322580646,27.82774193548387,26.73741935483871,27.36717741935484,2004-07-16 00:00:00,27.36717741935484,27.876456666666684
2004,8,2004-08-01,26.925,-80.85,300.56101,27.223548387096773,27.418064516129032,27.934838709677418,26.57225806451613,27.28717741935484,2004-08-16 00:00:00,27.28717741935484,27.411010000000033
2004,9,2004-09-01,26.925,-80.85,300.18079166666666,26.27466666666667,26.814,27.091333333333335,26.215,26.688972222222223,2004-09-15 12:00:00,26.688972222222223,27.030791666666687
2004,10,2004-10-01,26.925,-80.85,297.99996833333336,24.443870967741937,25.093870967741935,25.38032258064516,25.00483870967742,24.980725806451613,2004-10-16 00:00:00,24.980725806451613,24.84996833333338
2004,11,2004-11-01,26.925,-80.85,295.54499333333337,21.60033333333333,22.228666666666665,22.582333333333334,22.244666666666667,22.163999999999998,2004-11-15 12:00:00,22.163999999999998,22.39499333333339
2004,12,2004-12-01,26.925,-80.85,291.6051333333333,16.74290322580645,17.1858064516129,17.86258064516129,17.437741935483874,17.307258064516127,2004-12-16 00:00:00,17.307258064516127,18.455133333333322
2005,1,2005-01-01,26.925,-80.85,291.4764866666667,16.817419354838712,17.36967741935484,17.71193548387097,17.3141935483871,17.303306451612904,2005-01-16 00:00:00,17.303306451612904,18.32648666666671
2005,2,2005-02-01,26.925,-80.85,291.9636483333333,17.533571428571427,18.158214285714287,18.43357142857143,17.997142857142858,18.030625,2005-02-14 12:00:00,18.030625,18.813648333333333
2005,3,2005-03-01,26.925,-80.85,292.969835,18.68032258064516,19.380967741935482,20.39814814814815,19.280967741935484,19.278198924731186,2005-03-16 00:00:00,19.278198924731186,19.819835000000012
2005,4,2005-04-01,26.925,-80.85,294.5711533333333,20.652333333333335,21.325,21.612666666666666,21.232000000000003,21.205499999999997,2005-04-15 12:00:00,21.205499999999997,21.421153333333336
2005,5,2005-05-01,26.925,-80.85,298.04863166666667,24.095161290322583,24.761290322580646,24.899677419354838,24.59193548387097,24.587016129032257,2005-05-16 00:00:00,24.587016129032257,24.898631666666688
2005,6,2005-06-01,26.925,-80.85,299.64559333333335,25.901,26.516666666666666,26.468,26.267,26.288166666666665,2005-06-15 12:00:00,26.288166666666665,26.495593333333375
2005,7,2005-07-01,26.925,-80.85,301.60020833333334,27.95387096774194,28.522222222222222,28.60451612903226,28.364193548387096,28.339086021505377,2005-07-16 00:00:00,28.339086021505377,28.450208333333364
2005,8,2005-08-01,26.925,-80.85,302.03346833333336,28.072903225806453,28.658709677419353,28.73548387096774,28.514193548387098,28.495322580645162,2005-08-16 00:00:00,28.495322580645162,28.883468333333383
2005,9,2005-09-01,26.925,-80.85,300.90332333333333,26.612666666666666,27.363333333333333,27.574333333333335,27.122,27.187444444444445,2005-09-15 12:00:00,27.187444444444445,27.753323333333356
2005,10,2005-10-01,26.925,-80.85,298.18481,24.075161290322583,25.49655172413793,25.171935483870968,25.425,24.750967741935483,2005-10-16 00:00:00,24.750967741935483,25.03481000000005
2005,11,2005-11-01,26.925,-80.85,295.65037666666666,21.178333333333335,21.877000000000002,23.019166666666667,21.88266666666667,21.789388888888887,2005-11-15 12:00:00,21.789388888888887,22.500376666666682
2005,12,2005-12-01,26.925,-80.85,291.61283499999996,17.00709677419355,17.56677419354839,18.245806451612903,17.855806451612903,17.668870967741935,2005-12-16 00:00:00,17.668870967741935,18.462834999999984
2006,1,2006-01-01,26.925,-80.85,292.26011666666665,17.050967741935484,17.739354838709676,18.026129032258066,17.78483870967742,17.65032258064516,2006-01-16 00:00:00,17.65032258064516,19.11011666666667
2006,2,2006-02-01,26.925,-80.85,291.185235,16.611071428571428,17.308214285714286,17.653928571428573,17.532500000000002,17.27642857142857,2006-02-14 12:00:00,17.27642857142857,18.035235
2006,3,2006-03-01,26.925,-80.85,294.1997166666667,19.61935483870968,20.15064516129032,20.523225806451613,20.437741935483867,20.182741935483868,2006-03-16 00:00:00,20.182741935483868,21.04971666666671
2006,4,2006-04-01,26.925,-80.85,297.476565,22.863,23.19,23.813666666666666,23.671,23.384416666666667,2006-04-15 12:00:00,23.384416666666667,24.326565000000016
2006,5,2006-05-01,26.925,-80.85,298.91138166666667,24.381612903225808,24.58677419354839,25.195483870967745,25.093548387096774,24.81435483870968,2006-05-16 00:00:00,24.81435483870968,25.761381666666693
2006,6,2006-06-01,26.925,-80.85,300.54550333333333,26.294,26.632,27.038666666666664,27.008666666666667,26.743333333333332,2006-06-15 12:00:00,26.743333333333332,27.39550333333335
2006,7,2006-07-01,26.925,-80.85,300.54594000000003,26.72225806451613,27.016774193548386,27.338064516129034,27.368709677419353,27.111451612903227,2006-07-16 00:00:00,27.111451612903227,27.395940000000053
2006,8,2006-08-01,26.925,-80.85,301.1533,27.19451612903226,27.252258064516127,27.82,27.853548387096776,27.53008064516129,2006-08-16 00:00:00,27.53008064516129,28.003300000000024
2006,9,2006-09-01,26.925,-80.85,300.26369666666665,26.61,26.777333333333335,27.419333333333334,27.278666666666666,27.021333333333335,2006-09-15 12:00:00,27.021333333333335,27.11369666666667
2006,10,2006-10-01,26.925,-80.85,298.81476833333335,23.856129032258064,24.031935483870967,25.041290322580643,24.83709677419355,24.441612903225806,2006-10-16 00:00:00,24.441612903225806,25.66476833333337
2006,11,2006-11-01,26.925,-80.85,294.26906333333335,19.151333333333334,19.271,20.217,19.996666666666666,19.659,2006-11-15 12:00:00,19.659,21.119063333333372
2006,12,2006-12-01,26.925,-80.85,295.0494733333333,19.80354838709677,19.925806451612903,20.765483870967742,20.529677419354837,20.256129032258066,2006-12-16 00:00:00,20.256129032258066,21.899473333333333
2007,1,2007-01-01,26.925,-80.85,293.70523166666663,18.53806451612903,18.74290322580645,19.663225806451614,19.458387096774196,19.100645161290323,2007-01-16 00:00:00,19.100645161290323,20.555231666666657
2007,2,2007-02-01,26.925,-80.85,291.6006033333333,16.500714285714285,16.84107142857143,17.601785714285715,17.256785714285716,17.050089285714286,2007-02-14 12:00:00,17.050089285714286,18.450603333333333
2007,3,2007-03-01,26.925,-80.85,294.6498516666666,19.960322580645162,20.26322580645161,20.998387096774195,20.7958064516129,20.50443548387097,2007-03-16 00:00:00,20.50443548387097,21.499851666666643
2007,4,2007-04-01,26.925,-80.85,296.19773000000004,21.344333333333335,21.607666666666667,22.408666666666665,22.241333333333333,21.9005,2007-04-15 12:00:00,21.9005,23.04773000000006
2007,5,2007-05-01,26.925,-80.85,298.1992,23.463870967741936,23.677419354838708,24.427096774193547,24.251290322580644,23.954919354838708,2007-05-16 00:00:00,23.954919354838708,25.04920000000004
2007,6,2007-06-01,26.925,-80.85,300.087955,25.675,25.799333333333333,26.444666666666667,26.351666666666667,26.067666666666664,2007-06-15 12:00:00,26.067666666666664,26.937955000000045
2007,7,2007-07-01,26.925,-80.85,301.0447,27.05838709677419,26.77548387096774,27.649032258064516,27.644193548387097,27.281774193548387,2007-07-16 00:00:00,27.281774193548387,27.8947
2007,8,2007-08-01,26.925,-80.85,301.88782,27.755806451612905,27.774193548387096,28.47741935483871,28.425161290322578,28.108145161290324,2007-08-16 00:00:00,28.108145161290324,28.73782
2007,9,2007-09-01,26.925,-80.85,300.5322566666667,26.213,26.288999999999998,27.117666666666665,26.942333333333334,26.6405,2007-09-15 12:00:00,26.6405,27.382256666666706
2007,10,2007-10-01,26.925,-80.85,299.67950666666667,25.434193548387096,25.61741935483871,26.293225806451613,26.05516129032258,25.85,2007-10-16 00:00:00,25.85,26.52950666666669
2007,11,2007-11-01,26.925,-80.85,295.23878666666667,20.352666666666668,20.18933333333333,21.342,21.03666666666667,20.730166666666666,2007-11-15 12:00:00,20.730166666666666,22.088786666666692
2007,12,2007-12-01,26.925,-80.85,295.07964999999996,20.169354838709676,20.216451612903228,21.243225806451612,20.940645161290323,20.642419354838708,2007-12-16 00:00:00,20.642419354838708,21.92964999999998
2008,1,2008-01-01,26.925,-80.85,292.611745,16.930967741935483,17.307000000000002,17.817419354838712,17.421935483870968,17.288037634408603,2008-01-16 00:00:00,17.288037634408603,19.461745000000008
2008,2,2008-02-01,26.925,-80.85,294.73825166666666,19.867241379310343,19.90206896551724,20.82758620689655,20.45862068965517,20.26387931034483,2008-02-15 00:00:00,20.26387931034483,21.58825166666668
2008,3,2008-03-01,26.925,-80.85,294.586955,19.682580645161288,19.884516129032257,20.75258064516129,20.401290322580646,20.18024193548387,2008-03-16 00:00:00,20.18024193548387,21.43695500000001
2008,4,2008-04-01,26.925,-80.85,296.026175,21.55933333333333,21.768666666666668,22.54866666666667,22.260333333333335,22.03425,2008-04-15 12:00:00,22.03425,22.876175000000046
2008,5,2008-05-01,26.925,-80.85,299.31987166666664,24.539677419354838,24.701612903225808,25.501935483870966,25.198387096774194,24.98540322580645,2008-05-16 00:00:00,24.98540322580645,26.169871666666666
2008,6,2008-06-01,26.925,-80.85,300.21049999999997,25.957,25.866333333333333,26.828666666666667,26.511000000000003,26.29075,2008-06-15 12:00:00,26.29075,27.06049999999999
2008,7,2008-07-01,26.925,-80.85,300.15618333333333,26.393548387096775,26.31709677419355,27.186451612903223,26.912580645161288,26.70241935483871,2008-07-16 00:00:00,26.70241935483871,27.006183333333354
2008,8,2008-08-01,26.925,-80.85,300.76465333333334,26.83709677419355,26.85741935483871,27.475161290322582,27.281935483870967,27.112903225806452,2008-08-16 00:00:00,27.112903225806452,27.614653333333365
2008,9,2008-09-01,26.925,-80.85,300.24361,26.415333333333333,26.680999999999997,27.183666666666667,26.933333333333334,26.803333333333335,2008-09-15 12:00:00,26.803333333333335,27.093610000000012
2008,10,2008-10-01,26.925,-80.85,297.2477783333333,23.28258064516129,23.393870967741936,24.401935483870968,24.03258064516129,23.77774193548387,2008-10-16 00:00:00,23.77774193548387,24.097778333333338
2008,11,2008-11-01,26.925,-80.85,292.7798466666667,17.985666666666667,18.088,19.162666666666667,18.740666666666666,18.49425,2008-11-15 12:00:00,18.49425,19.629846666666708
2008,12,2008-12-01,26.925,-80.85,293.2744383333333,18.326129032258066,20.20125,19.35483870967742,18.800967741935484,18.87672043010753,2008-12-16 00:00:00,18.87672043010753,20.12443833333333
2009,1,2009-01-01,26.925,-80.85,290.820925,16.005161290322583,16.69193548387097,17.140645161290323,16.38193548387097,16.55491935483871,2009-01-16 00:00:00,16.55491935483871,17.67092500000001
2009,2,2009-02-01,26.925,-80.85,291.21636,15.904642857142857,16.64464285714286,16.906785714285714,16.84,16.574017857142856,2009-02-14 12:00:00,16.574017857142856,18.06636000000003
2009,3,2009-03-01,26.925,-80.85,294.04774333333336,19.378387096774194,20.169999999999998,20.083870967741937,20.205806451612904,19.95951612903226,2009-03-16 00:00:00,19.95951612903226,20.89774333333338
2009,4,2009-04-01,26.925,-80.85,296.6118583333334,21.368666666666666,22.551,22.628333333333334,22.649,22.299249999999997,2009-04-15 12:00:00,22.299249999999997,23.461858333333396
2009,5,2009-05-01,26.925,-80.85,298.72543833333333,23.72225806451613,25.14032258064516,25.109032258064516,25.226451612903226,24.799516129032256,2009-05-16 00:00:00,24.799516129032256,25.575438333333352
2009,6,2009-06-01,26.925,-80.85,300.39629833333333,26.38566666666667,26.878666666666668,27.130999999999997,27.213,26.902083333333334,2009-06-15 12:00:00,26.902083333333334,27.246298333333357
2009,7,2009-07-01,26.925,-80.85,300.80444833333337,27.108387096774194,27.712903225806453,27.90838709677419,27.955161290322582,27.671209677419355,2009-07-16 00:00:00,27.671209677419355,27.65444833333339
2009,8,2009-08-01,26.925,-80.85,301.29560999999995,27.46548387096774,28.404516129032256,28.265483870967742,28.34193548387097,28.11935483870968,2009-08-16 00:00:00,28.11935483870968,28.145609999999976
2009,9,2009-09-01,26.925,-80.85,300.531295,26.601666666666667,27.471999999999998,27.631333333333334,27.613333333333333,27.329583333333336,2009-09-15 12:00:00,27.329583333333336,27.381295000000023
2009,10,2009-10-01,26.925,-80.85,299.8315283333333,25.11483870967742,25.843225806451613,26.206451612903226,26.206774193548387,25.842822580645162,2009-10-16 00:00:00,25.842822580645162,26.681528333333347
2009,11,2009-11-01,26.925,-80.85,295.83606833333334,20.699,21.657,22.326,22.281,21.74075,2009-11-15 12:00:00,21.74075,22.686068333333367
2009,12,2009-12-01,26.925,-80.85,293.71332,18.006129032258066,19.13967741935484,19.401290322580646,19.337741935483873,18.971209677419353,2009-12-16 00:00:00,18.971209677419353,20.563320000000033
2010,1,2010-01-01,26.925,-80.85,288.43968,12.594193548387098,13.569354838709677,13.712258064516128,13.413548387096775,13.32233870967742,2010-01-16 00:00:00,13.32233870967742,15.289680000000033
2010,2,2010-02-01,26.925,-80.85,288.89709166666665,13.951071428571428,14.229642857142858,14.705357142857142,14.626785714285715,14.378214285714284,2010-02-14 12:00:00,14.378214285714284,15.747091666666677
2010,3,2010-03-01,26.925,-80.85,291.077965,16.712580645161292,16.864193548387096,17.153870967741934,17.17225806451613,16.975725806451614,2010-03-16 00:00:00,16.975725806451614,17.92796500000003
2010,4,2010-04-01,26.925,-80.85,295.95943,22.216333333333335,22.361666666666668,22.392666666666667,22.538333333333334,22.37725,2010-04-15 12:00:00,22.37725,22.80943000000002
2010,5,2010-05-01,26.925,-80.85,299.77638666666667,25.918709677419354,26.071290322580648,26.14032258064516,26.291935483870965,26.105564516129032,2010-05-16 00:00:00,26.105564516129032,26.62638666666669
2010,6,2010-06-01,26.925,-80.85,301.58666666666664,28.213666666666665,28.359333333333332,28.351333333333333,28.601666666666667,28.381500000000003,2010-06-15 12:00:00,28.381500000000003,28.436666666666667
2010,7,2010-07-01,26.925,-80.85,301.73074833333334,28.271935483870966,28.293548387096774,28.261612903225807,28.543870967741935,28.342741935483872,2010-07-16 00:00:00,28.342741935483872,28.58074833333336
2010,8,2010-08-01,26.925,-80.85,301.5239883333333,28.171935483870968,27.92290322580645,27.973870967741934,28.30258064516129,28.092822580645162,2010-08-16 00:00:00,28.092822580645162,28.37398833333333
2010,9,2010-09-01,26.925,-80.85,300.9602233333333,27.348333333333336,27.83923076923077,27.584,27.73933333333333,27.570749999999997,2010-09-15 12:00:00,27.570749999999997,27.81022333333334
2010,10,2010-10-01,26.925,-80.85,298.26825833333334,24.356451612903225,25.770714285714288,24.79548387096774,24.84193548387097,24.738279569892473,2010-10-16 00:00:00,24.738279569892473,25.118258333333358
2010,11,2010-11-01,26.925,-80.85,295.17541,20.767333333333333,23.2175,21.136333333333333,22.09444444444444,21.148388888888892,2010-11-15 12:00:00,21.148388888888892,22.025410000000022
2010,12,2010-12-01,26.925,-80.85,287.6009916666667,12.41451612903226,12.468387096774192,12.95,12.996129032258064,12.707258064516129,2010-12-16 00:00:00,12.707258064516129,14.45099166666671
2011,1,2011-01-01,26.925,-80.85,290.9595483333333,15.595161290322581,15.862580645161291,15.650645161290322,15.911612903225807,15.754999999999999,2011-01-16 00:00:00,15.754999999999999,17.80954833333334
2011,2,2011-02-01,26.925,-80.85,293.82812666666666,19.213214285714287,19.096363636363638,19.712500000000002,19.470357142857143,19.53333333333333,2011-02-14 12:00:00,19.53333333333333,20.678126666666685
2011,3,2011-03-01,26.925,-80.85,295.2345833333333,20.763870967741934,,21.580322580645163,21.274193548387096,21.206129032258065,2011-03-16 00:00:00,21.206129032258065,22.08458333333334
2011,4,2011-04-01,26.925,-80.85,299.110475,24.596999999999998,,25.31066666666667,25.03666666666667,24.981444444444442,2011-04-15 12:00:00,24.981444444444442,25.96047500000003
2011,5,2011-05-01,26.925,-80.85,299.5329566666667,25.333870967741937,25.655714285714286,25.858064516129033,25.633870967741935,25.56956989247312,2011-05-16 00:00:00,25.56956989247312,26.3829566666667
2011,6,2011-06-01,26.925,-80.85,300.9335733333333,26.709999999999997,25.732333333333333,27.250666666666667,27.012666666666668,26.676416666666668,2011-06-15 12:00:00,26.676416666666668,27.783573333333322
2011,7,2011-07-01,26.925,-80.85,301.41284666666667,27.769354838709678,26.90741935483871,28.261290322580646,28.046774193548387,27.746209677419355,2011-07-16 00:00:00,27.746209677419355,28.26284666666669
2011,8,2011-08-01,26.925,-80.85,301.4360633333333,27.937419354838706,26.92258064516129,28.261612903225807,28.09032258064516,27.802983870967743,2011-08-16 00:00:00,27.802983870967743,28.286063333333345
2011,9,2011-09-01,26.925,-80.85,300.4412016666667,27.345666666666666,26.73,27.93166666666667,27.60666666666667,27.60288888888889,2011-09-15 12:00:00,27.60288888888889,27.291201666666723
2011,10,2011-10-01,26.925,-80.85,297.4862316666667,23.48,23.041290322580643,24.481290322580644,23.986129032258066,23.747177419354838,2011-10-16 00:00:00,23.747177419354838,24.33623166666672
2011,11,2011-11-01,26.925,-80.85,295.53177,21.656000000000002,21.014333333333333,22.517666666666667,21.825333333333333,21.753333333333334,2011-11-15 12:00:00,21.753333333333334,22.381770000000017
2011,12,2011-12-01,26.925,-80.85,293.7363216666667,20.046451612903226,19.510967741935485,21.03806451612903,20.34032258064516,20.233951612903226,2011-12-16 00:00:00,20.233951612903226,20.58632166666672
2012,1,2012-01-01,26.925,-80.85,291.31499833333334,17.593870967741935,16.943548387096776,18.606451612903225,17.67774193548387,17.705403225806453,2012-01-16 00:00:00,17.705403225806453,18.164998333333358
2012,2,2012-02-01,26.925,-80.85,294.14297833333336,20.24448275862069,19.692758620689656,20.974482758620688,20.235862068965517,20.28689655172414,2012-02-15 00:00:00,20.28689655172414,20.992978333333383
2012,3,2012-03-01,26.925,-80.85,295.85856,22.330000000000002,22.062580645161294,23.000967741935483,22.48032258064516,22.468467741935484,2012-03-16 00:00:00,22.468467741935484,22.708560000000034
2012,4,2012-04-01,26.925,-80.85,296.56206333333336,23.00766666666667,22.377333333333336,23.600666666666665,23.042333333333332,23.007,2012-04-15 12:00:00,23.007,23.41206333333338
2012,5,2012-05-01,26.925,-80.85,298.91220833333335,25.469354838709677,24.94709677419355,25.90064516129032,25.36967741935484,25.421693548387097,2012-05-16 00:00:00,25.421693548387097,25.762208333333376
2012,6,2012-06-01,26.925,-80.85,299.98178666666666,26.62066666666667,25.901999999999997,27.03966666666667,26.592666666666666,26.53875,2012-06-15 12:00:00,26.53875,26.831786666666687
2012,7,2012-07-01,26.925,-80.85,301.2221666666667,27.97290322580645,26.94,28.062258064516126,27.773548387096774,27.68717741935484,2012-07-16 00:00:00,27.68717741935484,28.072166666666703
2012,8,2012-08-01,26.925,-80.85,301.10581666666667,27.739354838709676,26.919032258064515,28.021290322580644,27.71,27.59741935483871,2012-08-16 00:00:00,27.59741935483871,27.955816666666692
2012,9,2012-09-01,26.925,-80.85,300.10930333333334,26.903333333333332,26.180333333333333,27.35033333333333,26.938666666666666,26.843166666666665,2012-09-15 12:00:00,26.843166666666665,26.959303333333366
2012,10,2012-10-01,26.925,-80.85,298.27805166666667,24.41516129032258,23.895806451612902,25.22225806451613,24.736129032258066,24.56733870967742,2012-10-16 00:00:00,24.56733870967742,25.128051666666693
2012,11,2012-11-01,26.925,-80.85,293.38245666666666,19.112666666666666,18.328333333333333,19.571666666666665,19.14466666666667,19.03933333333333,2012-11-15 12:00:00,19.03933333333333,20.23245666666668
2012,12,2012-12-01,26.925,-80.85,293.53536333333335,19.60709677419355,18.993548387096773,20.27225806451613,19.69483870967742,19.641935483870967,2012-12-16 00:00:00,19.641935483870967,20.385363333333373
2013,1,2013-01-01,26.925,-80.85,294.0095966666667,20.409310344827585,19.596666666666668,20.654193548387095,20.11967741935484,20.12884408602151,2013-01-16 00:00:00,20.12884408602151,20.859596666666732
2013,2,2013-02-01,26.925,-80.85,293.22449,19.190714285714286,18.678571428571427,19.710714285714285,19.232499999999998,19.203125,2013-02-14 12:00:00,19.203125,20.074490000000026
2013,3,2013-03-01,26.925,-80.85,291.48364833333335,17.206451612903226,16.626129032258063,17.982903225806453,17.409354838709675,17.306209677419353,2013-03-16 00:00:00,17.306209677419353,18.33364833333337
2013,4,2013-04-01,26.925,-80.85,297.17040000000003,23.608333333333334,23.118,24.089,23.546666666666667,23.590500000000002,2013-04-15 12:00:00,23.590500000000002,24.020400000000052
2013,5,2013-05-01,26.925,-80.85,297.800175,24.13258064516129,23.825806451612905,24.86258064516129,24.31483870967742,24.283951612903227,2013-05-16 00:00:00,24.283951612903227,24.650175000000047
2013,6,2013-06-01,26.925,-80.85,299.92529666666667,26.920333333333335,26.221666666666668,27.233333333333334,26.763333333333332,26.784666666666666,2013-06-15 12:00:00,26.784666666666666,26.77529666666669
2013,7,2013-07-01,26.925,-80.85,299.9880816666667,26.84,26.336451612903225,27.233870967741936,26.71548387096774,26.781451612903226,2013-07-16 00:00:00,26.781451612903226,26.83808166666671
2013,8,2013-08-01,26.925,-80.85,300.95817833333336,27.870645161290323,27.437096774193545,28.404838709677417,27.80258064516129,27.878790322580645,2013-08-16 00:00:00,27.878790322580645,27.808178333333387
2013,9,2013-09-01,26.925,-80.85,299.81051833333333,26.666666666666668,26.277333333333335,27.436666666666667,26.504,26.721166666666665,2013-09-15 12:00:00,26.721166666666665,26.660518333333357
2013,10,2013-10-01,26.925,-80.85,298.79199166666666,25.338064516129034,24.68032258064516,26.188709677419357,25.413548387096775,25.40516129032258,2013-10-16 00:00:00,25.40516129032258,25.641991666666684
2013,11,2013-11-01,26.925,-80.85,296.1943733333333,22.090333333333334,21.602666666666668,23.0,21.64966666666667,22.08566666666667,2013-11-15 12:00:00,22.08566666666667,23.04437333333334
2013,12,2013-12-01,26.925,-80.85,294.8361916666667,20.64548387096774,20.282258064516128,21.491612903225807,19.223548387096773,20.410725806451612,2013-12-16 00:00:00,20.410725806451612,21.68619166666673
2014,1,2014-01-01,26.925,-80.85,290.5836533333333,16.047096774193548,16.01290322580645,16.98483870967742,16.541612903225804,16.396612903225808,2014-01-16 00:00:00,16.396612903225808,17.433653333333325
2014,2,2014-02-01,26.925,-80.85,294.1157,20.11785714285714,20.101428571428574,20.839285714285715,20.388571428571428,20.361785714285713,2014-02-14 12:00:00,20.361785714285713,20.965700000000027
2014,3,2014-03-01,26.925,-80.85,294.519215,20.29548387096774,20.17225806451613,21.391612903225806,21.039032258064516,20.724596774193547,2014-03-16 00:00:00,20.724596774193547,21.369214999999997
2014,4,2014-04-01,26.925,-80.85,297.0567433333333,23.220333333333333,23.094333333333335,23.764,23.970333333333333,23.51225,2014-04-15 12:00:00,23.51225,23.90674333333334
2014,5,2014-05-01,26.925,-80.85,299.02303,25.228387096774195,25.14483870967742,25.606451612903225,25.841290322580647,25.455241935483873,2014-05-16 00:00:00,25.455241935483873,25.87303000000003
2014,6,2014-06-01,26.925,-80.85,299.91387833333334,26.344333333333335,26.02466666666667,26.692666666666664,26.714333333333332,26.444000000000003,2014-06-15 12:00:00,26.444000000000003,26.763878333333366
2014,7,2014-07-01,26.925,-80.85,300.89018833333336,27.70741935483871,27.30322580645161,27.825806451612905,27.929032258064513,27.691370967741936,2014-07-16 00:00:00,27.691370967741936,27.74018833333338
2014,8,2014-08-01,26.925,-80.85,301.54098500000003,28.365806451612904,27.90774193548387,28.687741935483874,28.718387096774194,28.41991935483871,2014-08-16 00:00:00,28.41991935483871,28.390985000000057
2014,9,2014-09-01,26.925,-80.85,299.93551333333335,26.592,26.448666666666668,26.908666666666665,26.975666666666665,26.73125,2014-09-15 12:00:00,26.73125,26.78551333333337
2014,10,2014-10-01,26.925,-80.85,298.28529333333336,24.82032258064516,24.703870967741935,25.533548387096772,25.450967741935486,25.12717741935484,2014-10-16 00:00:00,25.12717741935484,25.13529333333338
2014,11,2014-11-01,26.925,-80.85,293.417045,19.06433333333333,18.613333333333333,20.00133333333333,19.749000000000002,19.357000000000003,2014-11-15 12:00:00,19.357000000000003,20.267044999999996
2014,12,2014-12-01,26.925,-80.85,292.9174816666667,18.909032258064514,18.549999999999997,19.38032258064516,19.22483870967742,19.016048387096774,2014-12-16 00:00:00,19.016048387096774,19.767481666666697
2015,1,2015-01-01,26.925,-80.85,292.11545666666666,18.264137931034483,17.74806451612903,18.884193548387096,18.635161290322582,18.358387096774194,2015-01-16 00:00:00,18.358387096774194,18.965456666666682
2015,2,2015-02-01,26.925,-80.85,290.92761,16.22947368421053,16.282857142857143,17.357499999999998,17.09392857142857,16.848154761904762,2015-02-14 12:00:00,16.848154761904762,17.77761000000004
2015,3,2015-03-01,26.925,-80.85,296.181765,22.496129032258064,22.386774193548387,22.998709677419356,22.938709677419357,22.70508064516129,2015-03-16 00:00:00,22.70508064516129,23.031765000000007
2015,4,2015-04-01,26.925,-80.85,298.68420499999996,25.124000000000002,25.070666666666668,25.564,25.593,25.33791666666667,2015-04-15 12:00:00,25.33791666666667,25.534204999999986
2015,5,2015-05-01,26.925,-80.85,299.09349000000003,25.553571428571427,25.517096774193547,26.03258064516129,26.087741935483873,25.813225806451616,2015-05-16 00:00:00,25.813225806451616,25.943490000000054
2015,6,2015-06-01,26.925,-80.85,300.9571583333333,28.1375,27.147666666666666,27.758666666666667,28.146333333333335,27.635111111111108,2015-06-15 12:00:00,27.635111111111108,27.807158333333348
2015,7,2015-07-01,26.925,-80.85,301.34319,27.69161290322581,27.16483870967742,27.903225806451612,28.458387096774196,27.804516129032258,2015-07-16 00:00:00,27.804516129032258,28.193190000000016
2015,8,2015-08-01,26.925,-80.85,301.347245,27.832903225806454,27.50709677419355,28.164193548387097,28.291290322580643,27.948870967741936,2015-08-16 00:00:00,27.948870967741936,28.19724500000001
2015,9,2015-09-01,26.925,-80.85,300.57788,27.471333333333334,27.175,27.852333333333334,27.998333333333335,27.62425,2015-09-15 12:00:00,27.62425,27.427880000000016
2015,10,2015-10-01,26.925,-80.85,299.0435733333333,25.15032258064516,25.0058064516129,25.812580645161294,25.858064516129033,25.456693548387097,2015-10-16 00:00:00,25.456693548387097,25.893573333333336
2015,11,2015-11-01,26.925,-80.85,298.07348833333333,24.382,24.215,24.869000000000003,25.009666666666664,24.618916666666667,2015-11-15 12:00:00,24.618916666666667,24.923488333333353
2015,12,2015-12-01,26.925,-80.85,296.29525,22.733548387096775,22.46677419354839,23.16709677419355,23.159354838709678,22.881693548387098,2015-12-16 00:00:00,22.881693548387098,23.145250000000033
2016,1,2016-01-01,26.925,-80.85,290.64198000000005,16.561935483870965,16.160645161290322,17.205161290322582,17.13032258064516,16.76451612903226,2016-01-16 00:00:00,16.76451612903226,17.49198000000007
2016,2,2016-02-01,26.925,-80.85,291.23654500000004,17.108620689655172,17.00896551724138,17.591724137931035,17.47586206896552,17.296293103448278,2016-02-15 00:00:00,17.296293103448278,18.086545000000058
2016,3,2016-03-01,26.925,-80.85,295.73287666666664,21.855483870967742,21.815806451612904,22.30516129032258,22.40838709677419,22.096209677419353,2016-03-16 00:00:00,22.096209677419353,22.582876666666664
2016,4,2016-04-01,26.925,-80.85,296.82881833333334,23.221333333333334,23.246666666666666,23.728666666666665,23.865333333333336,23.5155,2016-04-15 12:00:00,23.5155,23.678818333333368
2016,5,2016-05-01,26.925,-80.85,298.829865,25.168709677419354,25.12709677419355,25.636451612903226,25.57032258064516,25.375645161290322,2016-05-16 00:00:00,25.375645161290322,25.679865000000007
2016,6,2016-06-01,26.925,-80.85,300.8105983333333,27.445666666666668,27.068666666666665,27.62366666666667,27.620333333333335,27.439583333333335,2016-06-15 12:00:00,27.439583333333335,27.660598333333326
2016,7,2016-07-01,26.925,-80.85,301.85628833333334,28.744193548387095,28.54032258064516,28.999032258064517,29.061935483870965,28.836370967741935,2016-07-16 00:00:00,28.836370967741935,28.70628833333336
2016,8,2016-08-01,26.925,-80.85,301.18909,28.09161290322581,27.885483870967743,28.336129032258064,28.394193548387097,28.176854838709676,2016-08-16 00:00:00,28.176854838709676,28.039090000000044
2016,9,2016-09-01,26.925,-80.85,300.5235566666667,27.403666666666666,27.188333333333333,27.824666666666666,27.795333333333335,27.553,2016-09-15 12:00:00,27.553,27.37355666666673
2016,10,2016-10-01,26.925,-80.85,298.65651166666663,24.82774193548387,24.734516129032258,25.51806451612903,25.331612903225807,25.10298387096774,2016-10-16 00:00:00,25.10298387096774,25.506511666666654
2016,11,2016-11-01,26.925,-80.85,295.024825,21.221,20.880999999999997,22.048000000000002,21.860333333333333,21.502583333333334,2016-11-15 12:00:00,21.502583333333334,21.874825000000044
2016,12,2016-12-01,26.925,-80.85,295.485455,21.406774193548387,21.004516129032258,21.985806451612902,21.74774193548387,21.536209677419354,2016-12-16 00:00:00,21.536209677419354,22.335455000000024
2017,1,2017-01-01,26.925,-80.85,293.09908666666666,18.92967741935484,18.51483870967742,19.399032258064516,19.205161290322582,19.012177419354842,2017-01-16 00:00:00,19.012177419354842,19.949086666666688
2017,2,2017-02-01,26.925,-80.85,294.5182966666667,20.690357142857145,20.383214285714285,21.247142857142855,20.982857142857142,20.825892857142858,2017-02-14 12:00:00,20.825892857142858,21.36829666666671
2017,3,2017-03-01,26.925,-80.85,294.8355666666667,20.693870967741937,20.386774193548387,21.17225806451613,21.015483870967742,20.81709677419355,2017-03-16 00:00:00,20.81709677419355,21.685566666666716
2017,4,2017-04-01,26.925,-80.85,297.50119666666666,23.586333333333336,23.266666666666666,23.773666666666667,23.756333333333334,23.595750000000002,2017-04-15 12:00:00,23.595750000000002,24.35119666666668
2017,5,2017-05-01,26.925,-80.85,299.85268333333335,25.851935483870967,25.26451612903226,25.989032258064515,25.995483870967742,25.775241935483873,2017-05-16 00:00:00,25.775241935483873,26.70268333333337
2017,6,2017-06-01,26.925,-80.85,300.136665,26.997333333333334,26.55,26.922,26.90666666666667,26.844,2017-06-15 12:00:00,26.844,26.986665000000016
2017,7,2017-07-01,26.925,-80.85,301.3522566666667,28.49225806451613,27.885483870967743,28.396451612903224,28.448064516129033,28.30556451612903,2017-07-16 00:00:00,28.30556451612903,28.2022566666667
2017,8,2017-08-01,26.925,-80.85,301.45513,28.346774193548388,27.84451612903226,28.344838709677422,28.381290322580647,28.22935483870968,2017-08-16 00:00:00,28.22935483870968,28.30513000000002
2017,9,2017-09-01,26.925,-80.85,300.81676833333336,27.610666666666667,27.231,27.862666666666666,27.789666666666665,27.6235,2017-09-15 12:00:00,27.6235,27.66676833333338
2017,10,2017-10-01,26.925,-80.85,298.38664,25.030967741935484,24.86741935483871,25.406774193548387,25.279999999999998,25.146290322580644,2017-10-16 00:00:00,25.146290322580644,25.236640000000023
2017,11,2017-11-01,26.925,-80.85,295.8967083333334,22.133,22.097666666666665,22.717666666666666,22.37933333333333,22.331916666666665,2017-11-15 12:00:00,22.331916666666665,22.7467083333334
2017,12,2017-12-01,26.925,-80.85,292.8559333333333,19.551612903225806,19.271612903225805,19.970000000000002,19.76451612903226,19.63943548387097,2017-12-16 00:00:00,19.63943548387097,19.70593333333335
2018,1,2018-01-01,26.925,-80.85,290.05790833333333,15.388387096774194,14.708387096774192,15.610000000000001,15.22,15.231693548387097,2018-01-16 00:00:00,15.231693548387097,16.907908333333353
2018,2,2018-02-01,26.925,-80.85,295.96716166666664,22.334285714285716,22.13214285714286,22.33178571428571,22.154642857142857,22.238214285714285,2018-02-14 12:00:00,22.238214285714285,22.817161666666664
2018,3,2018-03-01,26.925,-80.85,293.29351333333335,19.351935483870967,19.001612903225805,19.74258064516129,19.55258064516129,19.41217741935484,2018-03-16 00:00:00,19.41217741935484,20.143513333333374
2018,4,2018-04-01,26.925,-80.85,297.1344266666667,23.371333333333332,23.134,23.682333333333336,23.56833333333333,23.439,2018-04-15 12:00:00,23.439,23.984426666666707
2018,5,2018-05-01,26.925,-80.85,298.15935666666667,24.592903225806452,24.26774193548387,24.74741935483871,24.65096774193548,24.56475806451613,2018-05-16 00:00:00,24.56475806451613,25.00935666666669
2018,6,2018-06-01,26.925,-80.85,300.33414166666665,27.320333333333334,26.783,27.386333333333333,27.353666666666665,27.210833333333333,2018-06-15 12:00:00,27.210833333333333,27.184141666666676
2018,7,2018-07-01,26.925,-80.85,300.99316833333336,28.266129032258064,27.580000000000002,28.281612903225806,28.288064516129033,28.103951612903224,2018-07-16 00:00:00,28.103951612903224,27.84316833333338
2018,8,2018-08-01,26.925,-80.85,300.9395983333333,28.233548387096775,27.853548387096776,28.259354838709676,28.27258064516129,28.15475806451613,2018-08-16 00:00:00,28.15475806451613,27.789598333333345
2018,9,2018-09-01,26.925,-80.85,301.09596166666665,28.038666666666664,27.823666666666668,28.180999999999997,28.151333333333334,28.04866666666667,2018-09-15 12:00:00,28.04866666666667,27.945961666666676
2018,10,2018-10-01,26.925,-80.85,299.60546,26.280967741935484,26.278709677419354,26.674516129032256,26.549354838709675,26.445887096774193,2018-10-16 00:00:00,26.445887096774193,26.455460000000016
2018,11,2018-11-01,26.925,-80.85,296.1622816666667,22.448333333333334,21.879666666666665,22.969,22.721999999999998,22.50475,2018-11-15 12:00:00,22.50475,23.012281666666695
2018,12,2018-12-01,26.925,-80.85,293.0898383333333,19.06483870967742,18.22290322580645,19.38193548387097,18.876451612903224,18.886532258064516,2018-12-16 00:00:00,18.886532258064516,19.93983833333334
2019,1,2019-01-01,26.925,-80.85,291.45543333333336,17.29741935483871,16.759999999999998,17.801612903225806,17.48193548387097,17.33524193548387,2019-01-16 00:00:00,17.33524193548387,18.305433333333383
2019,2,2019-02-01,26.925,-80.85,295.348835,21.654642857142857,21.450357142857143,21.701785714285712,21.461785714285714,21.56714285714286,2019-02-14 12:00:00,21.56714285714286,22.19883500000003
2019,3,2019-03-01,26.925,-80.85,294.8454566666667,20.843225806451613,20.674838709677417,21.47258064516129,21.184838709677418,21.043870967741935,2019-03-16 00:00:00,21.043870967741935,21.6954566666667
2019,4,2019-04-01,26.925,-80.85,297.78071500000004,24.034,23.62066666666667,24.313666666666666,24.117,24.021333333333335,2019-04-15 12:00:00,24.021333333333335,24.630715000000066
2019,5,2019-05-01,26.925,-80.85,299.67244,26.247741935483873,25.89709677419355,26.363548387096774,26.247096774193547,26.188870967741938,2019-05-16 00:00:00,26.188870967741938,26.522440000000017
2019,6,2019-06-01,26.925,-80.85,301.14714666666663,27.915333333333333,27.070333333333334,27.803333333333335,27.701999999999998,27.62275,2019-06-15 12:00:00,27.62275,27.99714666666665
2019,7,2019-07-01,26.925,-80.85,301.30218833333333,28.156774193548387,27.541290322580643,28.325161290322583,28.192258064516132,28.053870967741933,2019-07-16 00:00:00,28.053870967741933,28.152188333333356
2019,8,2019-08-01,26.925,-80.85,300.96761166666664,27.907096774193548,27.2958064516129,28.03774193548387,27.910967741935483,27.78790322580645,2019-08-16 00:00:00,27.78790322580645,27.817611666666664
2019,9,2019-09-01,26.925,-80.85,301.14979999999997,27.455,27.145333333333333,27.882,27.634,27.529083333333336,2019-09-15 12:00:00,27.529083333333336,27.999799999999993
2019,10,2019-10-01,26.925,-80.85,300.38378666666665,26.834666666666667,26.829666666666665,27.054516129032258,26.93290322580645,26.90774193548387,2019-10-16 00:00:00,26.90774193548387,27.233786666666674
2019,11,2019-11-01,26.925,-80.85,295.75115,21.743666666666666,21.834,23.0552,22.09,21.973333333333336,2019-11-15 12:00:00,21.973333333333336,22.60115000000002
2019,12,2019-12-01,26.925,-80.85,294.5138983333333,20.33709677419355,19.637777777777778,20.383870967741935,20.232903225806453,20.227634408602153,2019-12-16 00:00:00,20.227634408602153,21.36389833333334
2020,1,2020-01-01,26.925,-80.85,293.30277333333333,18.905483870967743,18.2,19.089032258064517,18.95225806451613,18.976102150537635,2020-01-16 00:00:00,18.976102150537635,20.152773333333357
2020,2,2020-02-01,26.925,-80.85,294.2586933333333,20.017586206896553,20.010689655172413,20.255862068965516,20.085172413793103,20.092327586206896,2020-02-15 00:00:00,20.092327586206896,21.10869333333335
2020,3,2020-03-01,26.925,-80.85,296.96821833333337,22.980967741935483,22.892258064516128,22.82935483870968,22.837741935483873,22.885080645161292,2020-03-16 00:00:00,22.885080645161292,23.81821833333339
2020,4,2020-04-01,26.925,-80.85,299.12216166666667,24.543,24.497666666666664,24.90266666666667,24.83533333333333,24.694666666666667,2020-04-15 12:00:00,24.694666666666667,25.972161666666693
2020,5,2020-05-01,26.925,-80.85,298.7125633333333,25.072580645161292,24.951612903225808,25.12741935483871,25.14483870967742,25.074112903225807,2020-05-16 00:00:00,25.074112903225807,25.562563333333344
2020,6,2020-06-01,26.925,-80.85,300.9077383333333,27.71833333333333,27.752333333333336,27.698666666666668,27.76033333333333,27.732416666666666,2020-06-15 12:00:00,27.732416666666666,27.75773833333335
2020,7,2020-07-01,26.925,-80.85,301.558115,28.07935483870968,27.963870967741936,28.02258064516129,28.154516129032256,28.05508064516129,2020-07-16 00:00:00,28.05508064516129,28.40811500000001
2020,8,2020-08-01,26.925,-80.85,301.72943,28.583548387096776,28.57225806451613,28.624193548387098,28.692580645161293,28.61814516129032,2020-08-16 00:00:00,28.61814516129032,28.579430000000002
2020,9,2020-09-01,26.925,-80.85,300.9082183333333,27.557000000000002,27.716333333333335,27.625666666666667,27.460666666666665,27.589916666666667,2020-09-15 12:00:00,27.589916666666667,27.758218333333332
2020,10,2020-10-01,26.925,-80.85,299.84266166666663,26.378709677419355,26.547096774193548,26.526774193548388,26.266451612903225,26.42975806451613,2020-10-16 00:00:00,26.42975806451613,26.692661666666652
2020,11,2020-11-01,26.925,-80.85,297.15758999999997,23.550666666666665,23.610666666666667,23.95,23.563,23.668583333333334,2020-11-15 12:00:00,23.668583333333334,24.007589999999993
2020,12,2020-12-01,26.925,-80.85,291.31459,17.167096774193546,17.291935483870965,17.70225806451613,17.22225806451613,17.34588709677419,2020-12-16 00:00:00,17.34588709677419,18.164590000000032
2021,1,2021-01-01,26.925,-80.85,291.3737966666667,17.429354838709674,17.68548387096774,17.937741935483874,17.48225806451613,17.633709677419354,2021-01-16 00:00:00,17.633709677419354,18.223796666666715
2021,2,2021-02-01,26.925,-80.85,294.648745,20.87607142857143,20.879285714285714,20.67535714285714,20.291785714285712,20.680625,2021-02-14 12:00:00,20.680625,21.498745000000042
2021,3,2021-03-01,26.925,-80.85,295.7745483333333,21.583225806451615,21.65032258064516,21.855483870967742,21.51483870967742,21.65096774193548,2021-03-16 00:00:00,21.65096774193548,22.624548333333337
2021,4,2021-04-01,26.925,-80.85,297.03212833333333,23.014666666666667,23.071666666666665,23.31833333333333,22.966333333333335,23.092750000000002,2021-04-15 12:00:00,23.092750000000002,23.882128333333355
2021,5,2021-05-01,26.925,-80.85,299.87249833333334,26.236818181818183,25.761612903225807,25.803870967741933,25.54806451612903,25.78986559139785,2021-05-16 00:00:00,25.78986559139785,26.722498333333363
2021,6,2021-06-01,26.925,-80.85,300.3435533333333,,26.94066666666667,26.74366666666667,26.563333333333333,26.749222222222222,2021-06-15 12:00:00,26.749222222222222,27.19355333333334
2021,7,2021-07-01,26.925,-80.85,300.90868333333333,28.394117647058824,27.69451612903226,27.73032258064516,27.556451612903224,27.695806451612906,2021-07-16 00:00:00,27.695806451612906,27.75868333333335
2021,8,2021-08-01,26.925,-80.85,301.430255,28.276129032258062,28.223548387096773,28.331935483870968,28.144516129032258,28.244032258064518,2021-08-16 00:00:00,28.244032258064518,28.28025500000001
2021,9,2021-09-01,26.925,-80.85,300.2505066666667,27.153000000000002,27.149333333333335,27.401666666666664,27.18166666666667,27.221416666666666,2021-09-15 12:00:00,27.221416666666666,27.100506666666718
2021,10,2021-10-01,26.925,-80.85,299.33504833333336,25.779999999999998,26.200645161290325,26.169032258064515,25.845161290322583,25.998709677419356,2021-10-16 00:00:00,25.998709677419356,26.185048333333384
2021,11,2021-11-01,26.925,-80.85,294.48929833333335,20.178,20.194333333333336,20.796333333333333,20.282333333333334,20.362750000000002,2021-11-15 12:00:00,20.362750000000002,21.339298333333375
2021,12,2021-12-01,26.925,-80.85,295.21506833333336,21.345161290322583,21.591290322580647,21.819032258064517,21.418387096774193,21.543467741935483,2021-12-16 00:00:00,21.543467741935483,22.065068333333386
2022,1,2022-01-01,26.925,-80.85,291.53552666666667,17.56096774193548,17.549354838709675,17.97741935483871,17.55838709677419,17.66153225806452,2022-01-16 00:00:00,17.66153225806452,18.385526666666692
2022,2,2022-02-01,26.925,-80.85,294.1022983333333,19.381071428571428,19.402142857142856,20.12857142857143,19.139285714285712,19.512767857142855,2022-02-14 12:00:00,19.512767857142855,20.952298333333317
2022,3,2022-03-01,26.925,-80.85,296.62907333333334,22.583870967741937,22.581935483870968,23.490322580645163,22.530322580645162,22.796612903225807,2022-03-16 00:00:00,22.796612903225807,23.47907333333336
2022,4,2022-04-01,26.925,-80.85,297.70385500000003,23.538999999999998,23.75766666666667,24.107000000000003,23.446666666666665,23.712583333333335,2022-04-15 12:00:00,23.712583333333335,24.553855000000055
2022,5,2022-05-01,26.925,-80.85,299.98580999999996,25.69709677419355,25.673548387096773,26.095161290322583,25.57709677419355,25.760725806451614,2022-05-16 00:00:00,25.760725806451614,26.83580999999998
2022,6,2022-06-01,26.925,-80.85,300.65168,27.055,27.051666666666666,27.119000000000003,26.930333333333333,27.038999999999998,2022-06-15 12:00:00,27.038999999999998,27.50168000000002
2022,7,2022-07-01,26.925,-80.85,301.8818366666667,28.483870967741936,28.247096774193547,28.279677419354837,28.18516129032258,28.298951612903227,2022-07-16 00:00:00,28.298951612903227,28.73183666666671
2022,8,2022-08-01,26.925,-80.85,301.92205666666666,28.526129032258062,28.51516129032258,28.653548387096773,28.49967741935484,28.548629032258066,2022-08-16 00:00:00,28.548629032258066,28.772056666666685
2022,9,2022-09-01,26.925,-80.85,300.67134166666665,27.123703703703704,27.040666666666667,27.240666666666666,27.095000000000002,27.120944444444444,2022-09-15 12:00:00,27.120944444444444,27.52134166666667
2022,10,2022-10-01,26.925,-80.85,298.0090916666667,24.220000000000002,24.240322580645163,24.54741935483871,24.23774193548387,24.31478494623656,2022-10-16 00:00:00,24.31478494623656,24.8590916666667
2022,11,2022-11-01,26.925,-80.85,297.25811333333337,23.46066666666667,23.411333333333335,23.788999999999998,23.554666666666666,23.553916666666666,2022-11-15 12:00:00,23.553916666666666,24.108113333333392
2022,12,2022-12-01,26.925,-80.85,293.22388333333333,19.279999999999998,19.276129032258062,19.76516129032258,19.430967741935483,19.438064516129035,2022-12-16 00:00:00,19.438064516129035,20.073883333333356
2023,1,2023-01-01,26.925,-80.85,293.01738666666665,18.931290322580644,18.86064516129032,18.81935483870968,18.53806451612903,18.78733870967742,2023-01-16 00:00:00,18.78733870967742,19.867386666666675
2023,2,2023-02-01,26.925,-80.85,295.9508866666667,21.82857142857143,21.988928571428573,21.8625,21.604285714285712,21.82107142857143,2023-02-14 12:00:00,21.82107142857143,22.800886666666713
2023,3,2023-03-01,26.925,-80.85,296.8505583333333,22.637096774193548,22.694193548387098,22.901935483870968,22.55322580645161,22.69661290322581,2023-03-16 00:00:00,22.69661290322581,23.700558333333333
2023,4,2023-04-01,26.925,-80.85,298.1504616666667,24.442,24.686,24.538333333333334,24.253666666666668,24.48,2023-04-15 12:00:00,24.48,25.000461666666695
2023,5,2023-05-01,26.925,-80.85,299.25038,25.438709677419357,25.606451612903225,25.73774193548387,25.445806451612906,25.55717741935484,2023-05-16 00:00:00,25.55717741935484,26.10038000000003
2023,6,2023-06-01,26.925,-80.85,300.5546933333333,27.11642857142857,26.92142857142857,27.226333333333333,26.978,27.070416666666667,2023-06-15 12:00:00,27.070416666666667,27.40469333333334
2023,7,2023-07-01,26.925,-80.85,302.14782166666663,29.172500000000003,28.780645161290323,28.94,28.772903225806452,28.876451612903228,2023-07-16 00:00:00,28.876451612903228,28.997821666666653
2023,8,2023-08-01,26.925,-80.85,302.20415833333334,29.24741935483871,29.080000000000002,29.04548387096774,28.886451612903226,29.06483870967742,2023-08-16 00:00:00,29.06483870967742,29.054158333333362
2023,9,2023-09-01,26.925,-80.85,300.89743666666664,27.664333333333335,28.391428571428573,27.761000000000003,27.578666666666667,27.747777777777777,2023-09-15 12:00:00,27.747777777777777,27.74743666666666
2023,10,2023-10-01,26.925,-80.85,298.6975566666667,24.865483870967743,24.970967741935485,25.358064516129033,24.983870967741936,25.044596774193547,2023-10-16 00:00:00,25.044596774193547,25.547556666666708
2023,11,2023-11-01,26.925,-80.85,295.99125,22.09733333333333,22.154333333333334,22.573333333333334,22.144333333333336,22.24233333333333,2023-11-15 12:00:00,22.24233333333333,22.841250000000002
2023,12,2023-12-01,26.925,-80.85,293.09105999999997,18.88967741935484,18.761935483870968,19.14258064516129,18.708709677419357,18.875725806451616,2023-12-16 00:00:00,18.875725806451616,19.941059999999993
2024,1,2024-01-01,26.925,-80.85,292.1574266666667,17.663870967741936,17.734193548387097,18.238387096774193,17.61516129032258,17.812903225806455,2024-01-16 00:00:00,17.812903225806455,19.00742666666673
2024,2,2024-02-01,26.925,-80.85,292.0008833333333,18.34551724137931,18.45931034482759,18.711379310344828,18.36896551724138,18.471293103448275,2024-02-15 00:00:00,18.471293103448275,18.850883333333343
2024,3,2024-03-01,26.925,-80.85,296.070785,22.65032258064516,22.873548387096776,22.708709677419357,22.824193548387097,22.764193548387095,2024-03-16 00:00:00,22.764193548387095,22.920785000000024
2024,4,2024-04-01,26.925,-80.85,296.79798999999997,23.083666666666666,23.377,23.304,23.569333333333336,23.3335,2024-04-15 12:00:00,23.3335,23.647989999999993
2024,5,2024-05-01,26.925,-80.85,301.269955,27.366129032258065,27.629354838709677,27.483548387096775,27.820322580645165,27.574838709677422,2024-05-16 00:00:00,27.574838709677422,28.119955000000004
2024,6,2024-06-01,26.925,-80.85,300.9303816666667,27.398000000000003,27.485333333333333,27.502666666666666,27.898333333333333,27.571083333333334,2024-06-15 12:00:00,27.571083333333334,27.7803816666667
2024,7,2024-07-01,26.925,-80.85,301.90498833333334,28.580645161290324,29.03290322580645,28.776774193548388,29.221612903225807,28.902983870967745,2024-07-16 00:00:00,28.902983870967745,28.75498833333336
2024,8,2024-08-01,26.925,-80.85,301.65447,28.12451612903226,28.69193548387097,28.49290322580645,28.87451612903226,28.54596774193548,2024-08-16 00:00:00,28.54596774193548,28.504470000000026
2024,9,2024-09-01,26.925,-80.85,301.2987733333334,28.10033333333333,28.547666666666665,28.267999999999997,28.717666666666666,28.408416666666668,2024-09-15 12:00:00,28.408416666666668,28.148773333333395
2024,10,2024-10-01,26.925,-80.85,298.67494833333336,24.71516129032258,25.17064516129032,25.301612903225806,25.638709677419353,25.206532258064517,2024-10-16 00:00:00,25.206532258064517,25.524948333333384
