year,month,time_x,lat,lon,10u,10v,monthly_avg_WNDS,WNDS_0,WNDS_1,WNDS_2,WNDS_3,monthly_avg_observed,time_y,obs_WNDS,Forecast_WNDS
1990,1,1990-01-01,26.925,-80.85,-0.9480975599999999,-0.265673955,0.9863003621477956,,8.893076923076922,8.310322580645161,,8.577419354838709,1990-01-16 00:00:00,3.8344495483870964,0.9863003621477956
1990,2,1990-02-01,26.925,-80.85,-1.6021432833333333,0.35762526833333336,1.6426653511222622,,11.69095238095238,11.691785714285714,,11.556964285714287,1990-02-14 12:00:00,5.166425314285715,1.6426653511222622
1990,3,1990-03-01,26.925,-80.85,-2.28958735,-0.31604355333333334,2.312457723552233,,11.73967741935484,11.180666666666667,,11.668870967741936,1990-03-16 00:00:00,5.216452077419355,2.312457723552233
1990,4,1990-04-01,26.925,-80.85,-1.55192375,-0.390148065,1.601992255853195,,10.112,,13.030000000000001,11.703636363636365,1990-04-15 12:00:00,5.231993600000001,1.601992255853195
1990,5,1990-05-01,26.925,-80.85,-1.3455673833333333,0.9883929833333335,1.6708425277879606,,,,11.297741935483872,11.297741935483872,1990-05-16 00:00:00,5.05054255483871,1.6708425277879606
1990,6,1990-06-01,26.925,-80.85,-0.8186960249999999,0.6677609883333333,1.0624582142115016,,5.908518518518519,1.085,8.815666666666667,7.292055555555556,1990-06-15 12:00:00,3.2598405155555557,1.0624582142115016
1990,7,1990-07-01,26.925,-80.85,-0.5823619816666666,0.26602415166666665,0.6442543177483188,,9.798709677419355,8.696190476190477,9.433913043478261,9.242258064516129,1990-07-16 00:00:00,4.13165904516129,0.6442543177483188
1990,8,1990-08-01,26.925,-80.85,-0.09010374566666667,0.6084040366666666,0.6155076345850062,,7.5175,6.196774193548387,6.757096774193548,6.557043010752689,1990-08-16 00:00:00,2.931260507526882,0.6155076345850062
1990,9,1990-09-01,26.925,-80.85,-1.57188735,-0.4089253533333333,1.6243758323032298,,,9.067,9.317333333333332,9.282666666666668,1990-09-15 12:00:00,4.149723306666667,1.6243758323032298
1990,10,1990-10-01,26.925,-80.85,-1.8220640833333333,-1.0571451266666667,2.1084406419275115,,10.92,10.127857142857142,11.546774193548387,10.788870967741936,1990-10-16 00:00:00,4.823056877419355,2.1084406419275115
1990,11,1990-11-01,26.925,-80.85,-1.6483640833333333,-1.42627715,2.180231503430531,,7.626,4.928,10.113,7.555666666666667,1990-11-15 12:00:00,3.377685226666667,2.180231503430531
1990,12,1990-12-01,26.925,-80.85,-1.9585100833333333,-0.36093247,1.992610711965175,,5.477096774193548,8.153684210526315,8.909032258064517,7.52241935483871,1990-12-16 00:00:00,3.362822348387097,1.992610711965175
1991,1,1991-01-01,26.925,-80.85,-0.8693321916666666,0.155408919,0.8846245106046561,,7.955,11.351739130434781,10.363870967741937,10.254516129032258,1991-01-16 00:00:00,4.584178890322581,0.8846245106046561
1991,2,1991-02-01,26.925,-80.85,-0.083001753,-0.674701425,0.6802686683400333,,10.620000000000001,12.36,11.272857142857143,10.578214285714285,1991-02-14 12:00:00,4.728884914285714,0.6802686683400333
1991,3,1991-03-01,26.925,-80.85,-0.035567482000000004,1.1188503666666667,1.1199118136296955,,11.661612903225807,12.744761904761905,,12.024838709677418,1991-03-16 00:00:00,5.3755838967741925,1.1199118136296955
1991,4,1991-04-01,26.925,-80.85,-1.84492175,0.5798489783333333,1.9350897596401782,,12.555909090909092,10.304782608695652,9.990625,11.731055555555555,1991-04-15 12:00:00,5.244251075555555,1.9350897596401782
1991,5,1991-05-01,26.925,-80.85,-3.0375986333333334,1.033919305,3.2114425777376296,,10.014999999999999,9.751304347826087,11.20774193548387,10.69505376344086,1991-05-16 00:00:00,4.781116834408603,3.2114425777376296
1991,6,1991-06-01,26.925,-80.85,-0.4830672916666667,0.079680418,0.49221797082723473,,9.51923076923077,6.414333333333333,8.597666666666667,7.469555555555556,1991-06-15 12:00:00,3.3391901155555557,0.49221797082723473
1991,7,1991-07-01,26.925,-80.85,-0.17665286666666669,1.3388487500000001,1.3514633429923262,,6.4090476190476195,4.696315789473684,8.31388888888889,6.432795698924731,1991-07-16 00:00:00,2.875716989247312,1.3514633429923262
1991,8,1991-08-01,26.925,-80.85,-0.46077641333333336,0.6398309783333334,0.7913538035818485,,5.909677419354838,3.8583870967741936,7.700399999999999,5.619516129032259,1991-08-16 00:00:00,2.512148490322581,0.7913538035818485
1991,9,1991-09-01,26.925,-80.85,-1.5804300166666667,-0.7268521099999999,1.7405840144042806,,6.938333333333333,4.2765,8.642,7.154166666666667,1991-09-15 12:00:00,3.198198666666667,1.7405840144042806
1991,10,1991-10-01,26.925,-80.85,-1.95327665,-1.3664642999999999,2.3838544144292566,,9.016,4.934838709677419,10.408571428571427,7.820591397849462,1991-10-16 00:00:00,3.4961171784946234,2.3838544144292566
1991,11,1991-11-01,26.925,-80.85,-1.3216018666666667,-1.4676173666666665,1.9758339486137337,,7.725666666666667,4.674,,6.199833333333333,1991-11-15 12:00:00,2.7715734933333334,1.9758339486137337
1991,12,1991-12-01,26.925,-80.85,-1.3295777666666666,-1.0021648266666667,1.6653613872531254,,5.053,3.5736363636363637,,4.006590909090909,1991-12-16 00:00:00,1.7911064,1.6653613872531254
1992,1,1992-01-01,26.925,-80.85,0.4340052616666667,-0.7486751150000001,0.8669519156111646,,4.3100000000000005,4.779677419354838,,4.637741935483871,1992-01-16 00:00:00,2.0732561548387096,0.8669519156111646
1992,2,1992-02-01,26.925,-80.85,0.30322540000000003,0.038030916,0.30831308027809734,,5.342758620689655,4.6328,,5.25103448275862,1992-02-15 00:00:00,2.3474224551724134,0.30831308027809734
1992,3,1992-03-01,26.925,-80.85,-0.04526098675,-0.016330122666666665,0.07134017803368813,,6.276315789473684,5.515294117647059,,5.87925925925926,1992-03-16 00:00:00,2.6282640592592594,0.07134017803368813
1992,4,1992-04-01,26.925,-80.85,-1.0492429833333332,-0.6757142766666666,1.2493309665845225,,7.099666666666667,5.281666666666666,,6.190666666666667,1992-04-15 12:00:00,2.7674756266666667,1.2493309665845225
1992,5,1992-05-01,26.925,-80.85,-0.6923934850000001,-0.38384223,0.7958709659587395,,6.071612903225806,4.0361290322580645,,5.053870967741936,1992-05-16 00:00:00,2.259282477419355,0.7958709659587395
1992,6,1992-06-01,26.925,-80.85,0.44169612166666666,1.6396093333333333,1.6982292980705163,,5.675666666666667,3.6921739130434785,,4.958166666666667,1992-06-15 12:00:00,2.2164988266666668,1.6982292980705163
1992,7,1992-07-01,26.925,-80.85,-0.98318355,0.920529075,1.3511139018024751,,4.9238709677419354,2.86741935483871,,3.8956451612903225,1992-07-16 00:00:00,1.7415092129032257,1.3511139018024751
1992,8,1992-08-01,26.925,-80.85,-1.1571365833333334,0.6941689016666667,1.3512088950354186,,5.14,6.340833333333333,,5.606935483870967,1992-08-16 00:00:00,2.5065244387096772,1.3512088950354186
1992,9,1992-09-01,26.925,-80.85,-1.6896375,-0.30029332999999997,1.7191498393635216,,5.194333333333333,10.114333333333333,,7.654333333333333,1992-09-15 12:00:00,3.421793173333333,1.7191498393635216
1992,10,1992-10-01,26.925,-80.85,-0.8473991333333334,-1.1353149333333332,1.4183980033832004,,5.681818181818182,11.747741935483871,,10.568064516129033,1992-10-16 00:00:00,4.7243475612903225,1.4183980033832004
1992,11,1992-11-01,26.925,-80.85,-1.9184366833333335,-0.8322442966666667,2.091686616575663,,,14.241666666666667,,14.241666666666667,1992-11-15 12:00:00,6.366594666666667,2.091686616575663
1992,12,1992-12-01,26.925,-80.85,-0.7727320566666668,-1.2375962,1.4602099972034475,,,8.88875,,8.88875,1992-12-16 00:00:00,3.9736268,1.4602099972034475
1993,1,1993-01-01,26.925,-80.85,-1.33561165,-0.28297035,1.3660765865270301,,11.183076923076923,,,11.183076923076923,1993-01-16 00:00:00,4.999282707692307,1.3660765865270301
1993,2,1993-02-01,26.925,-80.85,0.2551809133333333,-0.58403041,0.6385446461609656,,11.862857142857143,,,11.862857142857143,1993-02-14 12:00:00,5.303171657142857,0.6385446461609656
1993,3,1993-03-01,26.925,-80.85,-0.25554542166666666,-0.14266172966666665,0.3012917920721247,,12.248064516129032,12.01774193548387,,12.132903225806452,1993-03-16 00:00:00,5.423893058064516,0.3012917920721247
1993,4,1993-04-01,26.925,-80.85,-0.9294109366666667,-0.271032235,0.9697996447628,,12.965,13.279,12.655555555555557,13.107777777777779,1993-04-15 12:00:00,5.859700977777778,0.9697996447628
1993,5,1993-05-01,26.925,-80.85,-2.3021110166666667,0.32653354166666665,2.327439919498762,,12.807741935483872,12.296129032258065,12.343870967741934,12.48258064516129,1993-05-16 00:00:00,5.580212851612903,2.327439919498762
1993,6,1993-06-01,26.925,-80.85,-1.4642953833333332,0.5745688933333334,1.574153675297363,,10.404666666666666,9.683666666666666,9.936333333333334,10.008222222222223,1993-06-15 12:00:00,4.474075662222222,1.574153675297363
1993,7,1993-07-01,26.925,-80.85,-0.036594729,0.791923,0.7946851055123677,,7.845483870967742,7.4390322580645165,7.947096774193548,7.743870967741936,1993-07-16 00:00:00,3.461820077419355,0.7946851055123677
1993,8,1993-08-01,26.925,-80.85,-0.37115881833333336,0.6935780349999999,0.7888171637546139,,9.369032258064516,9.061612903225807,9.358709677419355,9.263118279569893,1993-08-16 00:00:00,4.140984395698925,0.7888171637546139
1993,9,1993-09-01,26.925,-80.85,-1.6919450666666667,0.006122350833333334,1.6935583442905726,,9.852,9.267,9.446,9.521666666666667,1993-09-15 12:00:00,4.256565866666667,1.6935583442905726
1993,10,1993-10-01,26.925,-80.85,-0.5029410133333333,-0.28449120499999997,0.5804262675946691,,10.226451612903226,10.36774193548387,10.588387096774193,10.394193548387097,1993-10-16 00:00:00,4.646620283870968,0.5804262675946691
1993,11,1993-11-01,26.925,-80.85,-1.1779845666666666,-1.9915037,2.3142133132219924,,11.286,12.688333333333333,13.028571428571428,12.216666666666667,1993-11-15 12:00:00,5.461338666666666,2.3142133132219924
1993,12,1993-12-01,26.925,-80.85,0.19809736733333336,-1.4758040166666666,1.490026291642268,,9.793870967741936,11.68774193548387,11.77774193548387,11.086451612903225,1993-12-16 00:00:00,4.956087329032258,1.490026291642268
1994,1,1994-01-01,26.925,-80.85,-0.94287586,-0.42440944166666666,1.0349823469355213,,11.449677419354838,12.626774193548387,12.326451612903226,12.134301075268818,1994-01-16 00:00:00,5.424517952688172,1.0349823469355213
1994,2,1994-02-01,26.925,-80.85,-1.710529,-0.7929060783333334,1.8859584334047819,,11.297142857142857,11.635,11.555000000000001,11.495714285714286,1994-02-14 12:00:00,5.139044114285714,1.8859584334047819
1994,3,1994-03-01,26.925,-80.85,0.26393336,0.13214097833333335,0.30220614418521463,,11.72709677419355,12.762258064516129,12.642903225806451,12.37741935483871,1994-03-16 00:00:00,5.533201548387097,0.30220614418521463
1994,4,1994-04-01,26.925,-80.85,-2.27766355,0.04761874283333334,2.279510154556401,,12.314333333333334,12.222666666666667,12.422666666666666,12.31988888888889,1994-04-15 12:00:00,5.5074831288888895,2.279510154556401
1994,5,1994-05-01,26.925,-80.85,-0.6655867816666666,-0.33889279833333336,0.7492284866437978,,10.373870967741935,10.449032258064516,10.360000000000001,10.394301075268817,1994-05-16 00:00:00,4.646668352688172,0.7492284866437978
1994,6,1994-06-01,26.925,-80.85,-0.3925133733333333,0.7822112983333334,0.8799965249902512,,8.040000000000001,8.890666666666668,9.053666666666667,8.977444444444444,1994-06-15 12:00:00,4.013276764444444,0.8799965249902512
1994,7,1994-07-01,26.925,-80.85,-1.3548494833333333,1.101182405,1.7484910033133643,,9.966666666666667,8.854193548387098,9.156129032258063,9.014731182795698,1994-07-16 00:00:00,4.029945427956989,1.7484910033133643
1994,8,1994-08-01,26.925,-80.85,-1.1927649166666667,0.634262545,1.352076818109439,8.516785714285714,9.062000000000001,8.336774193548386,8.65516129032258,8.597069892473119,1994-08-16 00:00:00,3.843234124731183,1.352076818109439
1994,9,1994-09-01,26.925,-80.85,-1.4006306333333332,0.11488689666666667,1.4067636271569561,8.694333333333333,8.579,9.049333333333333,9.014999999999999,8.834416666666668,1994-09-15 12:00:00,3.949337626666667,1.4067636271569561
1994,10,1994-10-01,26.925,-80.85,-0.7183962466666666,-0.30450316,0.780633534856351,9.492903225806451,9.19,10.243870967741936,10.339677419354837,9.816612903225806,1994-10-16 00:00:00,4.388418632258064,0.780633534856351
1994,11,1994-11-01,26.925,-80.85,-1.4402147666666665,-1.2724971666666667,1.9232138101742926,10.83,10.556666666666667,12.631666666666666,12.872307692307693,11.623083333333334,1994-11-15 12:00:00,5.1959831733333335,1.9232138101742926
1994,12,1994-12-01,26.925,-80.85,-0.1911252141666667,-1.5838991833333333,1.5978715396985763,9.511612903225807,9.886129032258065,12.172580645161291,12.35193548387097,10.980564516129032,1994-12-16 00:00:00,4.908751561290322,1.5978715396985763
1995,1,1995-01-01,26.925,-80.85,0.447030385,-0.6007077316666667,0.752484571502229,8.022903225806452,9.171612903225807,11.616129032258065,11.482903225806453,10.073387096774193,1995-01-16 00:00:00,4.503206967741935,0.752484571502229
1995,2,1995-02-01,26.925,-80.85,0.38804229166666665,-0.37411232666666666,0.5415275433496526,8.147142857142857,9.370357142857143,11.280000000000001,11.019642857142857,9.954285714285716,1995-02-14 12:00:00,4.449963885714286,0.5415275433496526
1995,3,1995-03-01,26.925,-80.85,-0.9917189250000001,-0.49185038000000003,1.1077345002751884,9.433225806451613,11.081612903225807,12.717,12.741724137931033,11.365537634408602,1995-03-16 00:00:00,5.0808499440860215,1.1077345002751884
1995,4,1995-04-01,26.925,-80.85,-1.5084476333333334,-0.0740520755,1.5107286177133623,9.462,11.956,12.181666666666667,11.891578947368421,11.316777777777778,1995-04-15 12:00:00,5.059052337777778,1.5107286177133623
1995,5,1995-05-01,26.925,-80.85,-0.8251333666666666,0.47717684666666665,0.9545487397160879,7.810967741935484,10.223225806451614,10.261935483870968,10.386774193548387,9.670725806451614,1995-05-16 00:00:00,4.323201264516129,0.9545487397160879
1995,6,1995-06-01,26.925,-80.85,-0.428938505,0.9548946733333333,1.0474060285063016,8.927,10.498333333333333,11.136333333333333,11.309333333333333,10.467749999999999,1995-06-15 12:00:00,4.67950296,1.0474060285063016
1995,7,1995-07-01,26.925,-80.85,-0.7664383883333334,0.684393365,1.0315507347429627,7.52483870967742,9.588387096774193,9.927741935483871,10.151612903225805,9.298145161290323,1995-07-16 00:00:00,4.156642812903226,1.0315507347429627
1995,8,1995-08-01,26.925,-80.85,-0.4466920266666667,0.6583754783333333,0.797304560408887,9.175714285714287,10.295483870967743,10.64774193548387,10.966774193548385,10.261935483870968,1995-08-16 00:00:00,4.587495638709678,0.797304560408887
1995,9,1995-09-01,26.925,-80.85,-1.1322069166666666,0.20514817999999999,1.1515113416382585,4.683888888888889,7.912,8.473666666666666,8.696333333333333,7.81125,1995-09-15 12:00:00,3.4919412,1.1515113416382585
1995,10,1995-10-01,26.925,-80.85,-2.1465803666666665,-0.31709816166666666,2.171355939177151,10.415483870967742,11.400322580645161,12.36516129032258,12.600000000000001,11.565887096774194,1995-10-16 00:00:00,5.170414167741936,2.171355939177151
1995,11,1995-11-01,26.925,-80.85,-0.7965782666666666,-1.58144125,1.7712263860664301,10.658333333333333,9.888,12.359666666666666,12.379999999999999,11.250888888888888,1995-11-15 12:00:00,5.029597368888888,1.7712263860664301
1995,12,1995-12-01,26.925,-80.85,-0.27589313666666665,-1.2335787,1.265940281147879,9.503225806451614,9.304193548387097,10.916129032258064,10.902903225806451,10.156612903225808,1995-12-16 00:00:00,4.540412232258065,1.265940281147879
1996,1,1996-01-01,26.925,-80.85,-0.09121841051666667,-0.57396959,0.5867103891612114,9.646129032258063,10.231290322580646,10.68774193548387,10.548064516129033,10.278306451612902,1996-01-16 00:00:00,4.594814116129032,0.5867103891612114
1996,2,1996-02-01,26.925,-80.85,1.09711575,-0.4931290383333333,1.206425767400406,9.701379310344826,10.172068965517242,10.828275862068965,10.386206896551723,10.27198275862069,1996-02-15 00:00:00,4.591987172413793,1.206425767400406
1996,3,1996-03-01,26.925,-80.85,-0.16770342833333332,-0.3784804116666667,0.416067567581843,12.279354838709677,13.198387096774193,14.063548387096775,13.538709677419355,13.27,1996-03-16 00:00:00,5.9322208,0.416067567581843
1996,4,1996-04-01,26.925,-80.85,-1.3811054166666665,0.37051620333333335,1.433007201100829,11.080333333333334,12.305925925925926,11.653333333333334,11.603333333333333,11.658555555555555,1996-04-15 12:00:00,5.211840675555555,1.433007201100829
1996,5,1996-05-01,26.925,-80.85,-2.07855955,0.1170618305,2.0833348796459052,10.537096774193548,11.249032258064515,11.179354838709678,11.350322580645162,11.078951612903225,1996-05-16 00:00:00,4.9527345290322575,2.0833348796459052
1996,6,1996-06-01,26.925,-80.85,-0.9051461833333333,0.09581056186666669,0.9118758488203728,9.595333333333334,9.229000000000001,9.83,9.958333333333334,9.653166666666666,1996-06-15 12:00:00,4.315351626666666,0.9118758488203728
1996,7,1996-07-01,26.925,-80.85,-1.0273714166666668,0.8958809066666666,1.3672634646325985,10.13258064516129,9.901935483870966,10.20032258064516,10.401612903225805,10.159112903225807,1996-07-16 00:00:00,4.541529832258065,1.3672634646325985
1996,8,1996-08-01,26.925,-80.85,-1.1735585750000002,0.24144323666666667,1.1991202597279491,9.066129032258065,9.369354838709677,8.964193548387096,9.21,9.1047311827957,1996-08-16 00:00:00,4.070179027956989,1.1991202597279491
1996,9,1996-09-01,26.925,-80.85,-0.8121681233333334,0.236646275,0.8472005180797569,9.354999999999999,9.158999999999999,9.713,10.178749999999999,9.499944444444445,1996-09-15 12:00:00,4.246855164444445,0.8472005180797569
1996,10,1996-10-01,26.925,-80.85,-2.1225427,-0.9110890233333334,2.310574871847485,10.636129032258065,11.689354838709678,12.007096774193549,11.96967741935484,11.575564516129033,1996-10-16 00:00:00,5.174740361290323,2.310574871847485
1996,11,1996-11-01,26.925,-80.85,-2.29477565,-1.7661975166666668,2.896084614587719,12.198333333333332,12.548,13.649333333333335,13.527666666666667,12.980833333333333,1996-11-15 12:00:00,5.802951733333333,2.896084614587719
1996,12,1996-12-01,26.925,-80.85,-0.719441335,-0.9741169599999999,1.2117595194527,9.227727272727272,9.310322580645161,10.839354838709676,11.970434782608695,10.091505376344085,1996-12-16 00:00:00,4.51130656344086,1.2117595194527
1997,1,1997-01-01,26.925,-80.85,-0.45341608833333336,-0.6266107366666667,0.7747358239762422,9.887419354838709,9.499354838709678,10.273225806451613,9.949666666666667,9.862580645161291,1997-01-16 00:00:00,4.408968051612903,0.7747358239762422
1997,2,1997-02-01,26.925,-80.85,-1.8693669666666668,-0.131484349,1.8748557149856662,10.772499999999999,10.9175,11.2675,10.833928571428572,10.947857142857144,1997-02-14 12:00:00,4.894130057142857,1.8748557149856662
1997,3,1997-03-01,26.925,-80.85,-0.952600155,0.04601498616666667,0.956094965855868,12.24258064516129,11.702903225806452,11.988387096774193,12.050645161290323,11.996129032258064,1997-03-16 00:00:00,5.362749522580645,0.956094965855868
1997,4,1997-04-01,26.925,-80.85,-0.6816576333333333,0.19060669333333333,0.7084089113342494,13.663,13.303666666666667,13.523666666666665,13.549000000000001,13.509833333333335,1997-04-15 12:00:00,6.039435893333334,0.7084089113342494
1997,5,1997-05-01,26.925,-80.85,-1.2036797333333333,-0.3279299316666667,1.2487910687453234,9.65,10.60225806451613,10.84741935483871,10.863225806451613,10.759301075268818,1997-05-16 00:00:00,4.809837952688172,1.2487910687453234
1997,6,1997-06-01,26.925,-80.85,-0.138961694,0.6821086433333333,0.6968860431577429,11.083,9.621333333333332,9.537,9.806666666666667,9.679833333333333,1997-06-15 12:00:00,4.327272693333333,0.6968860431577429
1997,7,1997-07-01,26.925,-80.85,-0.28560664333333335,0.6835690916666667,0.7454356957864566,,7.441612903225806,7.344516129032258,7.675161290322581,7.487096774193549,1997-07-16 00:00:00,3.347031741935484,0.7454356957864566
1997,8,1997-08-01,26.925,-80.85,-0.23153344666666667,0.5664646816666666,0.6147820092567783,8.376666666666667,7.694193548387096,8.215806451612902,8.473548387096775,8.142768817204301,1997-08-16 00:00:00,3.6401433720430107,0.6147820092567783
1997,9,1997-09-01,26.925,-80.85,-1.28719045,0.2916876683333333,1.3216184354891134,9.086153846153847,9.725666666666665,10.050666666666666,10.15,10.016277777777779,1997-09-15 12:00:00,4.477676817777778,1.3216184354891134
1997,10,1997-10-01,26.925,-80.85,-1.6704088833333335,-0.7306587383333333,1.8238425763913584,10.485483870967743,11.166451612903227,11.823548387096775,11.742258064516129,11.304435483870968,1997-10-16 00:00:00,5.053534838709678,1.8238425763913584
1997,11,1997-11-01,26.925,-80.85,-0.345607735,-0.6039785483333333,0.6967789193948514,10.325333333333333,10.095666666666666,11.215,11.003666666666668,10.659916666666668,1997-11-15 12:00:00,4.765409146666667,0.6967789193948514
1997,12,1997-12-01,26.925,-80.85,1.0886746666666667,0.21251559166666667,1.1106268012569875,10.605161290322581,10.568064516129033,11.681290322580645,11.558064516129033,11.103145161290323,1997-12-16 00:00:00,4.963550012903226,1.1106268012569875
1998,1,1998-01-01,26.925,-80.85,-0.7921352783333333,-0.21293498916666667,0.8218317791688504,10.783870967741937,10.922903225806452,12.024193548387096,11.666129032258064,11.349274193548387,1998-01-16 00:00:00,5.073579535483871,0.8218317791688504
1998,2,1998-02-01,26.925,-80.85,0.37197773,0.45796555,0.5941200809193949,17.411666666666665,13.229642857142858,14.223928571428571,13.877857142857142,13.732380952380952,1998-02-14 12:00:00,6.1389235809523806,0.5941200809193949
1998,3,1998-03-01,26.925,-80.85,-0.8266678333333334,-0.350066485,0.9013512358270748,12.27111111111111,12.802903225806451,13.836774193548386,13.35193548387097,13.183064516129033,1998-03-16 00:00:00,5.893357161290322,0.9013512358270748
1998,4,1998-04-01,26.925,-80.85,-0.3128856016666667,0.8339811899999999,0.8918839931627719,12.915666666666665,12.853333333333333,13.417,13.431666666666667,13.154416666666666,1998-04-15 12:00:00,5.880550426666666,0.8918839931627719
1998,5,1998-05-01,26.925,-80.85,0.2300795316666667,0.25987603666666664,0.34883971694224764,9.858064516129033,9.446774193548388,9.970967741935485,9.90258064516129,9.794596774193549,1998-05-16 00:00:00,4.378576541935484,0.34883971694224764
1998,6,1998-06-01,26.925,-80.85,0.46113429666666667,0.29182324583333336,0.5547483099314152,10.801578947368421,9.555,9.403666666666668,9.657,9.615861111111112,1998-06-15 12:00:00,4.2986745511111115,0.5547483099314152
1998,7,1998-07-01,26.925,-80.85,0.07719655916666666,0.7512087849999999,0.7595428097638482,6.914583333333333,8.291290322580647,8.490322580645161,8.819354838709677,8.160994623655915,1998-07-16 00:00:00,3.64829103655914,0.7595428097638482
1998,8,1998-08-01,26.925,-80.85,-1.3297354333333333,-0.19472436166666665,1.345601472896061,6.442380952380952,8.640322580645162,8.440645161290323,8.753225806451614,8.308145161290323,1998-08-16 00:00:00,3.714073212903226,1.345601472896061
1998,9,1998-09-01,26.925,-80.85,-1.8705895833333333,0.9115802116666667,2.0815864716440786,3.1246666666666667,11.913,11.272,11.593666666666667,9.475833333333332,1998-09-15 12:00:00,4.236076533333333,2.0815864716440786
1998,10,1998-10-01,26.925,-80.85,-2.14040245,-1.0042883666666667,2.365991434106301,2.0638709677419356,10.92,11.415806451612903,11.743703703703703,8.809354838709677,1998-10-16 00:00:00,3.9381339870967738,2.365991434106301
1998,11,1998-11-01,26.925,-80.85,-1.5931650833333333,-0.5395034016666667,1.6830806120040984,7.62,8.662333333333333,9.418333333333333,9.5136,8.593694444444445,1998-11-15 12:00:00,3.8417251644444446,1.6830806120040984
1998,12,1998-12-01,26.925,-80.85,-1.1549243999999999,-0.7958952666666667,1.403475197112212,9.327741935483871,10.117333333333333,11.086,10.649354838709677,10.088521505376344,1998-12-16 00:00:00,4.50997265376344,1.403475197112212
1999,1,1999-01-01,26.925,-80.85,-1.46432875,-0.31477093666666667,1.4985268930514921,9.586774193548386,10.069032258064516,10.201612903225806,10.119354838709677,9.994193548387097,1999-01-16 00:00:00,4.467804283870968,1.4985268930514921
1999,2,1999-02-01,26.925,-80.85,0.203665515,-0.28057789833333335,0.35087270457458913,10.34607142857143,10.327857142857143,11.029285714285715,10.891071428571427,10.648571428571428,1999-02-14 12:00:00,4.760337371428571,0.35087270457458913
1999,3,1999-03-01,26.925,-80.85,-0.5992442183333333,-0.20195671,0.6366164016940002,10.657741935483871,11.113225806451613,11.91,11.421935483870968,11.275725806451613,1999-03-16 00:00:00,5.040700464516129,0.6366164016940002
1999,4,1999-04-01,26.925,-80.85,-0.48938339833333333,0.28724441666666667,0.572869709771083,10.468333333333334,10.1,10.562999999999999,10.366000000000001,10.374333333333334,1999-04-15 12:00:00,4.637741973333334,0.572869709771083
1999,5,1999-05-01,26.925,-80.85,-0.5500998066666667,-0.21543769,0.5913541875587688,10.259032258064515,10.165161290322581,10.385806451612902,10.352903225806452,10.290725806451613,1999-05-16 00:00:00,4.6003660645161295,0.5913541875587688
1999,6,1999-06-01,26.925,-80.85,-1.6259186833333334,0.5226162883333333,1.709868612773623,9.582666666666666,9.396333333333333,9.381,9.633666666666667,9.498416666666666,1999-06-15 12:00:00,4.246172186666666,1.709868612773623
1999,7,1999-07-01,26.925,-80.85,-1.02640246,0.5308655316666667,1.1584322407099483,8.810322580645161,8.818064516129033,8.274516129032257,8.529677419354838,8.608145161290324,1999-07-16 00:00:00,3.848185212903226,1.1584322407099483
1999,8,1999-08-01,26.925,-80.85,0.24158344833333334,0.7142000616666667,0.7552518059078492,9.39806451612903,8.946129032258064,9.08290322580645,9.342258064516129,9.192338709677419,1999-08-16 00:00:00,4.109343096774193,0.7552518059078492
1999,9,1999-09-01,26.925,-80.85,-0.3383747533333334,0.09233218583333332,0.3589138677264872,10.283,10.429666666666666,10.610999999999999,10.758000000000001,10.520416666666668,1999-09-15 12:00:00,4.703047066666667,0.3589138677264872
1999,10,1999-10-01,26.925,-80.85,-1.9397662166666667,-1.54887865,2.4839408307044866,12.393548387096773,13.30709677419355,13.49709677419355,13.500967741935485,13.17467741935484,1999-10-16 00:00:00,5.889607793548388,2.4839408307044866
1999,11,1999-11-01,26.925,-80.85,-1.6286917,-2.4554926666666668,2.9481201818331306,11.740333333333332,11.915333333333333,13.316666666666666,13.108333333333333,12.520166666666666,1999-11-15 12:00:00,5.597015306666666,2.9481201818331306
1999,12,1999-12-01,26.925,-80.85,-0.6217304483333334,-1.1044508666666666,1.268661597797127,9.75741935483871,9.791935483870969,10.868064516129033,10.816129032258065,10.308387096774194,1999-12-16 00:00:00,4.608261367741935,1.268661597797127
2000,1,2000-01-01,26.925,-80.85,-0.35969203666666666,-0.8390879349999999,0.9141182089971412,9.904516129032258,9.963870967741935,11.140967741935484,10.906451612903227,10.478951612903227,2000-01-16 00:00:00,4.684510529032258,0.9141182089971412
2000,2,2000-02-01,26.925,-80.85,-0.96373462,-1.1673917583333333,1.5152192259484465,9.785172413793102,10.203793103448275,10.78896551724138,10.484827586206897,10.315689655172413,2000-02-15 00:00:00,4.611525903448276,1.5152192259484465
2000,3,2000-03-01,26.925,-80.85,-0.47966349,-0.050180177666666666,0.48628859549630943,11.568387096774194,12.02032258064516,12.110000000000001,12.093548387096773,11.948064516129032,2000-03-16 00:00:00,5.341262761290322,0.48628859549630943
2000,4,2000-04-01,26.925,-80.85,0.21642253666666667,0.13311755666666666,0.2565459332676569,12.348999999999998,12.751333333333331,12.787333333333333,12.779333333333334,12.66675,2000-04-15 12:00:00,5.66254392,0.2565459332676569
2000,5,2000-05-01,26.925,-80.85,-1.2598199666666667,0.28230355,1.2938556817954636,11.398387096774194,11.716129032258063,10.974516129032258,11.165483870967742,11.313629032258065,2000-05-16 00:00:00,5.057644722580646,1.2938556817954636
2000,6,2000-06-01,26.925,-80.85,-1.692088466666667,0.686575425,1.8272167903814387,10.488333333333333,10.436,10.482666666666667,10.645999999999999,10.51325,2000-06-15 12:00:00,4.69984328,1.8272167903814387
2000,7,2000-07-01,26.925,-80.85,0.3426119266666667,0.9324860833333334,0.9941624775979179,10.108064516129033,9.255483870967742,9.555357142857144,10.000322580645161,9.72241935483871,2000-07-16 00:00:00,4.346310348387097,0.9941624775979179
2000,8,2000-08-01,26.925,-80.85,-0.8160840916666666,0.2065610283333333,0.84473106035592,9.677741935483871,10.125806451612902,10.845714285714285,9.891935483870967,9.90513440860215,2000-08-16 00:00:00,4.427991286021505,0.84473106035592
2000,9,2000-09-01,26.925,-80.85,-1.2564897499999998,0.38013006833333335,1.3134657186412868,9.626000000000001,10.546333333333333,9.805666666666667,9.8,9.944500000000001,2000-09-15 12:00:00,4.445589280000001,1.3134657186412868
2000,10,2000-10-01,26.925,-80.85,-1.4334570500000001,-2.6026573,2.9715130665714784,11.807096774193548,11.717096774193548,13.651935483870966,13.40741935483871,12.645887096774192,2000-10-16 00:00:00,5.653217367741935,2.9715130665714784
2000,11,2000-11-01,26.925,-80.85,-0.7139946250000001,-0.8971770633333334,1.1493937195113497,10.860333333333333,11.499333333333334,12.144333333333332,11.728333333333333,11.558083333333334,2000-11-15 12:00:00,5.166925573333334,1.1493937195113497
2000,12,2000-12-01,26.925,-80.85,-0.8249195683333334,-1.7039938166666666,1.894058888943009,11.566451612903226,11.639677419354838,12.85774193548387,12.200645161290323,12.066129032258065,2000-12-16 00:00:00,5.3940423225806455,1.894058888943009
2001,1,2001-01-01,26.925,-80.85,0.699271305,-1.0721337,1.2813655063312244,10.101612903225806,10.613225806451613,11.696774193548388,11.282580645161291,10.923548387096774,2001-01-16 00:00:00,4.883263070967742,1.2813655063312244
2001,2,2001-02-01,26.925,-80.85,-1.5920864666666665,-0.24079829666666666,1.611915537178733,9.852857142857143,11.141428571428571,11.075000000000001,10.596428571428572,10.666428571428572,2001-02-14 12:00:00,4.768320228571429,1.611915537178733
2001,3,2001-03-01,26.925,-80.85,1.42551135,0.43938284666666666,1.4936310317790777,12.949354838709677,13.178709677419356,13.73483870967742,13.490625,13.33986559139785,2001-03-16 00:00:00,5.963453513978495,1.4936310317790777
2001,4,2001-04-01,26.925,-80.85,-1.7359628666666669,-0.718351485,1.8795878747666288,12.095,13.228,13.094666666666665,13.078666666666667,12.874083333333333,2001-04-15 12:00:00,5.755230213333333,1.8795878747666288
2001,5,2001-05-01,26.925,-80.85,-1.4864171166666666,-0.28392231333333334,1.5157194186268657,11.172580645161291,11.726451612903226,11.879032258064516,11.786774193548387,11.641209677419354,2001-05-16 00:00:00,5.204086374193548,1.5157194186268657
2001,6,2001-06-01,26.925,-80.85,-0.6501661283333333,0.7905196550000001,1.0269138889232672,9.085333333333333,9.635333333333334,9.120333333333333,9.318333333333333,9.289833333333332,2001-06-15 12:00:00,4.152927093333333,1.0269138889232672
2001,7,2001-07-01,26.925,-80.85,-0.032259445,1.1135365916666666,1.1147378856929746,9.883225806451613,10.144193548387097,9.923225806451613,10.191612903225806,10.035564516129034,2001-07-16 00:00:00,4.486298761290323,1.1147378856929746
2001,8,2001-08-01,26.925,-80.85,-0.996322305,0.12014304816666667,1.0062607406727386,8.709677419354838,9.539354838709677,8.76,8.86516129032258,8.968548387096773,2001-08-16 00:00:00,4.009299870967741,1.0062607406727386
2001,9,2001-09-01,26.925,-80.85,-0.7502682350000001,0.5296922716666667,0.9200098512817512,10.540333333333335,10.811,10.425,10.664,10.610083333333334,2001-09-15 12:00:00,4.743131653333333,0.9200098512817512
2001,10,2001-10-01,26.925,-80.85,-1.9683148166666664,-1.9052464,2.739764325418418,11.825806451612904,12.848709677419356,13.445806451612903,13.531290322580643,12.912903225806453,2001-10-16 00:00:00,5.772584258064517,2.739764325418418
2001,11,2001-11-01,26.925,-80.85,-1.5414413,-1.71930155,2.309686467748293,10.370333333333333,11.002666666666666,11.866000000000001,11.631333333333334,11.217583333333332,2001-11-15 12:00:00,5.014708453333332,2.309686467748293
2001,12,2001-12-01,26.925,-80.85,-1.1013307666666667,-0.7930951933333333,1.3576674762880785,9.853548387096774,11.010967741935485,10.771935483870967,10.959999999999999,10.649112903225806,2001-12-16 00:00:00,4.760579432258064,1.3576674762880785
2002,1,2002-01-01,26.925,-80.85,-0.17787382833333334,-0.19220235,0.2686310701553092,8.22258064516129,8.952258064516128,9.289032258064516,9.150967741935483,8.903709677419354,2002-01-16 00:00:00,3.9803143741935476,0.2686310701553092
2002,2,2002-02-01,26.925,-80.85,-0.21948603833333333,-1.1062577633333335,1.1283215259316837,11.199642857142857,11.432857142857143,12.680714285714286,12.085333333333333,11.865119047619048,2002-02-14 12:00:00,5.304182819047619,1.1283215259316837
2002,3,2002-03-01,26.925,-80.85,-1.3575179000000002,-0.462722605,1.4358384192227993,11.191666666666666,11.865483870967742,12.079032258064515,11.713870967741935,11.803736559139786,2002-03-16 00:00:00,5.27674239139785,1.4358384192227993
2002,4,2002-04-01,26.925,-80.85,-1.6587206666666667,0.09992574771666667,1.6645315330541468,10.674333333333333,11.643333333333334,10.975666666666665,11.211,11.126083333333332,2002-04-15 12:00:00,4.973804293333333,1.6645315330541468
2002,5,2002-05-01,26.925,-80.85,-1.9715913,-0.5744325666666666,2.054398617759859,12.149999999999999,13.258148148148146,12.780967741935482,13.026451612903225,12.692768817204302,2002-05-16 00:00:00,5.674175372043011,2.054398617759859
2002,6,2002-06-01,26.925,-80.85,-1.2456076833333334,0.694291535,1.427302996486021,10.711666666666668,11.3225,10.780333333333335,11.124333333333334,10.9245,2002-06-15 12:00:00,4.88368848,1.427302996486021
2002,7,2002-07-01,26.925,-80.85,-0.59053968,0.76894754,0.9712560984209028,8.747741935483871,9.154838709677419,8.509354838709678,8.696451612903225,8.777096774193547,2002-07-16 00:00:00,3.9237133419354833,0.9712560984209028
2002,8,2002-08-01,26.925,-80.85,-1.0889768583333332,0.007957558000000002,1.090850149947868,9.09967741935484,9.69258064516129,9.224193548387097,9.391612903225806,9.35201612903226,2002-08-16 00:00:00,4.180725290322581,1.090850149947868
2002,9,2002-09-01,26.925,-80.85,-1.6619148166666668,0.6245843316666666,1.7767010966060788,10.132666666666667,11.227,10.389666666666667,10.609333333333332,10.589666666666666,2002-09-15 12:00:00,4.734004586666666,1.7767010966060788
2002,10,2002-10-01,26.925,-80.85,-0.9291099016666666,-0.6942426166666666,1.1605538921196665,9.133870967741935,9.651290322580644,10.017096774193547,9.891290322580645,9.673387096774194,2002-10-16 00:00:00,4.324390967741936,1.1605538921196665
2002,11,2002-11-01,26.925,-80.85,0.007234358733333334,-1.5508165333333332,1.5511458985866948,10.952,11.169,12.640666666666666,12.756666666666666,11.879583333333333,2002-11-15 12:00:00,5.310648933333333,1.5511458985866948
2002,12,2002-12-01,26.925,-80.85,-0.23424599833333334,-0.8170216,0.8524385384291656,10.003870967741936,10.432258064516128,11.638064516129031,11.415161290322581,10.87233870967742,2002-12-16 00:00:00,4.860370296774194,0.8524385384291656
2003,1,2003-01-01,26.925,-80.85,0.9953866666666666,-1.7737604833333334,2.035134358928708,10.821290322580644,10.812903225806451,11.991290322580646,11.93258064516129,11.389516129032257,2003-01-16 00:00:00,5.09156929032258,2.035134358928708
2003,2,2003-02-01,26.925,-80.85,-0.02719591705,-0.25843302583333333,0.26039277555273366,9.883928571428571,10.788214285714286,10.927857142857144,10.42357142857143,10.505892857142857,2003-02-14 12:00:00,4.696554342857143,0.26039277555273366
2003,3,2003-03-01,26.925,-80.85,0.05962442266666667,0.402351895,0.41097833436344056,10.807096774193548,11.420645161290324,11.79967741935484,11.63258064516129,11.415000000000001,2003-03-16 00:00:00,5.1029616,0.41097833436344056
2003,4,2003-04-01,26.925,-80.85,-0.633385145,-0.17343765283333332,0.6610212694462329,10.925333333333333,11.862,11.761,11.782,11.582583333333334,2003-04-15 12:00:00,5.177878053333333,0.6610212694462329
2003,5,2003-05-01,26.925,-80.85,-0.168135544,1.1010660366666667,1.1151897629929204,10.557096774193548,10.37,9.935161290322581,10.178064516129032,10.26008064516129,2003-05-16 00:00:00,4.586666451612903,1.1151897629929204
2003,6,2003-06-01,26.925,-80.85,-0.57975334,1.19919871,1.332575071424377,10.192666666666668,10.523846153846154,9.769333333333332,10.218666666666667,10.133138888888888,2003-06-15 12:00:00,4.529918408888888,1.332575071424377
2003,7,2003-07-01,26.925,-80.85,-1.15096665,0.6859896783333334,1.34273529434492,8.884193548387097,9.660645161290324,8.906451612903227,9.07258064516129,9.130967741935484,2003-07-16 00:00:00,4.081907819354838,1.34273529434492
2003,8,2003-08-01,26.925,-80.85,-1.3452507833333334,0.402945755,1.4058456115255602,9.19741935483871,9.910322580645163,9.308387096774194,9.445483870967742,9.465403225806451,2003-08-16 00:00:00,4.231413858064516,1.4058456115255602
2003,9,2003-09-01,26.925,-80.85,-0.8146521,-0.4585436,0.9350825392428906,10.212666666666667,10.856666666666666,11.156333333333333,11.317666666666666,10.885833333333332,2003-09-15 12:00:00,4.866402933333333,0.9350825392428906
2003,10,2003-10-01,26.925,-80.85,-0.92392285,-1.34309705,1.6309378313762835,10.49,11.251935483870968,12.098709677419356,12.047741935483872,11.472096774193549,2003-10-16 00:00:00,5.128486141935484,1.6309378313762835
2003,11,2003-11-01,26.925,-80.85,-1.7326402666666667,-1.4450114833333334,2.2567621708217622,11.270999999999999,12.204333333333333,13.160333333333334,13.038,12.418416666666667,2003-11-15 12:00:00,5.551528986666667,2.2567621708217622
2003,12,2003-12-01,26.925,-80.85,-0.36749754166666665,-1.3120260333333333,1.362966525041039,10.491290322580646,10.846451612903227,12.22741935483871,12.086774193548386,11.412983870967743,2003-12-16 00:00:00,5.1020603096774195,1.362966525041039
2004,1,2004-01-01,26.925,-80.85,0.12633624333333335,-1.1024936166666668,1.1126538326519118,9.714193548387096,10.161612903225807,11.049032258064516,10.823548387096775,10.437096774193549,2004-01-16 00:00:00,4.6657997419354835,1.1126538326519118
2004,2,2004-02-01,26.925,-80.85,0.11946286750000001,-0.40481108833333335,0.4225740099914515,9.831428571428571,10.451785714285714,11.095862068965516,11.078620689655171,10.514224137931036,2004-02-15 00:00:00,4.700278758620691,0.4225740099914515
2004,3,2004-03-01,26.925,-80.85,-1.8251555666666668,-0.757854165,1.9775180495586813,11.274516129032257,12.528387096774193,12.896451612903226,12.435483870967742,12.283709677419356,2004-03-16 00:00:00,5.491309574193549,1.9775180495586813
2004,4,2004-04-01,26.925,-80.85,-0.38374594666666667,-0.26352497166666666,0.4692758782402923,12.258333333333333,13.241999999999999,13.43,13.456999999999999,13.096833333333333,2004-04-15 12:00:00,5.854808373333333,0.4692758782402923
2004,5,2004-05-01,26.925,-80.85,-2.4002997,0.12679648383333333,2.406728734007736,12.145806451612902,13.886451612903226,12.593870967741937,12.871935483870969,12.874516129032259,2004-05-16 00:00:00,5.755423690322581,2.406728734007736
2004,6,2004-06-01,26.925,-80.85,-1.01965046,0.7725870933333333,1.2822502617091474,9.760333333333334,9.968666666666667,8.652666666666667,9.296999999999999,9.419666666666666,2004-06-15 12:00:00,4.210967786666666,1.2822502617091474
2004,7,2004-07-01,26.925,-80.85,-0.09463584433333333,0.7821301833333334,0.7880729043945403,8.881290322580645,8.927096774193549,8.253548387096775,8.540645161290323,8.650645161290322,2004-07-16 00:00:00,3.867184412903226,0.7880729043945403
2004,8,2004-08-01,26.925,-80.85,0.25310303666666667,1.1567454216666666,1.1842081671050992,9.346451612903227,9.126774193548387,8.91741935483871,9.328064516129032,9.179677419354839,2004-08-16 00:00:00,4.103682993548387,1.1842081671050992
2004,9,2004-09-01,26.925,-80.85,-0.9024616933333333,-0.09735614,0.9107490159356516,16.468666666666667,16.767666666666667,17.183333333333334,17.49866666666667,16.979583333333334,2004-09-15 12:00:00,7.590552933333334,0.9107490159356516
2004,10,2004-10-01,26.925,-80.85,-1.5120461666666667,-1.0964689333333333,1.867930212680088,10.398709677419355,11.31,11.322258064516129,11.406774193548388,11.109435483870968,2004-10-16 00:00:00,4.966362038709677,1.867930212680088
2004,11,2004-11-01,26.925,-80.85,-1.49967735,-0.9995832400000001,1.8030412398257978,10.384666666666668,11.485333333333333,11.638,11.721333333333332,11.307333333333334,2004-11-15 12:00:00,5.054830293333334,1.8030412398257978
2004,12,2004-12-01,26.925,-80.85,-0.206758675,-1.4232518,1.4387702050169136,10.906451612903227,11.263225806451613,12.296774193548387,12.358064516129033,11.706129032258064,2004-12-16 00:00:00,5.233107922580644,1.4387702050169136
2005,1,2005-01-01,26.925,-80.85,-0.72061946,-1.0613489166666668,1.284030192548636,10.170967741935485,10.787419354838711,11.504838709677419,11.322903225806451,10.946532258064515,2005-01-16 00:00:00,4.89353778064516,1.284030192548636
2005,2,2005-02-01,26.925,-80.85,-0.078141293,-0.8992036233333334,0.9030066997483276,10.232857142857142,10.543928571428571,11.288214285714286,10.986428571428572,10.762857142857143,2005-02-14 12:00:00,4.811427657142858,0.9030066997483276
2005,3,2005-03-01,26.925,-80.85,0.94762873,0.027823976833333333,0.9514576461134024,11.360000000000001,12.249354838709678,11.543333333333335,11.553870967741936,11.69010752688172,2005-03-16 00:00:00,5.225945668817204,0.9514576461134024
2005,4,2005-04-01,26.925,-80.85,-0.34112352166666665,-0.5316726166666667,0.6338276619502936,12.654,13.062333333333333,13.674666666666667,13.654666666666666,13.261416666666666,2005-04-15 12:00:00,5.928383706666666,0.6338276619502936
2005,5,2005-05-01,26.925,-80.85,-0.9152914783333334,-0.28316333,0.9605032056891555,10.476451612903226,11.312903225806451,11.04516129032258,11.141290322580645,10.993951612903226,2005-05-16 00:00:00,4.914736129032258,0.9605032056891555
2005,6,2005-06-01,26.925,-80.85,-1.4328670499999998,0.7490277500000001,1.6186509820659243,10.257333333333333,10.540666666666668,10.318999999999999,10.522,10.40975,2005-06-15 12:00:00,4.65357464,1.6186509820659243
2005,7,2005-07-01,26.925,-80.85,-1.4278955666666668,0.5872256333333333,1.5448080612474555,10.213548387096774,8.4425,10.106129032258066,10.327419354838709,10.204032258064515,2005-07-16 00:00:00,4.561610580645161,1.5448080612474555
2005,8,2005-08-01,26.925,-80.85,-1.0553754266666668,0.224106946,1.080169839282534,8.97225806451613,9.330322580645161,8.87225806451613,9.12225806451613,9.074274193548387,2005-08-16 00:00:00,4.056563535483871,1.080169839282534
2005,9,2005-09-01,26.925,-80.85,-1.2354532833333334,-1.3165531166666666,1.805663732131725,10.551666666666668,11.396333333333333,11.461,11.553333333333335,11.236416666666667,2005-09-15 12:00:00,5.023127706666667,1.805663732131725
2005,10,2005-10-01,26.925,-80.85,-1.5588239166666666,-1.5413885166666665,2.1935050521669237,11.946129032258064,12.922758620689654,13.631612903225806,15.049999999999999,13.138198924731181,2005-10-16 00:00:00,5.873300447311827,2.1935050521669237
2005,11,2005-11-01,26.925,-80.85,-1.0903275833333332,-1.2230882833333334,1.6392713533187768,10.539333333333333,11.231,11.442083333333334,11.659666666666668,11.211972222222222,2005-11-15 12:00:00,5.012200062222222,1.6392713533187768
2005,12,2005-12-01,26.925,-80.85,0.1103496255,-1.1751785183333332,1.1809325790710703,10.443548387096774,10.600000000000001,10.082258064516129,11.618709677419355,10.686129032258064,2005-12-16 00:00:00,4.777127122580644,1.1809325790710703
2006,1,2006-01-01,26.925,-80.85,-0.4789927566666667,-0.4221141,0.6405108133036664,10.440967741935484,11.016451612903225,9.810645161290322,11.063225806451612,10.58282258064516,2006-01-16 00:00:00,4.730945006451613,0.6405108133036664
2006,2,2006-02-01,26.925,-80.85,0.23011001166666667,-0.71041845,0.7480297433218527,10.302142857142856,10.714285714285714,9.7075,11.037857142857144,10.440446428571429,2006-02-14 12:00:00,4.667297171428571,0.7480297433218527
2006,3,2006-03-01,26.925,-80.85,-0.65235125,-0.37731606,0.7568022250035465,11.502258064516129,12.59032258064516,10.944193548387096,12.401290322580644,11.859516129032258,2006-03-16 00:00:00,5.30167809032258,0.7568022250035465
2006,4,2006-04-01,26.925,-80.85,-0.39818672499999996,-0.5154758,0.6800164510748545,11.643,12.115666666666666,10.777,12.173333333333334,11.677249999999999,2006-04-15 12:00:00,5.220197839999999,0.6800164510748545
2006,5,2006-05-01,26.925,-80.85,0.28222143833333335,-0.3079464416666667,0.4218694011462884,9.943870967741935,9.885483870967741,8.521612903225806,9.813870967741936,9.541209677419355,2006-05-16 00:00:00,4.265302374193548,0.4218694011462884
2006,6,2006-06-01,26.925,-80.85,-0.910532805,0.36281472666666664,0.9812501077924143,10.625333333333334,11.000666666666666,9.245000000000001,10.829333333333333,10.425083333333333,2006-06-15 12:00:00,4.660429253333334,0.9812501077924143
2006,7,2006-07-01,26.925,-80.85,-1.3286136,0.3861199966666667,1.3870561325818824,9.369032258064516,9.890645161290323,8.138709677419355,9.604193548387098,9.250645161290322,2006-07-16 00:00:00,4.135408412903225,1.3870561325818824
2006,8,2006-08-01,26.925,-80.85,-0.7336858633333333,0.4100749666666667,0.8459420173107678,9.182580645161291,9.392903225806451,7.82774193548387,9.328064516129032,8.932822580645162,2006-08-16 00:00:00,3.993329006451613,0.8459420173107678
2006,9,2006-09-01,26.925,-80.85,-0.2951356766666667,0.295130095,0.41778220550247197,9.424666666666667,9.806333333333333,8.296666666666667,9.687333333333333,9.30375,2006-09-15 12:00:00,4.1591484,0.41778220550247197
2006,10,2006-10-01,26.925,-80.85,-1.0303783666666666,-1.2810707000000001,1.6454344150884535,10.297741935483872,10.975806451612904,10.151290322580644,11.504193548387097,10.73225806451613,2006-10-16 00:00:00,4.79774864516129,1.6454344150884535
2006,11,2006-11-01,26.925,-80.85,-0.5232860966666667,-1.5829188166666668,1.6675973583660149,10.866000000000001,11.384333333333332,10.425666666666666,12.008999999999999,11.171249999999999,2006-11-15 12:00:00,4.993995599999999,1.6675973583660149
2006,12,2006-12-01,26.925,-80.85,-2.0229743333333334,-0.8955637583333335,2.2135455935902595,10.304516129032258,11.07,10.011935483870968,11.275161290322579,10.665403225806452,2006-12-16 00:00:00,4.767861858064516,2.2135455935902595
2007,1,2007-01-01,26.925,-80.85,-1.1398296333333333,-1.0191625066666667,1.529750228797153,10.348064516129034,11.249354838709678,10.526774193548386,11.845161290322581,10.99233870967742,2007-01-16 00:00:00,4.914015096774193,1.529750228797153
2007,2,2007-02-01,26.925,-80.85,0.3490932116666667,-1.1198666833333333,1.1737600948303875,10.881428571428572,11.453214285714285,10.276071428571429,11.494642857142859,11.026339285714286,2007-02-14 12:00:00,4.929214714285714,1.1737600948303875
2007,3,2007-03-01,26.925,-80.85,-2.2516606666666665,-1.2720057166666667,2.5881512966961764,12.161935483870968,13.538709677419355,12.02032258064516,13.51,12.807741935483872,2007-03-16 00:00:00,5.72557295483871,2.5881512966961764
2007,4,2007-04-01,26.925,-80.85,-0.19037995600000002,-0.34033634333333335,0.40030775317301814,11.788666666666668,12.576666666666666,10.879333333333333,12.490333333333332,11.93375,2007-04-15 12:00:00,5.3348636,0.40030775317301814
2007,5,2007-05-01,26.925,-80.85,-2.1521787666666667,-1.34846305,2.5407386377344334,12.638387096774194,13.888064516129031,12.08548387096774,13.958709677419353,13.14266129032258,2007-05-16 00:00:00,5.875295303225807,2.5407386377344334
2007,6,2007-06-01,26.925,-80.85,-0.44838472333333335,0.3122596716666667,0.5479737338510976,10.675999999999998,10.897666666666668,9.499333333333334,10.946,10.50475,2007-06-15 12:00:00,4.6960434399999995,0.5479737338510976
2007,7,2007-07-01,26.925,-80.85,0.2600920016666667,0.9099568250000001,0.9471121717270262,8.55483870967742,8.126774193548387,7.113548387096775,8.399999999999999,8.048790322580645,2007-07-16 00:00:00,3.5981312258064517,0.9471121717270262
2007,8,2007-08-01,26.925,-80.85,-1.0058689,0.2159185988333333,1.0324806417544494,9.212903225806452,9.803548387096775,7.990645161290323,9.439354838709678,9.111612903225806,2007-08-16 00:00:00,4.0732554322580645,1.0324806417544494
2007,9,2007-09-01,26.925,-80.85,-1.5586551,-0.7477666183333334,1.7305162950706086,9.996999999999998,10.648666666666665,9.469666666666665,10.966333333333333,10.270416666666668,2007-09-15 12:00:00,4.591287066666667,1.7305162950706086
2007,10,2007-10-01,26.925,-80.85,-2.7874737,-1.3899075166666666,3.117372662006529,11.930967741935484,13.384516129032258,11.837096774193547,13.590645161290322,12.685806451612903,2007-10-16 00:00:00,5.671062916129032,3.117372662006529
2007,11,2007-11-01,26.925,-80.85,-1.2435967166666666,-1.9636395999999998,2.3243621662810265,10.230333333333334,10.619,10.538,11.739333333333333,10.781666666666666,2007-11-15 12:00:00,4.819836266666666,2.3243621662810265
2007,12,2007-12-01,26.925,-80.85,-0.9189996749999999,-0.706810455,1.1606394529229533,8.975161290322582,9.896774193548387,9.241935483870968,10.543548387096775,9.664354838709677,2007-12-16 00:00:00,4.320353187096774,1.1606394529229533
2008,1,2008-01-01,26.925,-80.85,-0.7940524883333334,-1.0580361666666667,1.323354532283753,10.59032258064516,10.575333333333333,10.715483870967741,12.004193548387097,11.101182795698925,2008-01-16 00:00:00,4.962672756989248,1.323354532283753
2008,2,2008-02-01,26.925,-80.85,-0.15482408,0.2992484366666666,0.34075352083496774,11.318965517241379,11.976896551724137,11.013448275862068,12.257241379310344,11.641637931034483,2008-02-15 00:00:00,5.204277820689655,0.34075352083496774
2008,3,2008-03-01,26.925,-80.85,-1.1462710766666666,-0.23314612833333334,1.1709889497786976,11.997741935483871,13.148387096774194,11.589677419354839,13.169354838709678,12.476290322580645,2008-03-16 00:00:00,5.577400825806452,1.1709889497786976
2008,4,2008-04-01,26.925,-80.85,-0.7415334016666666,-0.6975501833333334,1.0195790997022078,11.854000000000001,12.783,11.341000000000001,12.942,12.229999999999999,2008-04-15 12:00:00,5.467299199999999,1.0195790997022078
2008,5,2008-05-01,26.925,-80.85,-0.21254414600000002,0.17684012500000001,0.28842815777633224,12.287419354838711,12.95741935483871,11.309032258064516,12.894838709677419,12.36217741935484,2008-05-16 00:00:00,5.526387793548388,0.28842815777633224
2008,6,2008-06-01,26.925,-80.85,-0.895343825,0.7084814933333333,1.1443986453905983,9.290666666666668,10.381666666666666,8.395666666666667,9.651333333333334,9.429833333333333,2008-06-15 12:00:00,4.215512693333333,1.1443986453905983
2008,7,2008-07-01,26.925,-80.85,-0.0202565194,1.1565493016666666,1.1577606578952553,9.19,9.15516129032258,7.806451612903226,9.269354838709678,8.855241935483871,2008-07-16 00:00:00,3.9586473548387096,1.1577606578952553
2008,8,2008-08-01,26.925,-80.85,0.11872861733333334,1.0885851566666667,1.095681380000843,11.636451612903226,11.768387096774193,9.76,11.732903225806453,11.22443548387097,2008-08-16 00:00:00,5.017771638709678,1.095681380000843
2008,9,2008-09-01,26.925,-80.85,-1.9676917333333332,-1.1159118166666666,2.262610039557494,11.492666666666668,12.793666666666667,11.000666666666666,12.654,11.98525,2008-09-15 12:00:00,5.3578861600000005,2.262610039557494
2008,10,2008-10-01,26.925,-80.85,-1.8513609666666666,-1.5766283666666665,2.4328178711056636,11.68032258064516,12.516451612903225,11.26774193548387,13.086129032258064,12.13766129032258,2008-10-16 00:00:00,5.426020103225806,2.4328178711056636
2008,11,2008-11-01,26.925,-80.85,-0.26808718833333334,-1.8755788833333333,1.8949446417134765,10.495333333333333,11.091000000000001,10.621666666666666,12.049666666666667,11.064416666666666,2008-11-15 12:00:00,4.9462368266666665,1.8949446417134765
2008,12,2008-12-01,26.925,-80.85,-1.09836545,-0.645944895,1.2758044634819847,9.243548387096775,9.682903225806452,8.853225806451613,9.919354838709678,9.42475806451613,2008-12-16 00:00:00,4.213243845161291,1.2758044634819847
2009,1,2009-01-01,26.925,-80.85,0.18040017333333333,-0.8279933549999999,0.8486515914000458,10.324838709677419,10.943225806451613,10.38774193548387,11.739032258064517,10.848709677419356,2009-01-16 00:00:00,4.849807174193549,0.8486515914000458
2009,2,2009-02-01,26.925,-80.85,-0.63990094,-1.0171712333333334,1.2019633627004702,11.006428571428572,11.594642857142857,10.670357142857142,12.027142857142858,11.324642857142857,2009-02-14 12:00:00,5.062568342857142,1.2019633627004702
2009,3,2009-03-01,26.925,-80.85,-1.60145285,-0.025206606116666665,1.603309771176933,11.649032258064516,13.150322580645161,10.882258064516128,12.287741935483872,11.99233870967742,2009-03-16 00:00:00,5.3610550967741935,1.603309771176933
2009,4,2009-04-01,26.925,-80.85,-0.5181686083333333,0.40485649833333337,0.661564650688479,12.994,14.232666666666667,11.967,13.693999999999999,13.221916666666667,2009-04-15 12:00:00,5.910725626666666,0.661564650688479
2009,5,2009-05-01,26.925,-80.85,-1.4988781500000001,0.9715482716666667,1.7885146640063943,11.639354838709677,12.410967741935485,9.749032258064515,11.361935483870969,11.290322580645162,2009-05-16 00:00:00,5.047225806451613,1.7885146640063943
2009,6,2009-06-01,26.925,-80.85,0.677004455,0.9394551999999999,1.1605990352751658,9.485833333333334,11.425,8.950333333333333,10.560666666666666,10.328750000000001,2009-06-15 12:00:00,4.6173644000000005,1.1605990352751658
2009,7,2009-07-01,26.925,-80.85,0.3676790433333334,0.749792115,0.8361429507178698,7.897272727272727,10.511935483870968,7.173870967741936,8.495483870967742,8.742096774193548,2009-07-16 00:00:00,3.9080669419354837,0.8361429507178698
2009,8,2009-08-01,26.925,-80.85,-1.1801945333333332,0.3958066466666667,1.2477234055710174,9.31,10.896129032258063,7.814193548387097,9.356451612903227,9.344193548387098,2009-08-16 00:00:00,4.177228283870968,1.2477234055710174
2009,9,2009-09-01,26.925,-80.85,-0.6926729466666667,-0.303465605,0.7587464554258617,8.508666666666667,9.167666666666667,7.943333333333333,8.893666666666666,8.628333333333334,2009-09-15 12:00:00,3.8572101333333335,0.7587464554258617
2009,10,2009-10-01,26.925,-80.85,-0.64157076,-0.32107450666666665,0.7241527973341687,9.376451612903226,9.80483870967742,9.541612903225808,9.497741935483871,9.555161290322582,2009-10-16 00:00:00,4.271539303225807,0.7241527973341687
2009,11,2009-11-01,26.925,-80.85,-0.9125262933333333,-1.4514147333333334,1.714531953464876,10.342,11.229000000000001,11.703666666666667,11.675333333333333,11.2375,2009-11-15 12:00:00,5.023612,1.714531953464876
2009,12,2009-12-01,26.925,-80.85,-0.57180651,-0.81869054,0.9993744179579243,10.834516129032258,11.803225806451612,12.280645161290321,12.030967741935482,11.73733870967742,2009-12-16 00:00:00,5.247059896774194,0.9993744179579243
2010,1,2010-01-01,26.925,-80.85,0.82717844,-0.9564660433333333,1.2657242511600246,11.666451612903225,12.157741935483871,13.079677419354837,12.780645161290321,12.421129032258065,2010-01-16 00:00:00,5.552741522580646,1.2657242511600246
2010,2,2010-02-01,26.925,-80.85,1.0028386,-1.1636174566666666,1.537582468765036,11.846785714285714,12.262142857142857,13.576071428571428,13.254999999999999,12.735,2010-02-14 12:00:00,5.693054399999999,1.537582468765036
2010,3,2010-03-01,26.925,-80.85,1.3308623833333335,-0.010765075255,1.3327056450141768,12.890322580645162,13.346451612903227,13.699354838709677,13.343225806451612,13.31983870967742,2010-03-16 00:00:00,5.954500696774193,1.3327056450141768
2010,4,2010-04-01,26.925,-80.85,-1.6622680166666666,-0.22487745666666667,1.6795058625642552,11.719,13.744,12.775666666666666,12.570333333333334,12.70225,2010-04-15 12:00:00,5.678413839999999,1.6795058625642552
2010,5,2010-05-01,26.925,-80.85,-1.6360508500000002,0.16059195133333334,1.6460227474254492,10.598387096774195,12.210967741935484,11.091612903225807,10.995806451612903,11.224193548387097,2010-05-16 00:00:00,5.017663483870968,1.6460227474254492
2010,6,2010-06-01,26.925,-80.85,-1.1767851333333332,0.305743655,1.2191905302081796,9.925999999999998,11.008999999999999,9.960666666666667,9.917333333333334,10.20325,2010-06-15 12:00:00,4.56126088,1.2191905302081796
2010,7,2010-07-01,26.925,-80.85,-1.36622365,0.027550378833333333,1.3698472314406966,10.247741935483871,11.250967741935483,10.66483870967742,10.612580645161291,10.694032258064516,2010-07-16 00:00:00,4.780660180645161,1.3698472314406966
2010,8,2010-08-01,26.925,-80.85,-0.44983786166666667,0.711903075,0.8439237302056944,9.45258064516129,9.958709677419355,9.299677419354838,9.500645161290322,9.552903225806451,2010-08-16 00:00:00,4.270529858064516,0.8439237302056944
2010,9,2010-09-01,26.925,-80.85,-1.9685668833333334,-0.7198623299999999,2.0972965356093956,10.522333333333334,11.462758620689655,11.630666666666666,11.700333333333333,11.33525,2010-09-15 12:00:00,5.06731016,2.0972965356093956
2010,10,2010-10-01,26.925,-80.85,-1.0082953833333332,-1.2262058333333332,1.5887426309977748,9.834838709677419,11.496206896551724,11.341904761904763,11.042903225806452,10.855698924731183,2010-10-16 00:00:00,4.852931647311828,1.5887426309977748
2010,11,2010-11-01,26.925,-80.85,-0.8915264283333334,-1.2141466166666668,1.5075613898375868,10.314333333333334,11.712666666666667,11.819642857142856,10.108888888888888,11.151194444444446,2010-11-15 12:00:00,4.985029964444445,1.5075613898375868
2010,12,2010-12-01,26.925,-80.85,1.30026935,-1.8533973666666668,2.265211903158338,11.672258064516129,14.41625,13.45,13.34032258064516,12.736182795698925,2010-12-16 00:00:00,5.693583156989248,2.265211903158338
2011,1,2011-01-01,26.925,-80.85,0.6327993833333333,-0.32986035,0.7168352137650736,10.126451612903226,,10.890645161290323,10.606774193548388,10.541290322580645,2011-01-16 00:00:00,4.712378425806452,0.7168352137650736
2011,2,2011-02-01,26.925,-80.85,-0.24978013833333335,0.036982774333333336,0.2645831013343806,15.546190476190475,9.445,10.691428571428572,10.06607142857143,11.038392857142856,2011-02-14 12:00:00,4.934603142857142,0.2645831013343806
2011,3,2011-03-01,26.925,-80.85,-0.8750667266666667,-0.21024428016666666,0.9071089783270105,10.754347826086956,10.99,12.888064516129031,12.64516129032258,12.116155913978494,2011-03-16 00:00:00,5.416406339784945,0.9071089783270105
2011,4,2011-04-01,26.925,-80.85,-1.295907975,0.41460902666666666,1.3636712422523918,11.687000000000001,11.036,11.973666666666666,11.928666666666667,11.656333333333333,2011-04-15 12:00:00,5.210847253333333,1.3636712422523918
2011,5,2011-05-01,26.925,-80.85,-1.2885446500000002,0.019431350833333326,1.2935403434875707,11.39806451612903,11.088387096774193,11.363548387096774,11.364193548387098,11.303548387096775,2011-05-16 00:00:00,5.053138270967742,1.2935403434875707
2011,6,2011-06-01,26.925,-80.85,-1.0901155333333332,-0.07723361335166666,1.0963052392686452,10.482,10.071333333333333,10.372333333333334,10.558666666666666,10.371083333333333,2011-06-15 12:00:00,4.636289093333333,1.0963052392686452
2011,7,2011-07-01,26.925,-80.85,-0.6665201399999999,0.58323004,0.8890342426274893,9.282903225806452,8.587096774193547,8.941290322580645,9.066774193548387,8.96951612903226,2011-07-16 00:00:00,4.009732490322581,0.8890342426274893
2011,8,2011-08-01,26.925,-80.85,0.5516804733333333,0.8978403933333333,1.053992444042483,10.411290322580646,9.110967741935484,10.341612903225805,10.679354838709678,10.135806451612902,2011-08-16 00:00:00,4.531110916129032,1.053992444042483
2011,9,2011-09-01,26.925,-80.85,-0.8121076533333333,0.28139313166666663,0.862218390261616,8.840666666666667,8.535,8.826666666666666,8.96,8.790583333333332,2011-09-15 12:00:00,3.9297423733333328,0.862218390261616
2011,10,2011-10-01,26.925,-80.85,-1.24788665,-1.5314203833333335,1.976505546304707,11.626129032258065,11.345806451612905,13.242258064516129,13.263225806451612,12.369354838709677,2011-10-16 00:00:00,5.529596387096774,1.976505546304707
2011,11,2011-11-01,26.925,-80.85,-1.4094537166666665,-1.5681483,2.1093371808715715,11.618666666666666,11.108,13.07,12.943333333333333,12.185,2011-11-15 12:00:00,5.4471824,2.1093371808715715
2011,12,2011-12-01,26.925,-80.85,-1.4201905000000001,-1.2510175666666667,1.8942578035060187,10.001785714285715,9.348709677419356,10.928064516129032,10.859677419354838,10.267043010752689,2011-12-16 00:00:00,4.589778907526882,1.8942578035060187
2012,1,2012-01-01,26.925,-80.85,-0.29812145,-0.8068342633333333,0.868837717433408,8.894838709677419,8.490967741935485,10.031935483870969,9.70483870967742,9.280645161290321,2012-01-16 00:00:00,4.1488196129032255,0.868837717433408
2012,2,2012-02-01,26.925,-80.85,-0.6991300983333333,-0.47556225833333327,0.8530519743148776,9.908148148148147,9.776896551724137,11.37241379310345,11.02896551724138,10.620977011494253,2012-02-15 00:00:00,4.7480015632183905,0.8530519743148776
2012,3,2012-03-01,26.925,-80.85,-1.768603,-0.17047178783333336,1.7791848590883952,11.856774193548388,11.865483870967742,12.748387096774193,12.655806451612902,12.281612903225808,2012-03-16 00:00:00,5.490372232258065,1.7791848590883952
2012,4,2012-04-01,26.925,-80.85,-0.6769901316666668,0.15740042775,0.7030571945694944,12.264999999999999,11.737333333333334,13.007666666666667,12.833333333333334,12.460833333333333,2012-04-15 12:00:00,5.570490933333334,0.7030571945694944
2012,5,2012-05-01,26.925,-80.85,-0.7581633083333333,0.69778735,1.0332486509838634,11.008387096774193,10.474838709677421,10.68741935483871,10.677741935483871,10.712096774193547,2012-05-16 00:00:00,4.788735741935484,1.0332486509838634
2012,6,2012-06-01,26.925,-80.85,-0.6599077383333333,0.8548623116666666,1.0803281948427668,11.873666666666667,11.902333333333333,12.551666666666668,12.566,12.223416666666667,2012-06-15 12:00:00,5.464356186666667,1.0803281948427668
2012,7,2012-07-01,26.925,-80.85,-0.388348145,1.013778175,1.0871470378734516,9.358709677419355,8.753548387096775,8.658709677419356,8.981612903225807,8.938145161290322,2012-07-16 00:00:00,3.9957084129032254,1.0871470378734516
2012,8,2012-08-01,26.925,-80.85,-0.9573539133333333,0.8365841516666667,1.2743716551352813,10.221290322580646,10.013225806451612,10.348387096774195,10.516774193548386,10.274919354838708,2012-08-16 00:00:00,4.593299948387096,1.2743716551352813
2012,9,2012-09-01,26.925,-80.85,-0.88228177,-0.36361017,0.95430283963701,10.052999999999999,9.668666666666667,10.378666666666668,10.609,10.177333333333333,2012-09-15 12:00:00,4.549675093333334,0.95430283963701
2012,10,2012-10-01,26.925,-80.85,-0.487001915,-1.6634798,1.7335902851300709,12.763548387096774,11.923870967741935,14.268387096774193,14.425161290322581,13.345241935483871,2012-10-16 00:00:00,5.96585695483871,1.7335902851300709
2012,11,2012-11-01,26.925,-80.85,-0.165431501,-2.2205257666666665,2.229540125655271,10.265666666666668,9.395666666666667,12.191666666666666,11.992666666666668,10.961416666666667,2012-11-15 12:00:00,4.900191706666667,2.229540125655271
2012,12,2012-12-01,26.925,-80.85,-0.42134505833333336,-0.5514576116666666,0.697956187693035,9.522258064516128,9.02258064516129,10.866774193548387,10.613225806451613,10.006209677419355,2012-12-16 00:00:00,4.473175974193548,0.697956187693035
2013,1,2013-01-01,26.925,-80.85,-1.20328015,-0.6344293933333334,1.3639556942940072,8.937241379310345,8.793333333333333,10.43741935483871,10.225161290322582,9.801075268817204,2013-01-16 00:00:00,4.3814726881720425,1.3639556942940072
2013,2,2013-02-01,26.925,-80.85,0.053431453500000003,-0.16685982621666665,0.18348956834576127,10.4605,9.116,10.991428571428571,10.598214285714286,10.265267857142858,2013-02-14 12:00:00,4.588985342857143,0.18348956834576127
2013,3,2013-03-01,26.925,-80.85,0.58567413,-0.7940561433333334,0.9887393565070246,11.282962962962962,9.923333333333334,12.578709677419354,12.226774193548387,11.866048387096773,2013-03-16 00:00:00,5.304598270967742,0.9887393565070246
2013,4,2013-04-01,26.925,-80.85,-1.6049553666666665,0.0470121705,1.6081050168297164,13.959629629629628,11.475333333333333,12.221,12.002,12.39075,2013-04-15 12:00:00,5.53916088,1.6081050168297164
2013,5,2013-05-01,26.925,-80.85,-1.1909612,-0.33782939,1.2395940199342255,10.788709677419355,11.658387096774193,12.218709677419353,12.201290322580645,11.716774193548387,2013-05-16 00:00:00,5.237866735483871,1.2395940199342255
2013,6,2013-06-01,26.925,-80.85,-0.722500965,1.1674609433333334,1.3749512812429672,9.786666666666667,9.993333333333334,9.661,9.891333333333334,9.833083333333333,2013-06-15 12:00:00,4.395781573333333,1.3749512812429672
2013,7,2013-07-01,26.925,-80.85,-1.0406506833333333,0.81208269,1.3222868456649366,9.638064516129031,10.22741935483871,10.438387096774193,10.516129032258064,10.205,2013-07-16 00:00:00,4.5620432,1.3222868456649366
2013,8,2013-08-01,26.925,-80.85,-1.2854881333333334,0.340142645,1.3316290830603468,9.020645161290322,9.390322580645162,10.060967741935483,10.090645161290322,9.640645161290323,2013-08-16 00:00:00,4.309754012903226,1.3316290830603468
2013,9,2013-09-01,26.925,-80.85,-1.0171343449999999,-0.56291831,1.1629762853140129,8.802666666666665,8.931333333333333,10.043666666666667,9.977333333333332,9.43875,2013-09-15 12:00:00,4.2194988,1.1629762853140129
2013,10,2013-10-01,26.925,-80.85,-0.9556401499999999,-1.1435022233333334,1.4907734773516115,9.523225806451611,9.846451612903227,11.53032258064516,11.481290322580646,10.595322580645162,2013-10-16 00:00:00,4.736533006451613,1.4907734773516115
2013,11,2013-11-01,26.925,-80.85,-1.7512833499999998,-2.0291710000000003,2.6812712506095253,11.651,11.724666666666668,14.193999999999999,14.062666666666667,12.908083333333334,2013-11-15 12:00:00,5.770429573333334,2.6812712506095253
2013,12,2013-12-01,26.925,-80.85,-1.3403333166666667,-0.60720981,1.4727598571743379,9.142903225806451,9.109354838709677,11.221290322580646,11.016774193548386,10.12258064516129,2013-12-16 00:00:00,4.525198451612903,1.4727598571743379
2014,1,2014-01-01,26.925,-80.85,0.4245770933333333,-1.0873562633333334,1.1681583950191046,10.119354838709677,9.721290322580646,11.920322580645161,11.784516129032259,10.886370967741936,2014-01-16 00:00:00,4.866643277419355,1.1681583950191046
2014,2,2014-02-01,26.925,-80.85,0.120937857,-0.13541076516666667,0.18560745707978377,8.336428571428572,8.224642857142857,9.857857142857142,9.498571428571427,8.979375,2014-02-14 12:00:00,4.0141398,0.18560745707978377
2014,3,2014-03-01,26.925,-80.85,0.3282883933333333,-0.11996732066666667,0.35435218268878516,11.122903225806452,10.516451612903225,12.779032258064515,12.611935483870969,11.75758064516129,2014-03-16 00:00:00,5.256108851612903,0.35435218268878516
2014,4,2014-04-01,26.925,-80.85,-0.5955172000000001,0.22086169333333336,0.6381625701294554,10.827666666666666,11.199333333333334,12.349666666666668,12.042333333333334,11.60475,2014-04-15 12:00:00,5.187787439999999,0.6381625701294554
2014,5,2014-05-01,26.925,-80.85,-2.12371095,-0.08281864716666666,2.1264703535506655,11.176774193548388,12.191935483870967,12.473225806451614,12.429032258064517,12.067741935483872,2014-05-16 00:00:00,5.39476335483871,2.1264703535506655
2014,6,2014-06-01,26.925,-80.85,-0.4379028483333333,0.22600603166666666,0.4980926968659787,8.816,9.032666666666668,9.905666666666667,9.898666666666665,9.41325,2014-06-15 12:00:00,4.20809928,0.4980926968659787
2014,7,2014-07-01,26.925,-80.85,0.45918790000000004,0.8378268666666666,0.9561779721974181,8.67483870967742,8.013225806451613,8.992903225806451,9.122903225806452,8.700967741935484,2014-07-16 00:00:00,3.8896806193548388,0.9561779721974181
2014,8,2014-08-01,26.925,-80.85,-0.11698091166666667,0.19405882883333334,0.24372822839758732,8.389032258064516,7.8261290322580646,8.946363636363635,8.891612903225806,8.401290322580644,2014-08-16 00:00:00,3.755712825806451,0.24372822839758732
2014,9,2014-09-01,26.925,-80.85,-0.830389175,0.37052146333333336,0.9157082502083694,8.145,7.995666666666667,8.161333333333333,8.688666666666666,8.247666666666667,2014-09-15 12:00:00,3.687036906666667,0.9157082502083694
2014,10,2014-10-01,26.925,-80.85,-0.682070265,-1.0245501166666668,1.2321070110605143,8.840645161290322,8.810645161290322,10.396774193548387,10.828709677419354,9.719193548387098,2014-10-16 00:00:00,4.3448682838709685,1.2321070110605143
2014,11,2014-11-01,26.925,-80.85,-0.25512627666666665,-1.8114554,1.8298148567944594,11.152,10.41,12.560666666666666,13.039666666666667,11.790583333333332,2014-11-15 12:00:00,5.270862373333332,1.8298148567944594
2014,12,2014-12-01,26.925,-80.85,-0.21762746666666666,-0.9915167500000001,1.0164860324808505,7.779677419354839,7.2380645161290325,8.679032258064517,9.079354838709676,8.194032258064516,2014-12-16 00:00:00,3.663060180645161,1.0164860324808505
2015,1,2015-01-01,26.925,-80.85,-0.299672645,-1.3489885333333334,1.3851479214873017,9.9372,9.5024,11.640645161290323,12.485161290322582,11.350322580645162,2015-01-16 00:00:00,5.0740482064516135,1.3851479214873017
2015,2,2015-02-01,26.925,-80.85,0.32708619,-0.985739075,1.0390811999510066,10.8215,10.0295,11.988214285714287,12.479285714285714,11.686071428571427,2015-02-14 12:00:00,5.224141371428571,1.0390811999510066
2015,3,2015-03-01,26.925,-80.85,-0.8494355433333333,-0.2230044,0.8828096535671835,9.979032258064517,9.632903225806452,10.809354838709679,11.180645161290323,10.400483870967742,2015-03-16 00:00:00,4.649432309677419,0.8828096535671835
2015,4,2015-04-01,26.925,-80.85,-0.3324569866666667,0.6580146316666667,0.7378616587145391,9.666,8.415333333333333,9.271666666666667,9.973333333333333,9.331583333333333,2015-04-15 12:00:00,4.171591013333333,0.7378616587145391
2015,5,2015-05-01,26.925,-80.85,-2.20430885,-0.6800558783333334,2.308845876551779,9.966451612903224,9.563548387096773,10.87225806451613,11.508709677419354,10.477741935483872,2015-05-16 00:00:00,4.68396975483871,2.308845876551779
2015,6,2015-06-01,26.925,-80.85,-0.9429248233333333,0.4843408066666666,1.0621649307255714,8.768333333333334,8.391,8.275666666666668,9.028333333333334,8.615833333333335,2015-06-15 12:00:00,3.851622133333334,1.0621649307255714
2015,7,2015-07-01,26.925,-80.85,0.59472068,1.1012417250000002,1.251932016128134,9.776774193548386,8.618387096774194,9.31258064516129,10.125483870967741,9.458306451612902,2015-07-16 00:00:00,4.228241316129032,1.251932016128134
2015,8,2015-08-01,26.925,-80.85,-0.3010056816666667,0.5445119966666666,0.6223298718346216,8.519354838709678,8.173870967741935,8.098064516129032,8.848387096774195,8.40991935483871,2015-08-16 00:00:00,3.759570348387097,0.6223298718346216
2015,9,2015-09-01,26.925,-80.85,-0.44397183,0.10611293100000001,0.4601319658958993,7.731,7.235333333333333,7.687666666666667,8.378,7.758,2015-09-15 12:00:00,3.46813632,0.4601319658958993
2015,10,2015-10-01,26.925,-80.85,-0.9054539983333333,-1.0272000666666667,1.3697039577565426,10.01774193548387,9.83548387096774,11.097741935483871,11.890322580645162,10.71032258064516,2015-10-16 00:00:00,4.787942606451613,1.3697039577565426
2015,11,2015-11-01,26.925,-80.85,-2.2186304666666667,-1.04218484,2.451823689345991,10.264333333333333,10.371,11.131333333333334,12.214,10.995166666666668,2015-11-15 12:00:00,4.915279306666667,2.451823689345991
2015,12,2015-12-01,26.925,-80.85,-1.9617840166666667,-0.4007086716666666,2.003161359855135,9.820322580645161,9.428709677419356,10.94483870967742,11.52258064516129,10.429112903225807,2015-12-16 00:00:00,4.662230632258065,2.003161359855135
2016,1,2016-01-01,26.925,-80.85,0.29907886266666667,-1.2385667233333333,1.2779788529004807,10.728709677419355,9.593870967741937,11.971290322580646,10.8725,10.918252688172045,2016-01-16 00:00:00,4.880895681720431,1.2779788529004807
2016,2,2016-02-01,26.925,-80.85,0.16352255133333335,-0.625348495,0.6501358722878183,10.65896551724138,9.757931034482759,11.559310344827587,12.01896551724138,10.998793103448275,2016-02-15 00:00:00,4.916900468965517,0.6501358722878183
2016,3,2016-03-01,26.925,-80.85,-0.5943073916666667,0.27053012666666665,0.658116196676063,9.89258064516129,9.319354838709677,10.258387096774193,10.725483870967743,10.048951612903226,2016-03-16 00:00:00,4.492283329032258,0.658116196676063
2016,4,2016-04-01,26.925,-80.85,-1.5370219333333335,-0.492411855,1.6161697800510588,11.039333333333333,11.74,11.523,12.570769230769232,11.633083333333333,2016-04-15 12:00:00,5.200453573333333,1.6161697800510588
2016,5,2016-05-01,26.925,-80.85,-0.6119643483333334,0.043718695,0.6202947574591077,9.71516129032258,9.869677419354838,9.979032258064517,10.46516129032258,10.00725806451613,2016-05-16 00:00:00,4.473644645161291,0.6202947574591077
2016,6,2016-06-01,26.925,-80.85,-0.2860931783333333,0.9005912566666666,0.9459306343860309,9.828333333333335,9.458333333333334,9.366333333333333,10.195,9.712,2016-06-15 12:00:00,4.34165248,0.9459306343860309
2016,7,2016-07-01,26.925,-80.85,-1.1684351,0.8527452866666666,1.4510351952783296,8.19,8.34258064516129,7.917096774193548,8.530645161290321,8.24508064516129,2016-07-16 00:00:00,3.685880851612903,1.4510351952783296
2016,8,2016-08-01,26.925,-80.85,-1.5242122166666665,0.40000334,1.5779522880090984,9.795483870967743,9.94774193548387,9.92483870967742,10.753225806451614,10.105322580645161,2016-08-16 00:00:00,4.517483406451613,1.5779522880090984
2016,9,2016-09-01,26.925,-80.85,-0.7569531566666666,0.443007725,0.8822278369700521,8.31,7.873666666666667,7.922333333333333,8.611666666666668,8.179416666666667,2016-09-15 12:00:00,3.6565264266666664,0.8822278369700521
2016,10,2016-10-01,26.925,-80.85,-1.7874116999999998,-2.568313933333333,3.1301673744541154,12.546451612903226,12.355806451612903,14.498064516129032,15.260967741935483,13.665322580645162,2016-10-16 00:00:00,6.108945806451613,3.1301673744541154
2016,11,2016-11-01,26.925,-80.85,-1.4050541,-1.6749404333333333,2.1875341691964123,8.718333333333334,8.594666666666665,10.6548,11.2296,9.613611111111112,2016-11-15 12:00:00,4.297668711111111,2.1875341691964123
2016,12,2016-12-01,26.925,-80.85,-1.1640411833333333,-0.8330201816666666,1.4324936465305302,9.433870967741935,8.761935483870968,10.877333333333333,10.268709677419354,9.77766129032258,2016-12-16 00:00:00,4.371005703225806,1.4324936465305302
2017,1,2017-01-01,26.925,-80.85,0.09587079883333333,-0.175567785,0.2102174453128812,9.954516129032257,9.15967741935484,10.678387096774195,10.41,10.050645161290323,2017-01-16 00:00:00,4.493040412903226,0.2102174453128812
2017,2,2017-02-01,26.925,-80.85,-0.20994641333333333,-0.33367326,0.40254430686061404,8.722857142857142,8.418571428571429,9.667857142857143,9.105714285714287,8.97875,2017-02-14 12:00:00,4.0138603999999996,0.40254430686061404
2017,3,2017-03-01,26.925,-80.85,-1.4661372333333336,-0.8555444099999999,1.6997745831026119,10.864193548387098,10.637096774193548,11.829032258064515,11.581935483870968,11.228064516129033,2017-03-16 00:00:00,5.019393961290323,1.6997745831026119
2017,4,2017-04-01,26.925,-80.85,-1.9547313166666667,0.13358642433333334,1.9609435278231508,12.059333333333335,13.045333333333334,12.91,12.997000000000002,12.752916666666666,2017-04-15 12:00:00,5.701063866666666,1.9609435278231508
2017,5,2017-05-01,26.925,-80.85,-0.47252041166666664,1.0002332999999999,1.1066170343757347,12.132413793103447,11.366774193548387,10.849354838709678,11.395806451612902,11.357150537634409,2017-05-16 00:00:00,5.077100576344086,1.1066170343757347
2017,6,2017-06-01,26.925,-80.85,-1.2660748166666667,1.3302427833333332,1.8378260848361705,10.25357142857143,10.804666666666666,9.811,10.306666666666667,10.28063888888889,2017-06-15 12:00:00,4.595856808888889,1.8378260848361705
2017,7,2017-07-01,26.925,-80.85,-0.6662520399999999,0.9978092016666666,1.2002660909700589,9.013225806451612,8.994838709677419,8.428064516129032,9.01032258064516,8.861612903225806,2017-07-16 00:00:00,3.961495432258064,1.2002660909700589
2017,8,2017-08-01,26.925,-80.85,-0.553438325,1.3669481166666666,1.4756069900764128,9.89774193548387,9.806451612903226,9.67741935483871,10.088709677419354,9.86758064516129,2017-08-16 00:00:00,4.411203251612903,1.4756069900764128
2017,9,2017-09-01,26.925,-80.85,-1.2089757933333334,-0.44977313,1.2944695785609677,10.302758620689657,10.490666666666668,10.846,10.844333333333333,10.585694444444444,2017-09-15 12:00:00,4.732228844444444,1.2944695785609677
2017,10,2017-10-01,26.925,-80.85,-2.3493153166666665,-1.42606355,2.7489001581718764,12.113548387096774,12.726774193548387,13.641612903225806,13.794193548387097,13.069032258064516,2017-10-16 00:00:00,5.8423801806451605,2.7489001581718764
2017,11,2017-11-01,26.925,-80.85,-1.0639638833333331,-2.2674268166666667,2.505804467074331,9.655,9.628333333333334,11.556999999999999,11.129333333333333,10.492416666666665,2017-11-15 12:00:00,4.690529946666666,2.505804467074331
2017,12,2017-12-01,26.925,-80.85,0.011486926833333327,-0.8357948683333333,0.8409658101019452,10.754,7.168064516129032,8.700645161290323,8.547419354838711,8.079327956989248,2017-12-16 00:00:00,3.611782769892473,0.8409658101019452
2018,1,2018-01-01,26.925,-80.85,-0.7298742116666667,-2.1101182333333335,2.234193791212426,13.564705882352941,11.453548387096774,13.721612903225807,14.202727272727271,12.491612903225807,2018-01-16 00:00:00,5.5842506322580645,2.234193791212426
2018,2,2018-02-01,26.925,-80.85,-2.28151795,0.111657886,2.2864997954811908,9.647857142857143,9.245714285714286,9.619285714285715,9.18142857142857,9.29095238095238,2018-02-14 12:00:00,4.153427352380952,2.2864997954811908
2018,3,2018-03-01,26.925,-80.85,0.44328338,-0.6328446466666667,0.7756799472583801,11.383225806451613,10.635806451612902,12.387096774193548,12.091290322580644,11.624354838709678,2018-03-16 00:00:00,5.196551587096774,0.7756799472583801
2018,4,2018-04-01,26.925,-80.85,-0.46054567166666666,0.11588805833333334,0.48561662016308,10.748666666666667,10.967333333333332,11.308666666666666,11.070666666666666,11.023833333333334,2018-04-15 12:00:00,4.928094453333333,0.48561662016308
2018,5,2018-05-01,26.925,-80.85,-2.3439607666666666,0.514548385,2.401655804211114,10.945806451612903,11.890322580645162,11.548064516129033,11.638064516129031,11.50556451612903,2018-05-16 00:00:00,5.143447561290322,2.401655804211114
2018,6,2018-06-01,26.925,-80.85,0.12539561566666665,0.6433239216666666,0.6564520535349918,7.828666666666667,7.562333333333333,7.703,7.630333333333334,7.6810833333333335,2018-06-15 12:00:00,3.4337514933333333,0.6564520535349918
2018,7,2018-07-01,26.925,-80.85,-0.07271565983333333,0.7906722783333334,0.7946447565624405,8.339677419354837,7.997741935483871,8.112580645161291,8.124193548387096,8.143548387096773,2018-07-16 00:00:00,3.6404918709677414,0.7946447565624405
2018,8,2018-08-01,26.925,-80.85,-1.4503698500000002,0.6417957383333334,1.5885308273644343,8.570322580645161,8.92741935483871,8.86774193548387,8.770967741935483,8.784112903225807,2018-08-16 00:00:00,3.926849832258065,1.5885308273644343
2018,9,2018-09-01,26.925,-80.85,-1.7701708500000002,-0.005877097083333335,1.771912370482802,8.527666666666667,9.559666666666667,9.163666666666668,9.186666666666667,9.109416666666668,2018-09-15 12:00:00,4.072273626666667,1.771912370482802
2018,10,2018-10-01,26.925,-80.85,-1.7836144833333334,-0.6462393366666667,1.8975068072885126,10.399032258064516,10.916774193548388,11.695806451612903,11.683225806451613,11.173709677419355,2018-10-16 00:00:00,4.9950951741935485,1.8975068072885126
2018,11,2018-11-01,26.925,-80.85,-0.5281894566666666,-0.754927945,0.9219729997322896,8.998333333333333,8.702666666666666,10.524444444444443,10.100666666666665,9.495833333333334,2018-11-15 12:00:00,4.245017333333333,0.9219729997322896
2018,12,2018-12-01,26.925,-80.85,-0.32647039333333333,0.08277739566666667,0.3439743335090811,9.602580645161291,8.931612903225806,10.745333333333333,10.359354838709677,9.860510752688173,2018-12-16 00:00:00,4.408042726881721,0.3439743335090811
2019,1,2019-01-01,26.925,-80.85,0.006190419666666666,-1.103998175,1.1060611586757594,10.87483870967742,10.17741935483871,12.73962962962963,11.894516129032258,11.230215053763441,2019-01-16 00:00:00,5.020355337634409,1.1060611586757594
2019,2,2019-02-01,26.925,-80.85,-1.3693618666666667,-0.04451716,1.3716288413328044,8.885,8.7625,9.837272727272728,8.767142857142856,8.883303571428572,2019-02-14 12:00:00,3.9711920285714286,1.3716288413328044
2019,3,2019-03-01,26.925,-80.85,-0.85423265,-1.2328186,1.5003871363607484,10.48258064516129,10.030967741935482,12.489629629629631,10.980967741935483,10.76002688172043,2019-03-16 00:00:00,4.8101624172043005,1.5003871363607484
2019,4,2019-04-01,26.925,-80.85,-1.2612657666666667,0.48875015833333335,1.3553741225692013,11.175999999999998,11.845666666666666,11.737142857142857,11.825333333333333,11.583083333333333,2019-04-15 12:00:00,5.178101573333333,1.3553741225692013
2019,5,2019-05-01,26.925,-80.85,-2.05074375,0.3397605816666667,2.0806069646425907,10.644516129032258,11.608709677419355,10.194347826086956,11.049354838709677,10.839166666666666,2019-05-16 00:00:00,4.845541066666666,2.0806069646425907
2019,6,2019-06-01,26.925,-80.85,-0.31724751,1.1915240666666667,1.2335674378775348,9.231,8.891,8.544615384615385,8.756,8.758555555555555,2019-06-15 12:00:00,3.9154246755555553,1.2335674378775348
2019,7,2019-07-01,26.925,-80.85,-0.5490837133333334,0.8772237683333334,1.035403959087838,8.261612903225807,8.382903225806452,7.208125,8.301612903225807,8.115860215053763,2019-07-16 00:00:00,3.628114150537634,1.035403959087838
2019,8,2019-08-01,26.925,-80.85,-0.26814210666666666,0.7491491633333333,0.796236588191029,8.980322580645161,8.985000000000001,6.736451612903227,9.350967741935484,8.513252688172043,2019-08-16 00:00:00,3.80576448172043,0.796236588191029
2019,9,2019-09-01,26.925,-80.85,-1.2428445666666665,-1.8707154666666668,2.246385223637142,12.186333333333332,13.006666666666666,14.032,14.003333333333334,13.307083333333335,2019-09-15 12:00:00,5.948798533333334,2.246385223637142
2019,10,2019-10-01,26.925,-80.85,-1.8423700166666668,-0.154858925,1.8496701526254444,9.836923076923076,10.447000000000001,10.529032258064515,10.58258064516129,10.378064516129031,2019-10-16 00:00:00,4.639409961290322,1.8496701526254444
2019,11,2019-11-01,26.925,-80.85,-0.54403831,-1.5652446666666666,1.6579022319161236,9.237,8.817,10.1532,10.263,9.634861111111112,2019-11-15 12:00:00,4.307168311111112,1.6579022319161236
2019,12,2019-12-01,26.925,-80.85,-0.7693685066666666,-0.40169868833333333,0.8707084934747514,10.106774193548388,9.779655172413793,10.757741935483871,10.699354838709677,10.314247311827957,2019-12-16 00:00:00,4.61088111827957,0.8707084934747514
2020,1,2020-01-01,26.925,-80.85,-0.8833792100000001,-0.80058468,1.1960190208493173,10.415161290322581,9.648387096774194,11.297741935483872,11.043548387096775,10.601209677419355,2020-01-16 00:00:00,4.739164774193548,1.1960190208493173
2020,2,2020-02-01,26.925,-80.85,-0.40562872333333333,-0.12549581116666667,0.433832535433558,10.748620689655171,10.500689655172414,11.737241379310344,11.187586206896551,11.04353448275862,2020-02-15 00:00:00,4.936901655172413,0.433832535433558
2020,3,2020-03-01,26.925,-80.85,-1.62090555,0.3312841633333333,1.6593722901338588,9.684516129032259,9.850967741935484,9.970645161290323,9.909354838709678,9.853870967741935,2020-03-16 00:00:00,4.405074477419355,1.6593722901338588
2020,4,2020-04-01,26.925,-80.85,-0.09869041083333334,0.5299946866666666,0.558738320101037,11.985333333333333,11.862,12.538,12.511666666666667,12.224250000000001,2020-04-15 12:00:00,5.46472872,0.558738320101037
2020,5,2020-05-01,26.925,-80.85,-1.16235004,0.049320627533333335,1.1656979666544725,10.883225806451613,11.43258064516129,11.197096774193549,11.202580645161289,11.178870967741936,2020-05-16 00:00:00,4.997402477419355,1.1656979666544725
2020,6,2020-06-01,26.925,-80.85,-1.4012486333333334,0.6463833033333334,1.5443184359629256,8.831071428571429,9.419230769230769,8.55,8.725333333333333,8.853472222222223,2020-06-15 12:00:00,3.9578562222222224,1.5443184359629256
2020,7,2020-07-01,26.925,-80.85,-0.4812081449999999,0.6748773783333334,0.8317657800028625,9.480322580645161,9.314193548387097,9.28483870967742,9.526774193548386,9.401532258064515,2020-07-16 00:00:00,4.202860980645161,0.8317657800028625
2020,8,2020-08-01,26.925,-80.85,-0.7971629083333333,0.6831031133333333,1.0531976237667686,9.218064516129031,7.41,9.209354838709677,9.320645161290322,8.78951612903226,2020-08-16 00:00:00,3.929265290322581,1.0531976237667686
2020,9,2020-09-01,26.925,-80.85,-1.5775534166666667,0.24764319333333332,1.5988926244050778,9.715,8.628333333333334,10.156,9.695384615384615,9.745527777777777,2020-09-15 12:00:00,4.356640737777777,1.5988926244050778
2020,10,2020-10-01,26.925,-80.85,-2.2010466333333336,-0.4671095566666667,2.2527395215855215,10.077096774193548,10.796129032258065,11.310322580645161,11.170322580645161,10.838467741935483,2020-10-16 00:00:00,4.845228619354838,2.2527395215855215
2020,11,2020-11-01,26.925,-80.85,-2.6796344,-1.3830665,3.0170517012403546,12.064333333333334,12.377,13.668333333333333,13.652,12.940416666666666,2020-11-15 12:00:00,5.784883866666666,3.0170517012403546
2020,12,2020-12-01,26.925,-80.85,-0.18429078666666668,-1.1100378133333333,1.1281943558415943,9.297096774193548,8.623548387096774,9.999677419354839,10.328387096774193,9.562177419354839,2020-12-16 00:00:00,4.274675793548387,1.1281943558415943
2021,1,2021-01-01,26.925,-80.85,0.3698107816666667,-0.2306667566666667,0.4401663042626693,8.627096774193548,8.546071428571429,8.496129032258064,8.786774193548387,8.624569892473119,2021-01-16 00:00:00,3.855527724731183,0.4401663042626693
2021,2,2021-02-01,26.925,-80.85,-0.139033715,0.87768467,0.8888557663581763,10.301428571428572,10.464285714285714,10.752857142857142,10.22642857142857,10.43625,2021-02-14 12:00:00,4.6654212,0.8888557663581763
2021,3,2021-03-01,26.925,-80.85,-0.9263251616666667,-0.0770182995,0.9311359429655935,10.493225806451614,11.018064516129032,11.300322580645162,10.871290322580645,10.920725806451614,2021-03-16 00:00:00,4.88200126451613,0.9311359429655935
2021,4,2021-04-01,26.925,-80.85,-0.6576389450000001,0.18746741583333335,0.6881858809094586,11.176666666666668,11.719333333333333,11.711666666666668,11.754666666666667,11.590583333333335,2021-04-15 12:00:00,5.181454373333334,0.6881858809094586
2021,5,2021-05-01,26.925,-80.85,-2.2481499,-0.1334243615,2.2545878160502206,12.168181818181818,12.314838709677419,11.902903225806451,11.932580645161291,11.915860215053764,2021-05-16 00:00:00,5.326866150537635,2.2545878160502206
2021,6,2021-06-01,26.925,-80.85,-1.4213657333333334,1.2653738833333332,1.9052875092191732,,10.973333333333333,10.042333333333334,10.257,10.424222222222223,2021-06-15 12:00:00,4.660044302222222,1.9052875092191732
2021,7,2021-07-01,26.925,-80.85,-0.7336750216666666,0.9810658066666665,1.2274929550077227,8.180588235294117,8.807419354838709,8.263870967741935,8.547096774193548,8.598682795698926,2021-07-16 00:00:00,3.8439551569892476,1.2274929550077227
2021,8,2021-08-01,26.925,-80.85,-1.3768812833333335,0.7688155766666668,1.579407190888953,9.050645161290323,8.789354838709679,8.950967741935484,9.193548387096774,8.996129032258064,2021-08-16 00:00:00,4.021629522580645,1.579407190888953
2021,9,2021-09-01,26.925,-80.85,-0.24443057999999998,0.07883625716666666,0.26078471461375896,7.8773333333333335,7.459333333333333,7.921666666666667,8.053333333333333,7.827916666666667,2021-09-15 12:00:00,3.4993918666666666,0.26078471461375896
2021,10,2021-10-01,26.925,-80.85,-0.9338614066666665,-0.31775281833333335,0.9882170688238059,9.048709677419355,9.283225806451615,10.009354838709678,9.933225806451613,9.568629032258064,2021-10-16 00:00:00,4.277559922580645,0.9882170688238059
2021,11,2021-11-01,26.925,-80.85,-0.5332017016666667,-2.1923577,2.256972345574022,10.047666666666666,9.781,12.050689655172414,11.47896551724138,10.738,2021-11-15 12:00:00,4.80031552,2.256972345574022
2021,12,2021-12-01,26.925,-80.85,-0.49620328666666663,-0.4463204516666666,0.6689802531232879,6.578064516129031,6.734193548387096,7.790322580645161,7.023,7.008064516129032,2021-12-16 00:00:00,3.1328851612903224,0.6689802531232879
2022,1,2022-01-01,26.925,-80.85,0.161058573,-1.1531658066666666,1.167371791563548,10.235483870967743,9.640322580645162,11.091935483870968,10.556451612903226,10.381048387096774,2022-01-16 00:00:00,4.640743870967742,1.167371791563548
2022,2,2022-02-01,26.925,-80.85,-1.4993747,-0.8778572166666666,1.7397560512886443,9.18142857142857,8.923214285714286,10.126071428571427,9.862962962962964,9.507113095238095,2022-02-14 12:00:00,4.250059838095238,1.7397560512886443
2022,3,2022-03-01,26.925,-80.85,-1.1874335666666667,0.3485992916666667,1.2391457737145757,11.627096774193548,11.370322580645162,12.176774193548388,11.558387096774194,11.683145161290323,2022-03-16 00:00:00,5.222833212903226,1.2391457737145757
2022,4,2022-04-01,26.925,-80.85,-1.7983970666666667,-0.14293062666666667,1.8050998080647804,11.453666666666667,12.532333333333334,12.387333333333334,12.615925925925925,12.13186111111111,2022-04-15 12:00:00,5.42342719111111,1.8050998080647804
2022,5,2022-05-01,26.925,-80.85,-1.2261740433333335,0.5122783733333334,1.329150861419201,8.864193548387098,11.602903225806452,10.89806451612903,10.94774193548387,10.578225806451613,2022-05-16 00:00:00,4.728890064516129,1.329150861419201
2022,6,2022-06-01,26.925,-80.85,-0.67093777,0.48426208666666665,0.8298728267603801,7.448666666666667,9.036666666666667,8.472333333333333,8.684,8.410416666666666,2022-06-15 12:00:00,3.7597926666666663,0.8298728267603801
2022,7,2022-07-01,26.925,-80.85,-1.5533380666666667,1.2414921333333333,1.9907357684614786,7.0,9.83548387096774,8.995483870967742,9.105161290322581,8.734032258064516,2022-07-16 00:00:00,3.9044617806451614,1.9907357684614786
2022,8,2022-08-01,26.925,-80.85,-1.0359900833333333,0.734499095,1.2711191637572326,5.655806451612903,8.595483870967742,8.203,8.111612903225806,7.639381720430107,2022-08-16 00:00:00,3.415109204301075,1.2711191637572326
2022,9,2022-09-01,26.925,-80.85,-0.7095829650000001,0.28428631833333334,0.7697769660929498,4.175416666666667,8.883000000000001,9.224666666666668,9.267586206896551,8.444277777777778,2022-09-15 12:00:00,3.774929937777778,0.7697769660929498
2022,10,2022-10-01,26.925,-80.85,-0.8346324616666667,-1.7584438166666667,1.9467132932862725,9.262142857142857,9.130645161290323,10.818387096774194,10.44,9.896048387096773,2022-10-16 00:00:00,4.4239294709677415,1.9467132932862725
2022,11,2022-11-01,26.925,-80.85,-0.8627389283333334,-1.5858004833333332,1.80592931281046,10.223666666666666,9.916333333333334,11.277333333333333,11.342,10.689833333333333,2022-11-15 12:00:00,4.778783093333333,1.80592931281046
2022,12,2022-12-01,26.925,-80.85,-0.7612904883333332,-1.6805451666666666,1.8458381914792783,9.44741935483871,8.463225806451613,10.518709677419354,10.952083333333334,9.578602150537634,2022-12-16 00:00:00,4.282018305376344,1.8458381914792783
2023,1,2023-01-01,26.925,-80.85,-0.181627615,-0.28721014333333333,0.34141615084751314,8.111935483870967,7.272258064516129,8.5,11.762,7.928198924731183,2023-01-16 00:00:00,3.544222047311828,0.34141615084751314
2023,2,2023-02-01,26.925,-80.85,-0.33557216333333334,0.18115426166666668,0.389487595107822,9.281071428571428,8.504285714285714,9.52,9.409600000000001,9.10592261904762,2023-02-14 12:00:00,4.070711647619048,0.389487595107822
2023,3,2023-03-01,26.925,-80.85,-0.4085864983333334,-0.12827265333333335,0.4321411373200173,10.636451612903226,9.98741935483871,10.915161290322581,10.819354838709677,10.589596774193547,2023-03-16 00:00:00,4.733973341935483,0.4321411373200173
2023,4,2023-04-01,26.925,-80.85,-1.3709917166666667,0.20093045416666666,1.3862323516729829,11.329,11.218333333333334,11.378666666666668,11.500666666666666,11.356666666666666,2023-04-15 12:00:00,5.076884266666666,1.3862323516729829
2023,5,2023-05-01,26.925,-80.85,-1.2020330333333333,-0.5453664433333333,1.321436394519847,9.549032258064516,10.12516129032258,9.735806451612904,9.891935483870967,9.82548387096774,2023-05-16 00:00:00,4.392384309677419,1.321436394519847
2023,6,2023-06-01,26.925,-80.85,0.326621135,0.8109921383333334,0.8757905444864457,9.20142857142857,8.69818181818182,9.181666666666667,9.416666666666666,9.325638888888887,2023-06-15 12:00:00,4.168933608888888,0.8757905444864457
2023,7,2023-07-01,26.925,-80.85,0.140069525,0.692872525,0.7074405664160933,7.773793103448276,6.924444444444444,7.144516129032258,7.396451612903226,7.356424731182796,2023-07-16 00:00:00,3.288616111827957,0.7074405664160933
2023,8,2023-08-01,26.925,-80.85,-0.7865261666666666,0.7109020733333334,1.0627012436942935,10.038709677419355,9.591612903225805,9.709354838709677,9.991612903225807,9.83282258064516,2023-08-16 00:00:00,4.395665006451613,1.0627012436942935
2023,9,2023-09-01,26.925,-80.85,-1.1393636,-0.46146887833333333,1.2293923916568736,8.192666666666666,8.470333333333333,8.420666666666667,8.689,8.443166666666666,2023-09-15 12:00:00,3.7744332266666665,1.2293923916568736
2023,10,2023-10-01,26.925,-80.85,-0.858778795,-1.7198842166666666,1.9228173252640817,10.52741935483871,10.62483870967742,11.813333333333334,11.809354838709679,11.13478494623656,2023-10-16 00:00:00,4.977694262365591,1.9228173252640817
2023,11,2023-11-01,26.925,-80.85,-1.1427450166666666,-2.02843825,2.329173478071624,11.022333333333334,10.964,12.365,12.644666666666666,11.749,2023-11-15 12:00:00,5.25227296,2.329173478071624
2023,12,2023-12-01,26.925,-80.85,-0.7912756816666667,-1.25607745,1.4858561439601108,10.689677419354839,10.395806451612902,11.853793103448275,8.794500000000001,10.911747311827957,2023-12-16 00:00:00,4.87798751827957,1.4858561439601108
2024,1,2024-01-01,26.925,-80.85,-0.3935574883333333,-0.29612950499999996,0.4939900178028325,10.106451612903227,9.753548387096775,11.031724137931034,10.906666666666666,10.315672043010753,2024-01-16 00:00:00,4.611518030107527,0.4939900178028325
2024,2,2024-02-01,26.925,-80.85,0.18141474333333332,-0.6091405449999999,0.6358491904587483,9.925862068965518,9.559655172413795,10.202758620689655,10.603793103448275,10.073017241379311,2024-02-15 00:00:00,4.5030416275862075,0.6358491904587483
2024,3,2024-03-01,26.925,-80.85,-0.9105682283333333,0.4320651916666667,1.0103627217573947,10.279032258064515,10.506451612903225,10.09,10.495483870967742,10.34274193548387,2024-03-16 00:00:00,4.623619354838709,1.0103627217573947
2024,4,2024-04-01,26.925,-80.85,-1.4105806333333335,0.216219745,1.4300331284155305,11.660333333333334,12.273,12.466333333333333,12.400333333333332,12.2,2024-04-15 12:00:00,5.453887999999999,1.4300331284155305
2024,5,2024-05-01,26.925,-80.85,-0.6685134783333333,0.5551788066666666,0.8718624736113996,9.89225806451613,10.562903225806451,9.63225806451613,9.745483870967742,9.958225806451612,2024-05-16 00:00:00,4.451725264516129,0.8718624736113996
2024,6,2024-06-01,26.925,-80.85,-1.1051781999999999,0.8312001566666667,1.3860905387841667,10.204333333333333,10.505517241379309,9.019,9.974333333333334,9.915249999999999,2024-06-15 12:00:00,4.432513359999999,1.3860905387841667
2024,7,2024-07-01,26.925,-80.85,-0.9261824216666668,0.8188088783333333,1.2376676583336805,8.05258064516129,8.195806451612903,6.703548387096775,7.940322580645161,7.723064516129032,2024-07-16 00:00:00,3.4525187612903223,1.2376676583336805
2024,8,2024-08-01,26.925,-80.85,-0.7764681033333334,1.008699175,1.274060993255556,10.281612903225808,10.312903225806451,9.11741935483871,10.782903225806452,10.123709677419354,2024-08-16 00:00:00,4.525703174193548,1.274060993255556
2024,9,2024-09-01,26.925,-80.85,-0.9887882916666667,0.9250446583333334,1.3553325179595797,9.365666666666668,9.193000000000001,8.536,9.324666666666667,9.104833333333334,2024-09-15 12:00:00,4.0702246933333335,1.3553325179595797
2024,10,2024-10-01,26.925,-80.85,-2.1013717666666665,-1.7683359833333334,2.747037617286939,11.73967741935484,12.330645161290322,13.502258064516129,13.246451612903225,12.70475806451613,2024-10-16 00:00:00,5.67953504516129,2.747037617286939
2024,11,2024-11-01,26.925,-80.85,-1.9039243333333333,-1.0052512416666666,2.1542253949415264,10.113333333333333,10.435,11.331999999999999,11.371,10.812833333333334,2024-11-15 12:00:00,4.833769013333334,2.1542253949415264
