time,lat,lon,fdir
1990-01-01,27.05,-81.1,8324907.0
1990-01-01,26.8,-81.1,8441555.0
1990-01-01,27.05,-80.85,8153051.0
1990-01-01,26.8,-80.85,8253331.0
1990-01-01,27.05,-80.6,8064331.0
1990-01-01,26.8,-80.6,8156707.0
1990-02-01,27.05,-81.1,10723375.0
1990-02-01,26.8,-81.1,10846663.0
1990-02-01,27.05,-80.85,10561143.0
1990-02-01,26.8,-80.85,10666559.0
1990-02-01,27.05,-80.6,10325599.0
1990-02-01,26.8,-80.6,10409655.0
1990-03-01,27.05,-81.1,13859170.0
1990-03-01,26.8,-81.1,13686114.0
1990-03-01,27.05,-80.85,13509634.0
1990-03-01,26.8,-80.85,13294338.0
1990-03-01,27.05,-80.6,13061602.0
1990-03-01,26.8,-80.6,12737122.0
1990-04-01,27.05,-81.1,15749761.0
1990-04-01,26.8,-81.1,15912337.0
1990-04-01,27.05,-80.85,15559697.0
1990-04-01,26.8,-80.85,15656785.0
1990-04-01,27.05,-80.6,15444369.0
1990-04-01,26.8,-80.6,15317793.0
1990-05-01,27.05,-81.1,14525613.0
1990-05-01,26.8,-81.1,14372581.0
1990-05-01,27.05,-80.85,14629605.0
1990-05-01,26.8,-80.85,14425517.0
1990-05-01,27.05,-80.6,14725733.0
1990-05-01,26.8,-80.6,14365229.0
1990-06-01,27.05,-81.1,16173337.0
1990-06-01,26.8,-81.1,15945049.0
1990-06-01,27.05,-80.85,16269553.0
1990-06-01,26.8,-80.85,15994377.0
1990-06-01,27.05,-80.6,16331689.0
1990-06-01,26.8,-80.6,16046377.0
1990-07-01,27.05,-81.1,14953362.0
1990-07-01,26.8,-81.1,15026170.0
1990-07-01,27.05,-80.85,15226338.0
1990-07-01,26.8,-80.85,15247850.0
1990-07-01,27.05,-80.6,15415066.0
1990-07-01,26.8,-80.6,15290834.0
1990-08-01,27.05,-81.1,14828981.0
1990-08-01,26.8,-81.1,14617765.0
1990-08-01,27.05,-80.85,14800325.0
1990-08-01,26.8,-80.85,14522501.0
1990-08-01,27.05,-80.6,14541349.0
1990-08-01,26.8,-80.6,14074901.0
1990-09-01,27.05,-81.1,13302972.0
1990-09-01,26.8,-81.1,13279828.0
1990-09-01,27.05,-80.85,13424772.0
1990-09-01,26.8,-80.85,13335644.0
1990-09-01,27.05,-80.6,13518532.0
1990-09-01,26.8,-80.6,13178220.0
1990-10-01,27.05,-81.1,11428423.0
1990-10-01,26.8,-81.1,11284119.0
1990-10-01,27.05,-80.85,11315831.0
1990-10-01,26.8,-80.85,11145095.0
1990-10-01,27.05,-80.6,11047591.0
1990-10-01,26.8,-80.6,10851239.0
1990-11-01,27.05,-81.1,9451266.0
1990-11-01,26.8,-81.1,9532850.0
1990-11-01,27.05,-80.85,9360786.0
1990-11-01,26.8,-80.85,9406826.0
1990-11-01,27.05,-80.6,9204714.0
1990-11-01,26.8,-80.6,9162914.0
1990-12-01,27.05,-81.1,8186738.0
1990-12-01,26.8,-81.1,8374674.0
1990-12-01,27.05,-80.85,7906898.0
1990-12-01,26.8,-80.85,8044562.0
1990-12-01,27.05,-80.6,7573474.0
1990-12-01,26.8,-80.6,7542722.0
1991-01-01,27.05,-81.1,8589020.0
1991-01-01,26.8,-81.1,8831616.0
1991-01-01,27.05,-80.85,8633240.0
1991-01-01,26.8,-80.85,8844812.0
1991-01-01,27.05,-80.6,8615888.0
1991-01-01,26.8,-80.6,8740516.0
1991-02-01,27.05,-81.1,10889430.0
1991-02-01,26.8,-81.1,11098134.0
1991-02-01,27.05,-80.85,10643158.0
1991-02-01,26.8,-80.85,10803766.0
1991-02-01,27.05,-80.6,10444886.0
1991-02-01,26.8,-80.6,10436934.0
1991-03-01,27.05,-81.1,12950386.0
1991-03-01,26.8,-81.1,13438178.0
1991-03-01,27.05,-80.85,12976586.0
1991-03-01,26.8,-80.85,13383298.0
1991-03-01,27.05,-80.6,13128034.0
1991-03-01,26.8,-80.6,13214818.0
1991-04-01,27.05,-81.1,15273545.0
1991-04-01,26.8,-81.1,15405001.0
1991-04-01,27.05,-80.85,15139569.0
1991-04-01,26.8,-80.85,15239737.0
1991-04-01,27.05,-80.6,15023017.0
1991-04-01,26.8,-80.6,15062977.0
1991-05-01,27.05,-81.1,14954759.0
1991-05-01,26.8,-81.1,14842351.0
1991-05-01,27.05,-80.85,14956295.0
1991-05-01,26.8,-80.85,14792263.0
1991-05-01,27.05,-80.6,14802391.0
1991-05-01,26.8,-80.6,14481103.0
1991-06-01,27.05,-81.1,15277122.0
1991-06-01,26.8,-81.1,15050402.0
1991-06-01,27.05,-80.85,15247858.0
1991-06-01,26.8,-80.85,14965378.0
1991-06-01,27.05,-80.6,14896802.0
1991-06-01,26.8,-80.6,14559026.0
1991-07-01,27.05,-81.1,14320898.0
1991-07-01,26.8,-81.1,14036466.0
1991-07-01,27.05,-80.85,14677714.0
1991-07-01,26.8,-80.85,14330162.0
1991-07-01,27.05,-80.6,14858338.0
1991-07-01,26.8,-80.6,14353090.0
1991-08-01,27.05,-81.1,15402964.0
1991-08-01,26.8,-81.1,15227244.0
1991-08-01,27.05,-80.85,15653532.0
1991-08-01,26.8,-80.85,15410484.0
1991-08-01,27.05,-80.6,15705396.0
1991-08-01,26.8,-80.6,15349692.0
1991-09-01,27.05,-81.1,12475865.0
1991-09-01,26.8,-81.1,12526745.0
1991-09-01,27.05,-80.85,12351713.0
1991-09-01,26.8,-80.85,12340985.0
1991-09-01,27.05,-80.6,12276737.0
1991-09-01,26.8,-80.6,12028185.0
1991-10-01,27.05,-81.1,9295972.0
1991-10-01,26.8,-81.1,9169924.0
1991-10-01,27.05,-80.85,9144388.0
1991-10-01,26.8,-80.85,8994420.0
1991-10-01,27.05,-80.6,8961292.0
1991-10-01,26.8,-80.6,8777428.0
1991-11-01,27.05,-81.1,7831746.0
1991-11-01,26.8,-81.1,7715634.0
1991-11-01,27.05,-80.85,7648018.0
1991-11-01,26.8,-80.85,7511042.0
1991-11-01,27.05,-80.6,7408370.0
1991-11-01,26.8,-80.6,7202754.0
1991-12-01,27.05,-81.1,7136684.0
1991-12-01,26.8,-81.1,7181148.0
1991-12-01,27.05,-80.85,6883452.0
1991-12-01,26.8,-80.85,6910076.0
1991-12-01,27.05,-80.6,6555276.0
1991-12-01,26.8,-80.6,6527788.0
1992-01-01,27.05,-81.1,7467245.0
1992-01-01,26.8,-81.1,7499475.0
1992-01-01,27.05,-80.85,7530705.0
1992-01-01,26.8,-80.85,7541453.0
1992-01-01,27.05,-80.6,7559803.0
1992-01-01,26.8,-80.6,7540839.0
1992-02-01,27.05,-81.1,9073008.0
1992-02-01,26.8,-81.1,9211824.0
1992-02-01,27.05,-80.85,9070860.0
1992-02-01,26.8,-80.85,9188556.0
1992-02-01,27.05,-80.6,9036920.0
1992-02-01,26.8,-80.6,9100224.0
1992-03-01,27.05,-81.1,12233602.0
1992-03-01,26.8,-81.1,12441946.0
1992-03-01,27.05,-80.85,12107506.0
1992-03-01,26.8,-80.85,12250626.0
1992-03-01,27.05,-80.6,12029586.0
1992-03-01,26.8,-80.6,11952674.0
1992-04-01,27.05,-81.1,14277605.0
1992-04-01,26.8,-81.1,14303405.0
1992-04-01,27.05,-80.85,14275149.0
1992-04-01,26.8,-80.85,14274105.0
1992-04-01,27.05,-80.6,14175525.0
1992-04-01,26.8,-80.6,14117809.0
1992-05-01,27.05,-81.1,18097384.0
1992-05-01,26.8,-81.1,18172160.0
1992-05-01,27.05,-80.85,18342728.0
1992-05-01,26.8,-80.85,18369640.0
1992-05-01,27.05,-80.6,18546552.0
1992-05-01,26.8,-80.6,18459096.0
1992-06-01,27.05,-81.1,10397002.0
1992-06-01,26.8,-81.1,10127706.0
1992-06-01,27.05,-80.85,10505298.0
1992-06-01,26.8,-80.85,10197322.0
1992-06-01,27.05,-80.6,10600770.0
1992-06-01,26.8,-80.6,10266410.0
1992-07-01,27.05,-81.1,17659904.0
1992-07-01,26.8,-81.1,17345168.0
1992-07-01,27.05,-80.85,17851408.0
1992-07-01,26.8,-80.85,17502720.0
1992-07-01,27.05,-80.6,17911072.0
1992-07-01,26.8,-80.6,17524928.0
1992-08-01,27.05,-81.1,12554363.0
1992-08-01,26.8,-81.1,12459715.0
1992-08-01,27.05,-80.85,12622427.0
1992-08-01,26.8,-80.85,12460427.0
1992-08-01,27.05,-80.6,12506163.0
1992-08-01,26.8,-80.6,12146603.0
1992-09-01,27.05,-81.1,11188782.0
1992-09-01,26.8,-81.1,11325110.0
1992-09-01,27.05,-80.85,11169950.0
1992-09-01,26.8,-80.85,11248982.0
1992-09-01,27.05,-80.6,11079294.0
1992-09-01,26.8,-80.6,10968014.0
1992-10-01,27.05,-81.1,10098007.0
1992-10-01,26.8,-81.1,10020519.0
1992-10-01,27.05,-80.85,10147443.0
1992-10-01,26.8,-80.85,10040583.0
1992-10-01,27.05,-80.6,10162795.0
1992-10-01,26.8,-80.6,10006599.0
1992-11-01,27.05,-81.1,7285104.0
1992-11-01,26.8,-81.1,7411128.0
1992-11-01,27.05,-80.85,7199536.0
1992-11-01,26.8,-80.85,7320160.0
1992-11-01,27.05,-80.6,7044512.0
1992-11-01,26.8,-80.6,7211360.0
1992-12-01,27.05,-81.1,7792277.0
1992-12-01,26.8,-81.1,7878069.0
1992-12-01,27.05,-80.85,7666997.0
1992-12-01,26.8,-80.85,7749301.0
1992-12-01,27.05,-80.6,7490981.0
1992-12-01,26.8,-80.6,7603445.0
1993-01-01,27.05,-81.1,6921348.0
1993-01-01,26.8,-81.1,6978908.0
1993-01-01,27.05,-80.85,6795252.0
1993-01-01,26.8,-80.85,6819588.0
1993-01-01,27.05,-80.6,6602308.0
1993-01-01,26.8,-80.6,6567484.0
1993-02-01,27.05,-81.1,10762881.0
1993-02-01,26.8,-81.1,10862961.0
1993-02-01,27.05,-80.85,10540769.0
1993-02-01,26.8,-80.85,10633585.0
1993-02-01,27.05,-80.6,10182209.0
1993-02-01,26.8,-80.6,10316705.0
1993-03-01,27.05,-81.1,12407552.0
1993-03-01,26.8,-81.1,12551368.0
1993-03-01,27.05,-80.85,12430480.0
1993-03-01,26.8,-80.85,12535260.0
1993-03-01,27.05,-80.6,12456348.0
1993-03-01,26.8,-80.6,12408852.0
1993-04-01,27.05,-81.1,16948904.0
1993-04-01,26.8,-81.1,17243544.0
1993-04-01,27.05,-80.85,16697815.0
1993-04-01,26.8,-80.85,16955768.0
1993-04-01,27.05,-80.6,16434679.0
1993-04-01,26.8,-80.6,16522087.0
1993-05-01,27.05,-81.1,15284472.0
1993-05-01,26.8,-81.1,15523672.0
1993-05-01,27.05,-80.85,14899704.0
1993-05-01,26.8,-80.85,15051160.0
1993-05-01,27.05,-80.6,14632120.0
1993-05-01,26.8,-80.6,14430776.0
1993-06-01,27.05,-81.1,16724286.0
1993-06-01,26.8,-81.1,16433246.0
1993-06-01,27.05,-80.85,16651822.0
1993-06-01,26.8,-80.85,16314814.0
1993-06-01,27.05,-80.6,16445822.0
1993-06-01,26.8,-80.6,16049918.0
1993-07-01,27.05,-81.1,16636029.0
1993-07-01,26.8,-81.1,16344485.0
1993-07-01,27.05,-80.85,16813108.0
1993-07-01,26.8,-80.85,16471525.0
1993-07-01,27.05,-80.6,16763037.0
1993-07-01,26.8,-80.6,16323925.0
1993-08-01,27.05,-81.1,14637680.0
1993-08-01,26.8,-81.1,14360824.0
1993-08-01,27.05,-80.85,14849456.0
1993-08-01,26.8,-80.85,14539888.0
1993-08-01,27.05,-80.6,14877384.0
1993-08-01,26.8,-80.6,14534464.0
1993-09-01,27.05,-81.1,12167904.0
1993-09-01,26.8,-81.1,12137912.0
1993-09-01,27.05,-80.85,12150296.0
1993-09-01,26.8,-80.85,12064528.0
1993-09-01,27.05,-80.6,12096144.0
1993-09-01,26.8,-80.6,11840168.0
1993-10-01,27.05,-81.1,8212226.0
1993-10-01,26.8,-81.1,8222294.0
1993-10-01,27.05,-80.85,8215402.0
1993-10-01,26.8,-80.85,8196978.0
1993-10-01,27.05,-80.6,8172546.0
1993-10-01,26.8,-80.6,8084490.0
1993-11-01,27.05,-81.1,7961372.0
1993-11-01,26.8,-81.1,8165724.0
1993-11-01,27.05,-80.85,7880924.0
1993-11-01,26.8,-80.85,8054764.0
1993-11-01,27.05,-80.6,7698428.0
1993-11-01,26.8,-80.6,7816692.0
1993-12-01,27.05,-81.1,8488253.0
1993-12-01,26.8,-81.1,8608221.0
1993-12-01,27.05,-80.85,8288157.0
1993-12-01,26.8,-80.85,8377597.0
1993-12-01,27.05,-80.6,8050957.0
1993-12-01,26.8,-80.6,8012605.0
1994-01-01,27.05,-81.1,6350512.0
1994-01-01,26.8,-81.1,6463504.0
1994-01-01,27.05,-80.85,6022672.0
1994-01-01,26.8,-80.85,6122864.0
1994-01-01,27.05,-80.6,5712560.0
1994-01-01,26.8,-80.6,5800544.0
1994-02-01,27.05,-81.1,8867249.0
1994-02-01,26.8,-81.1,8785089.0
1994-02-01,27.05,-80.85,8817097.0
1994-02-01,26.8,-80.85,8686505.0
1994-02-01,27.05,-80.6,8777297.0
1994-02-01,26.8,-80.6,8494081.0
1994-03-01,27.05,-81.1,13251797.0
1994-03-01,26.8,-81.1,13223909.0
1994-03-01,27.05,-80.85,13131733.0
1994-03-01,26.8,-80.85,13060357.0
1994-03-01,27.05,-80.6,13070541.0
1994-03-01,26.8,-80.6,12890245.0
1994-04-01,27.05,-81.1,14469789.0
1994-04-01,26.8,-81.1,14436349.0
1994-04-01,27.05,-80.85,14520661.0
1994-04-01,26.8,-80.85,14444349.0
1994-04-01,27.05,-80.6,14404309.0
1994-04-01,26.8,-80.6,14223773.0
1994-05-01,27.05,-81.1,16264162.0
1994-05-01,26.8,-81.1,16200186.0
1994-05-01,27.05,-80.85,16334682.0
1994-05-01,26.8,-80.85,16194482.0
1994-05-01,27.05,-80.6,16437258.0
1994-05-01,26.8,-80.6,16120682.0
1994-06-01,27.05,-81.1,13310827.0
1994-06-01,26.8,-81.1,13484419.0
1994-06-01,27.05,-80.85,13407143.0
1994-06-01,26.8,-80.85,13516251.0
1994-06-01,27.05,-80.6,13450715.0
1994-06-01,26.8,-80.6,13361491.0
1994-07-01,27.05,-81.1,14721319.0
1994-07-01,26.8,-81.1,14619783.0
1994-07-01,27.05,-80.85,15017111.0
1994-07-01,26.8,-80.85,14856327.0
1994-07-01,27.05,-80.6,15228839.0
1994-07-01,26.8,-80.6,14861239.0
1994-08-01,27.05,-81.1,12832791.0
1994-08-01,26.8,-81.1,12698679.0
1994-08-01,27.05,-80.85,12855623.0
1994-08-01,26.8,-80.85,12678215.0
1994-08-01,27.05,-80.6,12594615.0
1994-08-01,26.8,-80.6,12318135.0
1994-09-01,27.05,-81.1,8863660.0
1994-09-01,26.8,-81.1,8838252.0
1994-09-01,27.05,-80.85,8853524.0
1994-09-01,26.8,-80.85,8773380.0
1994-09-01,27.05,-80.6,8794124.0
1994-09-01,26.8,-80.6,8539396.0
1994-10-01,27.05,-81.1,10130682.0
1994-10-01,26.8,-81.1,10401386.0
1994-10-01,27.05,-80.85,10292506.0
1994-10-01,26.8,-80.85,10513226.0
1994-10-01,27.05,-80.6,10406178.0
1994-10-01,26.8,-80.6,10496642.0
1994-11-01,27.05,-81.1,8104248.0
1994-11-01,26.8,-81.1,8212752.0
1994-11-01,27.05,-80.85,7928920.0
1994-11-01,26.8,-80.85,8013584.0
1994-11-01,27.05,-80.6,7792224.0
1994-11-01,26.8,-80.6,7802736.0
1994-12-01,27.05,-81.1,6678520.0
1994-12-01,26.8,-81.1,6582100.0
1994-12-01,27.05,-80.85,6619256.0
1994-12-01,26.8,-80.85,6501332.0
1994-12-01,27.05,-80.6,6626100.0
1994-12-01,26.8,-80.6,6508908.0
1995-01-01,27.05,-81.1,9137904.0
1995-01-01,26.8,-81.1,9182740.0
1995-01-01,27.05,-80.85,9096652.0
1995-01-01,26.8,-80.85,9134788.0
1995-01-01,27.05,-80.6,8963276.0
1995-01-01,26.8,-80.6,9035604.0
1995-02-01,27.05,-81.1,11384999.0
1995-02-01,26.8,-81.1,11360223.0
1995-02-01,27.05,-80.85,11315303.0
1995-02-01,26.8,-80.85,11285143.0
1995-02-01,27.05,-80.6,11064903.0
1995-02-01,26.8,-80.6,11094967.0
1995-03-01,27.05,-81.1,12191596.0
1995-03-01,26.8,-81.1,12383628.0
1995-03-01,27.05,-80.85,12073988.0
1995-03-01,26.8,-80.85,12228204.0
1995-03-01,27.05,-80.6,11963572.0
1995-03-01,26.8,-80.6,12003740.0
1995-04-01,27.05,-81.1,13928916.0
1995-04-01,26.8,-81.1,14199188.0
1995-04-01,27.05,-80.85,13780500.0
1995-04-01,26.8,-80.85,13992212.0
1995-04-01,27.05,-80.6,13630244.0
1995-04-01,26.8,-80.6,13636740.0
1995-05-01,27.05,-81.1,17575728.0
1995-05-01,26.8,-81.1,17254192.0
1995-05-01,27.05,-80.85,17571008.0
1995-05-01,26.8,-80.85,17203872.0
1995-05-01,27.05,-80.6,17432336.0
1995-05-01,26.8,-80.6,17039488.0
1995-06-01,27.05,-81.1,12305499.0
1995-06-01,26.8,-81.1,12266035.0
1995-06-01,27.05,-80.85,12170595.0
1995-06-01,26.8,-80.85,12061291.0
1995-06-01,27.05,-80.6,12122771.0
1995-06-01,26.8,-80.6,11800187.0
1995-07-01,27.05,-81.1,13917666.0
1995-07-01,26.8,-81.1,13714642.0
1995-07-01,27.05,-80.85,14046626.0
1995-07-01,26.8,-80.85,13801082.0
1995-07-01,27.05,-80.6,14187530.0
1995-07-01,26.8,-80.6,13815002.0
1995-08-01,27.05,-81.1,12680664.0
1995-08-01,26.8,-81.1,12713544.0
1995-08-01,27.05,-80.85,13018328.0
1995-08-01,26.8,-80.85,13004680.0
1995-08-01,27.05,-80.6,13261368.0
1995-08-01,26.8,-80.6,13102232.0
1995-09-01,27.05,-81.1,10989757.0
1995-09-01,26.8,-81.1,10793413.0
1995-09-01,27.05,-80.85,11189549.0
1995-09-01,26.8,-80.85,10950453.0
1995-09-01,27.05,-80.6,11302989.0
1995-09-01,26.8,-80.6,10954853.0
1995-10-01,27.05,-81.1,7688685.0
1995-10-01,26.8,-81.1,7786069.0
1995-10-01,27.05,-80.85,7595029.0
1995-10-01,26.8,-80.85,7673909.0
1995-10-01,27.05,-80.6,7399293.0
1995-10-01,26.8,-80.6,7418125.0
1995-11-01,27.05,-81.1,8904652.0
1995-11-01,26.8,-81.1,8977836.0
1995-11-01,27.05,-80.85,8430668.0
1995-11-01,26.8,-80.85,8491020.0
1995-11-01,27.05,-80.6,7897516.0
1995-11-01,26.8,-80.6,7960940.0
1995-12-01,27.05,-81.1,6987569.0
1995-12-01,26.8,-81.1,7011773.0
1995-12-01,27.05,-80.85,6917557.0
1995-12-01,26.8,-80.85,6940257.0
1995-12-01,27.05,-80.6,6834993.0
1995-12-01,26.8,-80.6,6903409.0
1996-01-01,27.05,-81.1,7253614.0
1996-01-01,26.8,-81.1,7319394.0
1996-01-01,27.05,-80.85,7178486.0
1996-01-01,26.8,-80.85,7245726.0
1996-01-01,27.05,-80.6,7119886.0
1996-01-01,26.8,-80.6,7229454.0
1996-02-01,27.05,-81.1,12489974.0
1996-02-01,26.8,-81.1,12622478.0
1996-02-01,27.05,-80.85,12466742.0
1996-02-01,26.8,-80.85,12568774.0
1996-02-01,27.05,-80.6,12391938.0
1996-02-01,26.8,-80.6,12408590.0
1996-03-01,27.05,-81.1,12803908.0
1996-03-01,26.8,-81.1,12932212.0
1996-03-01,27.05,-80.85,12582708.0
1996-03-01,26.8,-80.85,12667876.0
1996-03-01,27.05,-80.6,12392004.0
1996-03-01,26.8,-80.6,12330916.0
1996-04-01,27.05,-81.1,16352847.0
1996-04-01,26.8,-81.1,16175903.0
1996-04-01,27.05,-80.85,16333503.0
1996-04-01,26.8,-80.85,16120551.0
1996-04-01,27.05,-80.6,16313911.0
1996-04-01,26.8,-80.6,16025567.0
1996-05-01,27.05,-81.1,15353833.0
1996-05-01,26.8,-81.1,15099369.0
1996-05-01,27.05,-80.85,15575337.0
1996-05-01,26.8,-80.85,15264681.0
1996-05-01,27.05,-80.6,15732649.0
1996-05-01,26.8,-80.6,15311769.0
1996-06-01,27.05,-81.1,13882958.0
1996-06-01,26.8,-81.1,13581326.0
1996-06-01,27.05,-80.85,13865246.0
1996-06-01,26.8,-80.85,13484462.0
1996-06-01,27.05,-80.6,13780942.0
1996-06-01,26.8,-80.6,13198590.0
1996-07-01,27.05,-81.1,16680020.0
1996-07-01,26.8,-81.1,16496036.0
1996-07-01,27.05,-80.85,16873476.0
1996-07-01,26.8,-80.85,16612564.0
1996-07-01,27.05,-80.6,17048676.0
1996-07-01,26.8,-80.6,16583092.0
1996-08-01,27.05,-81.1,14017272.0
1996-08-01,26.8,-81.1,13895576.0
1996-08-01,27.05,-80.85,14081248.0
1996-08-01,26.8,-80.85,13882024.0
1996-08-01,27.05,-80.6,13921960.0
1996-08-01,26.8,-80.6,13566160.0
1996-09-01,27.05,-81.1,13315972.0
1996-09-01,26.8,-81.1,13384276.0
1996-09-01,27.05,-80.85,13306348.0
1996-09-01,26.8,-80.85,13311300.0
1996-09-01,27.05,-80.6,13281380.0
1996-09-01,26.8,-80.6,13098812.0
1996-10-01,27.05,-81.1,9099462.0
1996-10-01,26.8,-81.1,8944022.0
1996-10-01,27.05,-80.85,8999366.0
1996-10-01,26.8,-80.85,8794006.0
1996-10-01,27.05,-80.6,8886838.0
1996-10-01,26.8,-80.6,8554598.0
1996-11-01,27.05,-81.1,8729650.0
1996-11-01,26.8,-81.1,8743666.0
1996-11-01,27.05,-80.85,8141522.0
1996-11-01,26.8,-80.85,8140978.0
1996-11-01,27.05,-80.6,7493138.0
1996-11-01,26.8,-80.6,7516914.0
1996-12-01,27.05,-81.1,7859816.0
1996-12-01,26.8,-81.1,7844072.0
1996-12-01,27.05,-80.85,7705056.0
1996-12-01,26.8,-80.85,7664168.0
1996-12-01,27.05,-80.6,7507520.0
1996-12-01,26.8,-80.6,7402752.0
1997-01-01,27.05,-81.1,9520134.0
1997-01-01,26.8,-81.1,9389774.0
1997-01-01,27.05,-80.85,9448278.0
1997-01-01,26.8,-80.85,9292222.0
1997-01-01,27.05,-80.6,9316630.0
1997-01-01,26.8,-80.6,9149230.0
1997-02-01,27.05,-81.1,9809989.0
1997-02-01,26.8,-81.1,9969597.0
1997-02-01,27.05,-80.85,9793921.0
1997-02-01,26.8,-80.85,9919685.0
1997-02-01,27.05,-80.6,9758749.0
1997-02-01,26.8,-80.6,9815897.0
1997-03-01,27.05,-81.1,12799296.0
1997-03-01,26.8,-81.1,12679488.0
1997-03-01,27.05,-80.85,12598176.0
1997-03-01,26.8,-80.85,12426000.0
1997-03-01,27.05,-80.6,12398640.0
1997-03-01,26.8,-80.6,12098672.0
1997-04-01,27.05,-81.1,13624374.0
1997-04-01,26.8,-81.1,13723910.0
1997-04-01,27.05,-80.85,13526310.0
1997-04-01,26.8,-80.85,13542006.0
1997-04-01,27.05,-80.6,13438854.0
1997-04-01,26.8,-80.6,13182950.0
1997-05-01,27.05,-81.1,15902851.0
1997-05-01,26.8,-81.1,15899299.0
1997-05-01,27.05,-80.85,15761907.0
1997-05-01,26.8,-80.85,15677443.0
1997-05-01,27.05,-80.6,15676307.0
1997-05-01,26.8,-80.6,15360035.0
1997-06-01,27.05,-81.1,14840465.0
1997-06-01,26.8,-81.1,14522977.0
1997-06-01,27.05,-80.85,14846305.0
1997-06-01,26.8,-80.85,14470193.0
1997-06-01,27.05,-80.6,14807809.0
1997-06-01,26.8,-80.6,14262417.0
1997-07-01,27.05,-81.1,16060133.0
1997-07-01,26.8,-81.1,15819845.0
1997-07-01,27.05,-80.85,16052245.0
1997-07-01,26.8,-80.85,15761045.0
1997-07-01,27.05,-80.6,15818885.0
1997-07-01,26.8,-80.6,15409861.0
1997-08-01,27.05,-81.1,13175739.0
1997-08-01,26.8,-81.1,13146411.0
1997-08-01,27.05,-80.85,13324151.0
1997-08-01,26.8,-80.85,13249471.0
1997-08-01,27.05,-80.6,13331175.0
1997-08-01,26.8,-80.6,13130739.0
1997-09-01,27.05,-81.1,11066186.0
1997-09-01,26.8,-81.1,10612922.0
1997-09-01,27.05,-80.85,10898842.0
1997-09-01,26.8,-80.85,10411802.0
1997-09-01,27.05,-80.6,10694186.0
1997-09-01,26.8,-80.6,10126746.0
1997-10-01,27.05,-81.1,12006383.0
1997-10-01,26.8,-81.1,12148239.0
1997-10-01,27.05,-80.85,11952239.0
1997-10-01,26.8,-80.85,12037983.0
1997-10-01,27.05,-80.6,11833527.0
1997-10-01,26.8,-80.6,11726623.0
1997-11-01,27.05,-81.1,7071328.0
1997-11-01,26.8,-81.1,7068894.0
1997-11-01,27.05,-80.85,7037754.0
1997-11-01,26.8,-80.85,7014888.0
1997-11-01,27.05,-80.6,7021958.0
1997-11-01,26.8,-80.6,6940988.0
1997-12-01,27.05,-81.1,7604494.0
1997-12-01,26.8,-81.1,7733874.0
1997-12-01,27.05,-80.85,7627626.0
1997-12-01,26.8,-80.85,7751082.0
1997-12-01,27.05,-80.6,7606302.0
1997-12-01,26.8,-80.6,7722834.0
1998-01-01,27.05,-81.1,7106656.0
1998-01-01,26.8,-81.1,7079642.0
1998-01-01,27.05,-80.85,7084444.0
1998-01-01,26.8,-80.85,7046538.0
1998-01-01,27.05,-80.6,7059336.0
1998-01-01,26.8,-80.6,7021972.0
1998-02-01,27.05,-81.1,10247968.0
1998-02-01,26.8,-81.1,10134952.0
1998-02-01,27.05,-80.85,10159224.0
1998-02-01,26.8,-80.85,10025208.0
1998-02-01,27.05,-80.6,10101304.0
1998-02-01,26.8,-80.6,9931656.0
1998-03-01,27.05,-81.1,13373583.0
1998-03-01,26.8,-81.1,13172655.0
1998-03-01,27.05,-80.85,13024943.0
1998-03-01,26.8,-80.85,12764783.0
1998-03-01,27.05,-80.6,12595951.0
1998-03-01,26.8,-80.6,12207663.0
1998-04-01,27.05,-81.1,16879540.0
1998-04-01,26.8,-81.1,17097748.0
1998-04-01,27.05,-80.85,16633989.0
1998-04-01,26.8,-80.85,16788836.0
1998-04-01,27.05,-80.6,16408053.0
1998-04-01,26.8,-80.6,16370101.0
1998-05-01,27.05,-81.1,17890696.0
1998-05-01,26.8,-81.1,17888944.0
1998-05-01,27.05,-80.85,18065720.0
1998-05-01,26.8,-80.85,18019208.0
1998-05-01,27.05,-80.6,18201024.0
1998-05-01,26.8,-80.6,18060456.0
1998-06-01,27.05,-81.1,18467504.0
1998-06-01,26.8,-81.1,18241840.0
1998-06-01,27.05,-80.85,18676816.0
1998-06-01,26.8,-80.85,18403968.0
1998-06-01,27.05,-80.6,18879408.0
1998-06-01,26.8,-80.6,18499168.0
1998-07-01,27.05,-81.1,15951201.0
1998-07-01,26.8,-81.1,15855073.0
1998-07-01,27.05,-80.85,16139017.0
1998-07-01,26.8,-80.85,15991937.0
1998-07-01,27.05,-80.6,16219153.0
1998-07-01,26.8,-80.6,15924993.0
1998-08-01,27.05,-81.1,15429466.0
1998-08-01,26.8,-81.1,15327642.0
1998-08-01,27.05,-80.85,15472762.0
1998-08-01,26.8,-80.85,15315234.0
1998-08-01,27.05,-80.6,15377914.0
1998-08-01,26.8,-80.6,15081970.0
1998-09-01,27.05,-81.1,9477839.0
1998-09-01,26.8,-81.1,9478975.0
1998-09-01,27.05,-80.85,9691247.0
1998-09-01,26.8,-80.85,9655575.0
1998-09-01,27.05,-80.6,9845471.0
1998-09-01,26.8,-80.6,9735615.0
1998-10-01,27.05,-81.1,11719487.0
1998-10-01,26.8,-81.1,11985647.0
1998-10-01,27.05,-80.85,11746615.0
1998-10-01,26.8,-80.85,11954167.0
1998-10-01,27.05,-80.6,11755575.0
1998-10-01,26.8,-80.6,11768799.0
1998-11-01,27.05,-81.1,9482199.0
1998-11-01,26.8,-81.1,9521767.0
1998-11-01,27.05,-80.85,9272359.0
1998-11-01,26.8,-80.85,9285239.0
1998-11-01,27.05,-80.6,8895639.0
1998-11-01,26.8,-80.6,8836615.0
1998-12-01,27.05,-81.1,8654391.0
1998-12-01,26.8,-81.1,8685791.0
1998-12-01,27.05,-80.85,8580591.0
1998-12-01,26.8,-80.85,8582607.0
1998-12-01,27.05,-80.6,8472367.0
1998-12-01,26.8,-80.6,8410959.0
1999-01-01,27.05,-81.1,9114099.0
1999-01-01,26.8,-81.1,9053635.0
1999-01-01,27.05,-80.85,8812771.0
1999-01-01,26.8,-80.85,8733907.0
1999-01-01,27.05,-80.6,8406867.0
1999-01-01,26.8,-80.6,8311075.0
1999-02-01,27.05,-81.1,12389001.0
1999-02-01,26.8,-81.1,12438793.0
1999-02-01,27.05,-80.85,12187769.0
1999-02-01,26.8,-80.85,12191257.0
1999-02-01,27.05,-80.6,11881833.0
1999-02-01,26.8,-80.6,11791353.0
1999-03-01,27.05,-81.1,16322160.0
1999-03-01,26.8,-81.1,16486688.0
1999-03-01,27.05,-80.85,16056848.0
1999-03-01,26.8,-80.85,16180880.0
1999-03-01,27.05,-80.6,15766176.0
1999-03-01,26.8,-80.6,15733888.0
1999-04-01,27.05,-81.1,18399448.0
1999-04-01,26.8,-81.1,18362688.0
1999-04-01,27.05,-80.85,18365876.0
1999-04-01,26.8,-80.85,18288484.0
1999-04-01,27.05,-80.6,18371356.0
1999-04-01,26.8,-80.6,18179376.0
1999-05-01,27.05,-81.1,18278384.0
1999-05-01,26.8,-81.1,18371704.0
1999-05-01,27.05,-80.85,18192720.0
1999-05-01,26.8,-80.85,18224872.0
1999-05-01,27.05,-80.6,18013576.0
1999-05-01,26.8,-80.6,17898664.0
1999-06-01,27.05,-81.1,11080762.0
1999-06-01,26.8,-81.1,11045474.0
1999-06-01,27.05,-80.85,11118426.0
1999-06-01,26.8,-80.85,11020274.0
1999-06-01,27.05,-80.6,10936498.0
1999-06-01,26.8,-80.6,10663874.0
1999-07-01,27.05,-81.1,16617483.0
1999-07-01,26.8,-81.1,16537323.0
1999-07-01,27.05,-80.85,16635707.0
1999-07-01,26.8,-80.85,16475619.0
1999-07-01,27.05,-80.6,16662395.0
1999-07-01,26.8,-80.6,16203459.0
1999-08-01,27.05,-81.1,14273032.0
1999-08-01,26.8,-81.1,13985208.0
1999-08-01,27.05,-80.85,14521048.0
1999-08-01,26.8,-80.85,14168056.0
1999-08-01,27.05,-80.6,14574472.0
1999-08-01,26.8,-80.6,14096712.0
1999-09-01,27.05,-81.1,10582803.0
1999-09-01,26.8,-81.1,10549751.0
1999-09-01,27.05,-80.85,10656603.0
1999-09-01,26.8,-80.85,10574303.0
1999-09-01,27.05,-80.6,10789319.0
1999-09-01,26.8,-80.6,10560891.0
1999-10-01,27.05,-81.1,9870801.0
1999-10-01,26.8,-81.1,9911025.0
1999-10-01,27.05,-80.85,9690553.0
1999-10-01,26.8,-80.85,9696177.0
1999-10-01,27.05,-80.6,9485625.0
1999-10-01,26.8,-80.6,9415009.0
1999-11-01,27.05,-81.1,9854602.0
1999-11-01,26.8,-81.1,10045946.0
1999-11-01,27.05,-80.85,9498618.0
1999-11-01,26.8,-80.85,9656554.0
1999-11-01,27.05,-80.6,9095434.0
1999-11-01,26.8,-80.6,9128906.0
1999-12-01,27.05,-81.1,8092266.0
1999-12-01,26.8,-81.1,8022026.0
1999-12-01,27.05,-80.85,7917650.0
1999-12-01,26.8,-80.85,7843058.0
1999-12-01,27.05,-80.6,7628650.0
1999-12-01,26.8,-80.6,7606618.0
2000-01-01,27.05,-81.1,9815574.0
2000-01-01,26.8,-81.1,9880822.0
2000-01-01,27.05,-80.85,9661022.0
2000-01-01,26.8,-80.85,9708502.0
2000-01-01,27.05,-80.6,9484486.0
2000-01-01,26.8,-80.6,9472062.0
2000-02-01,27.05,-81.1,11511429.0
2000-02-01,26.8,-81.1,11485613.0
2000-02-01,27.05,-80.85,11399757.0
2000-02-01,26.8,-80.85,11339197.0
2000-02-01,27.05,-80.6,11254165.0
2000-02-01,26.8,-80.6,11128037.0
2000-03-01,27.05,-81.1,13531519.0
2000-03-01,26.8,-81.1,13589491.0
2000-03-01,27.05,-80.85,13533875.0
2000-03-01,26.8,-80.85,13532163.0
2000-03-01,27.05,-80.6,13623479.0
2000-03-01,26.8,-80.6,13463075.0
2000-04-01,27.05,-81.1,17699392.0
2000-04-01,26.8,-81.1,17745728.0
2000-04-01,27.05,-80.85,17340016.0
2000-04-01,26.8,-80.85,17364912.0
2000-04-01,27.05,-80.6,16974688.0
2000-04-01,26.8,-80.6,16936864.0
2000-05-01,27.05,-81.1,17919176.0
2000-05-01,26.8,-81.1,17723744.0
2000-05-01,27.05,-80.85,17913440.0
2000-05-01,26.8,-80.85,17643888.0
2000-05-01,27.05,-80.6,17877384.0
2000-05-01,26.8,-80.6,17434264.0
2000-06-01,27.05,-81.1,16323276.0
2000-06-01,26.8,-81.1,16352040.0
2000-06-01,27.05,-80.85,16425424.0
2000-06-01,26.8,-80.85,16392812.0
2000-06-01,27.05,-80.6,16416084.0
2000-06-01,26.8,-80.6,16168860.0
2000-07-01,27.05,-81.1,14230960.0
2000-07-01,26.8,-81.1,13829712.0
2000-07-01,27.05,-80.85,14445184.0
2000-07-01,26.8,-80.85,14004080.0
2000-07-01,27.05,-80.6,14484048.0
2000-07-01,26.8,-80.6,13957824.0
2000-08-01,27.05,-81.1,15123774.0
2000-08-01,26.8,-81.1,14987454.0
2000-08-01,27.05,-80.85,15178734.0
2000-08-01,26.8,-80.85,15010006.0
2000-08-01,27.05,-80.6,15150686.0
2000-08-01,26.8,-80.6,14886870.0
2000-09-01,27.05,-81.1,12315745.0
2000-09-01,26.8,-81.1,12354257.0
2000-09-01,27.05,-80.85,12366001.0
2000-09-01,26.8,-80.85,12348709.0
2000-09-01,27.05,-80.6,12377785.0
2000-09-01,26.8,-80.6,12194253.0
2000-10-01,27.05,-81.1,11587295.0
2000-10-01,26.8,-81.1,11575039.0
2000-10-01,27.05,-80.85,11160575.0
2000-10-01,26.8,-80.85,11121951.0
2000-10-01,27.05,-80.6,10587743.0
2000-10-01,26.8,-80.6,10492863.0
2000-11-01,27.05,-81.1,10674701.0
2000-11-01,26.8,-81.1,10721637.0
2000-11-01,27.05,-80.85,10483709.0
2000-11-01,26.8,-80.85,10518277.0
2000-11-01,27.05,-80.6,10252277.0
2000-11-01,26.8,-80.6,10269253.0
2000-12-01,27.05,-81.1,8599322.0
2000-12-01,26.8,-81.1,8453962.0
2000-12-01,27.05,-80.85,8352650.0
2000-12-01,26.8,-80.85,8195386.0
2000-12-01,27.05,-80.6,8006794.0
2000-12-01,26.8,-80.6,7866618.0
2001-01-01,27.05,-81.1,9918203.0
2001-01-01,26.8,-81.1,10028187.0
2001-01-01,27.05,-80.85,9688827.0
2001-01-01,26.8,-80.85,9800363.0
2001-01-01,27.05,-80.6,9304955.0
2001-01-01,26.8,-80.6,9478251.0
2001-02-01,27.05,-81.1,12178564.0
2001-02-01,26.8,-81.1,12011220.0
2001-02-01,27.05,-80.85,11888900.0
2001-02-01,26.8,-80.85,11676004.0
2001-02-01,27.05,-80.6,11537844.0
2001-02-01,26.8,-80.6,11241812.0
2001-03-01,27.05,-81.1,13292901.0
2001-03-01,26.8,-81.1,13586989.0
2001-03-01,27.05,-80.85,13302013.0
2001-03-01,26.8,-80.85,13552605.0
2001-03-01,27.05,-80.6,13477485.0
2001-03-01,26.8,-80.6,13593445.0
2001-04-01,27.05,-81.1,15622359.0
2001-04-01,26.8,-81.1,15744423.0
2001-04-01,27.05,-80.85,15210999.0
2001-04-01,26.8,-80.85,15287799.0
2001-04-01,27.05,-80.6,14902135.0
2001-04-01,26.8,-80.6,14800903.0
2001-05-01,27.05,-81.1,15832196.0
2001-05-01,26.8,-81.1,15496900.0
2001-05-01,27.05,-80.85,15664132.0
2001-05-01,26.8,-80.85,15256612.0
2001-05-01,27.05,-80.6,15610900.0
2001-05-01,26.8,-80.6,14968484.0
2001-06-01,27.05,-81.1,15624117.0
2001-06-01,26.8,-81.1,15612149.0
2001-06-01,27.05,-80.85,15670077.0
2001-06-01,26.8,-80.85,15597373.0
2001-06-01,27.05,-80.6,15604333.0
2001-06-01,26.8,-80.6,15391541.0
2001-07-01,27.05,-81.1,12681667.0
2001-07-01,26.8,-81.1,12863427.0
2001-07-01,27.05,-80.85,13233667.0
2001-07-01,26.8,-80.85,13343267.0
2001-07-01,27.05,-80.6,13760451.0
2001-07-01,26.8,-80.6,13572931.0
2001-08-01,27.05,-81.1,14697917.0
2001-08-01,26.8,-81.1,14689493.0
2001-08-01,27.05,-80.85,14769461.0
2001-08-01,26.8,-80.85,14694405.0
2001-08-01,27.05,-80.6,14661797.0
2001-08-01,26.8,-80.6,14401565.0
2001-09-01,27.05,-81.1,9817770.0
2001-09-01,26.8,-81.1,10058986.0
2001-09-01,27.05,-80.85,9868846.0
2001-09-01,26.8,-80.85,10070038.0
2001-09-01,27.05,-80.6,9843174.0
2001-09-01,26.8,-80.6,9926230.0
2001-10-01,27.05,-81.1,8480317.0
2001-10-01,26.8,-81.1,8586653.0
2001-10-01,27.05,-80.85,8406421.0
2001-10-01,26.8,-80.85,8484005.0
2001-10-01,27.05,-80.6,8244829.0
2001-10-01,26.8,-80.6,8250533.0
2001-11-01,27.05,-81.1,8498396.0
2001-11-01,26.8,-81.1,8435116.0
2001-11-01,27.05,-80.85,8274748.0
2001-11-01,26.8,-80.85,8175308.0
2001-11-01,27.05,-80.6,8008220.0
2001-11-01,26.8,-80.6,7817980.0
2001-12-01,27.05,-81.1,7690240.0
2001-12-01,26.8,-81.1,7701752.0
2001-12-01,27.05,-80.85,7545104.0
2001-12-01,26.8,-80.85,7542336.0
2001-12-01,27.05,-80.6,7397160.0
2001-12-01,26.8,-80.6,7380408.0
2002-01-01,27.05,-81.1,8741854.0
2002-01-01,26.8,-81.1,8737662.0
2002-01-01,27.05,-80.85,8613606.0
2002-01-01,26.8,-80.85,8571246.0
2002-01-01,27.05,-80.6,8573822.0
2002-01-01,26.8,-80.6,8431838.0
2002-02-01,27.05,-81.1,10155457.0
2002-02-01,26.8,-81.1,10061089.0
2002-02-01,27.05,-80.85,9820145.0
2002-02-01,26.8,-80.85,9713777.0
2002-02-01,27.05,-80.6,9426577.0
2002-02-01,26.8,-80.6,9363217.0
2002-03-01,27.05,-81.1,13021542.0
2002-03-01,26.8,-81.1,13090630.0
2002-03-01,27.05,-80.85,12689494.0
2002-03-01,26.8,-80.85,12698646.0
2002-03-01,27.05,-80.6,12418038.0
2002-03-01,26.8,-80.6,12204678.0
2002-04-01,27.05,-81.1,16232113.0
2002-04-01,26.8,-81.1,16354169.0
2002-04-01,27.05,-80.85,16201401.0
2002-04-01,26.8,-80.85,16264521.0
2002-04-01,27.05,-80.6,16111049.0
2002-04-01,26.8,-80.6,15986521.0
2002-05-01,27.05,-81.1,16601663.0
2002-05-01,26.8,-81.1,16496183.0
2002-05-01,27.05,-80.85,16683039.0
2002-05-01,26.8,-80.85,16512631.0
2002-05-01,27.05,-80.6,16784600.0
2002-05-01,26.8,-80.6,16416111.0
2002-06-01,27.05,-81.1,10699746.0
2002-06-01,26.8,-81.1,10640234.0
2002-06-01,27.05,-80.85,10789002.0
2002-06-01,26.8,-80.85,10651970.0
2002-06-01,27.05,-80.6,10884906.0
2002-06-01,26.8,-80.6,10492194.0
2002-07-01,27.05,-81.1,13887901.0
2002-07-01,26.8,-81.1,13944789.0
2002-07-01,27.05,-80.85,13853509.0
2002-07-01,26.8,-80.85,13847053.0
2002-07-01,27.05,-80.6,13688189.0
2002-07-01,26.8,-80.6,13497917.0
2002-08-01,27.05,-81.1,15497606.0
2002-08-01,26.8,-81.1,15489238.0
2002-08-01,27.05,-80.85,15679494.0
2002-08-01,26.8,-80.85,15583342.0
2002-08-01,27.05,-80.6,15719950.0
2002-08-01,26.8,-80.6,15398590.0
2002-09-01,27.05,-81.1,12157779.0
2002-09-01,26.8,-81.1,12046651.0
2002-09-01,27.05,-80.85,12282651.0
2002-09-01,26.8,-80.85,12140191.0
2002-09-01,27.05,-80.6,12267943.0
2002-09-01,26.8,-80.6,12050119.0
2002-10-01,27.05,-81.1,12850485.0
2002-10-01,26.8,-81.1,12881397.0
2002-10-01,27.05,-80.85,12684469.0
2002-10-01,26.8,-80.85,12658469.0
2002-10-01,27.05,-80.6,12342741.0
2002-10-01,26.8,-80.6,12174325.0
2002-11-01,27.05,-81.1,9993291.0
2002-11-01,26.8,-81.1,9952027.0
2002-11-01,27.05,-80.85,9643755.0
2002-11-01,26.8,-80.85,9594075.0
2002-11-01,27.05,-80.6,9200875.0
2002-11-01,26.8,-80.6,9205531.0
2002-12-01,27.05,-81.1,7271042.0
2002-12-01,26.8,-81.1,7439426.0
2002-12-01,27.05,-80.85,7154354.0
2002-12-01,26.8,-80.85,7308290.0
2002-12-01,27.05,-80.6,7038370.0
2002-12-01,26.8,-80.6,7154138.0
2003-01-01,27.05,-81.1,9874287.0
2003-01-01,26.8,-81.1,9835359.0
2003-01-01,27.05,-80.85,9515023.0
2003-01-01,26.8,-80.85,9503471.0
2003-01-01,27.05,-80.6,9040815.0
2003-01-01,26.8,-80.6,9140831.0
2003-02-01,27.05,-81.1,11247944.0
2003-02-01,26.8,-81.1,11418396.0
2003-02-01,27.05,-80.85,11185200.0
2003-02-01,26.8,-80.85,11318372.0
2003-02-01,27.05,-80.6,11165616.0
2003-02-01,26.8,-80.6,11173540.0
2003-03-01,27.05,-81.1,11735032.0
2003-03-01,26.8,-81.1,12100824.0
2003-03-01,27.05,-80.85,11763688.0
2003-03-01,26.8,-80.85,12047976.0
2003-03-01,27.05,-80.6,11865768.0
2003-03-01,26.8,-80.6,11937744.0
2003-04-01,27.05,-81.1,14389587.0
2003-04-01,26.8,-81.1,14267555.0
2003-04-01,27.05,-80.85,14250483.0
2003-04-01,26.8,-80.85,14082131.0
2003-04-01,27.05,-80.6,14045203.0
2003-04-01,26.8,-80.6,13735555.0
2003-05-01,27.05,-81.1,16147662.0
2003-05-01,26.8,-81.1,15748254.0
2003-05-01,27.05,-80.85,16087982.0
2003-05-01,26.8,-80.85,15628030.0
2003-05-01,27.05,-80.6,15967694.0
2003-05-01,26.8,-80.6,15501822.0
2003-06-01,27.05,-81.1,13157115.0
2003-06-01,26.8,-81.1,13029675.0
2003-06-01,27.05,-80.85,13335723.0
2003-06-01,26.8,-80.85,13144795.0
2003-06-01,27.05,-80.6,13400995.0
2003-06-01,26.8,-80.6,13065163.0
2003-07-01,27.05,-81.1,15975598.0
2003-07-01,26.8,-81.1,15998854.0
2003-07-01,27.05,-80.85,16068538.0
2003-07-01,26.8,-80.85,16060142.0
2003-07-01,27.05,-80.6,15957010.0
2003-07-01,26.8,-80.6,15877438.0
2003-08-01,27.05,-81.1,13601991.0
2003-08-01,26.8,-81.1,13773263.0
2003-08-01,27.05,-80.85,13604039.0
2003-08-01,26.8,-80.85,13721943.0
2003-08-01,27.05,-80.6,13436959.0
2003-08-01,26.8,-80.6,13399111.0
2003-09-01,27.05,-81.1,11031976.0
2003-09-01,26.8,-81.1,11147376.0
2003-09-01,27.05,-80.85,11232384.0
2003-09-01,26.8,-80.85,11290744.0
2003-09-01,27.05,-80.6,11537312.0
2003-09-01,26.8,-80.6,11410600.0
2003-10-01,27.05,-81.1,11408094.0
2003-10-01,26.8,-81.1,11794174.0
2003-10-01,27.05,-80.85,11373406.0
2003-10-01,26.8,-80.85,11722046.0
2003-10-01,27.05,-80.6,11267742.0
2003-10-01,26.8,-80.6,11477022.0
2003-11-01,27.05,-81.1,9456264.0
2003-11-01,26.8,-81.1,9477256.0
2003-11-01,27.05,-80.85,9114920.0
2003-11-01,26.8,-80.85,9101288.0
2003-11-01,27.05,-80.6,8582568.0
2003-11-01,26.8,-80.6,8505688.0
2003-12-01,27.05,-81.1,8629412.0
2003-12-01,26.8,-81.1,8554148.0
2003-12-01,27.05,-80.85,8226132.0
2003-12-01,26.8,-80.85,8144580.0
2003-12-01,27.05,-80.6,7734388.0
2003-12-01,26.8,-80.6,7659828.0
2004-01-01,27.05,-81.1,9692381.0
2004-01-01,26.8,-81.1,9668717.0
2004-01-01,27.05,-80.85,9508957.0
2004-01-01,26.8,-80.85,9468749.0
2004-01-01,27.05,-80.6,9202317.0
2004-01-01,26.8,-80.6,9130573.0
2004-02-01,27.05,-81.1,10190897.0
2004-02-01,26.8,-81.1,10426081.0
2004-02-01,27.05,-80.85,9947713.0
2004-02-01,26.8,-80.85,10145249.0
2004-02-01,27.05,-80.6,9738369.0
2004-02-01,26.8,-80.6,9822417.0
2004-03-01,27.05,-81.1,13558809.0
2004-03-01,26.8,-81.1,13630905.0
2004-03-01,27.05,-80.85,13223097.0
2004-03-01,26.8,-80.85,13239673.0
2004-03-01,27.05,-80.6,12843849.0
2004-03-01,26.8,-80.6,12643449.0
2004-04-01,27.05,-81.1,16532948.0
2004-04-01,26.8,-81.1,16434740.0
2004-04-01,27.05,-80.85,16065492.0
2004-04-01,26.8,-80.85,15921396.0
2004-04-01,27.05,-80.6,15530772.0
2004-04-01,26.8,-80.6,15244724.0
2004-05-01,27.05,-81.1,17239100.0
2004-05-01,26.8,-81.1,16959180.0
2004-05-01,27.05,-80.85,17166524.0
2004-05-01,26.8,-80.85,16827116.0
2004-05-01,27.05,-80.6,17183916.0
2004-05-01,26.8,-80.6,16576861.0
2004-06-01,27.05,-81.1,17888648.0
2004-06-01,26.8,-81.1,17892136.0
2004-06-01,27.05,-80.85,17990696.0
2004-06-01,26.8,-80.85,17933112.0
2004-06-01,27.05,-80.6,17907824.0
2004-06-01,26.8,-80.6,17690224.0
2004-07-01,27.05,-81.1,16391020.0
2004-07-01,26.8,-81.1,16380316.0
2004-07-01,27.05,-80.85,16633700.0
2004-07-01,26.8,-80.85,16526148.0
2004-07-01,27.05,-80.6,16758404.0
2004-07-01,26.8,-80.6,16388276.0
2004-08-01,27.05,-81.1,13270404.0
2004-08-01,26.8,-81.1,13354180.0
2004-08-01,27.05,-80.85,13330172.0
2004-08-01,26.8,-80.85,13366908.0
2004-08-01,27.05,-80.6,13074932.0
2004-08-01,26.8,-80.6,12995668.0
2004-09-01,27.05,-81.1,10397526.0
2004-09-01,26.8,-81.1,10548150.0
2004-09-01,27.05,-80.85,10449214.0
2004-09-01,26.8,-80.85,10553258.0
2004-09-01,27.05,-80.6,10489398.0
2004-09-01,26.8,-80.6,10430330.0
2004-10-01,27.05,-81.1,11599596.0
2004-10-01,26.8,-81.1,11489916.0
2004-10-01,27.05,-80.85,11446460.0
2004-10-01,26.8,-80.85,11285388.0
2004-10-01,27.05,-80.6,11320796.0
2004-10-01,26.8,-80.6,11025308.0
2004-11-01,27.05,-81.1,9252153.0
2004-11-01,26.8,-81.1,9300441.0
2004-11-01,27.05,-80.85,8735449.0
2004-11-01,26.8,-80.85,8789817.0
2004-11-01,27.05,-80.6,8115737.0
2004-11-01,26.8,-80.6,8203097.0
2004-12-01,27.05,-81.1,7838765.0
2004-12-01,26.8,-81.1,8003469.0
2004-12-01,27.05,-80.85,7494653.0
2004-12-01,26.8,-80.85,7636301.0
2004-12-01,27.05,-80.6,7043021.0
2004-12-01,26.8,-80.6,7134765.0
2005-01-01,27.05,-81.1,8790052.0
2005-01-01,26.8,-81.1,8727572.0
2005-01-01,27.05,-80.85,8535076.0
2005-01-01,26.8,-80.85,8461012.0
2005-01-01,27.05,-80.6,8135828.0
2005-01-01,26.8,-80.6,8098980.0
2005-02-01,27.05,-81.1,10195459.0
2005-02-01,26.8,-81.1,10191523.0
2005-02-01,27.05,-80.85,9858003.0
2005-02-01,26.8,-80.85,9816659.0
2005-02-01,27.05,-80.6,9432403.0
2005-02-01,26.8,-80.6,9290355.0
2005-03-01,27.05,-81.1,12073957.0
2005-03-01,26.8,-81.1,12241517.0
2005-03-01,27.05,-80.85,11898725.0
2005-03-01,26.8,-80.85,12030021.0
2005-03-01,27.05,-80.6,11856253.0
2005-03-01,26.8,-80.6,11881405.0
2005-04-01,27.05,-81.1,16815180.0
2005-04-01,26.8,-81.1,16984108.0
2005-04-01,27.05,-80.85,16406157.0
2005-04-01,26.8,-80.85,16499917.0
2005-04-01,27.05,-80.6,16076109.0
2005-04-01,26.8,-80.6,15895405.0
2005-05-01,27.05,-81.1,14869439.0
2005-05-01,26.8,-81.1,15014387.0
2005-05-01,27.05,-80.85,14982951.0
2005-05-01,26.8,-80.85,15053475.0
2005-05-01,27.05,-80.6,15071695.0
2005-05-01,26.8,-80.6,14924303.0
2005-06-01,27.05,-81.1,10256492.0
2005-06-01,26.8,-81.1,10254812.0
2005-06-01,27.05,-80.85,10252084.0
2005-06-01,26.8,-80.85,10189532.0
2005-06-01,27.05,-80.6,10225276.0
2005-06-01,26.8,-80.6,9967932.0
2005-07-01,27.05,-81.1,16249384.0
2005-07-01,26.8,-81.1,16280208.0
2005-07-01,27.05,-80.85,16339864.0
2005-07-01,26.8,-80.85,16313072.0
2005-07-01,27.05,-80.6,16385972.0
2005-07-01,26.8,-80.6,16191780.0
2005-08-01,27.05,-81.1,15904067.0
2005-08-01,26.8,-81.1,15725331.0
2005-08-01,27.05,-80.85,15977051.0
2005-08-01,26.8,-80.85,15744587.0
2005-08-01,27.05,-80.6,15881059.0
2005-08-01,26.8,-80.6,15511835.0
2005-09-01,27.05,-81.1,12363364.0
2005-09-01,26.8,-81.1,12478068.0
2005-09-01,27.05,-80.85,12013620.0
2005-09-01,26.8,-80.85,12085988.0
2005-09-01,27.05,-80.6,11701828.0
2005-09-01,26.8,-80.6,11649860.0
2005-10-01,27.05,-81.1,10084008.0
2005-10-01,26.8,-81.1,10040232.0
2005-10-01,27.05,-80.85,9878472.0
2005-10-01,26.8,-80.85,9794856.0
2005-10-01,27.05,-80.6,9596376.0
2005-10-01,26.8,-80.6,9436616.0
2005-11-01,27.05,-81.1,9052674.0
2005-11-01,26.8,-81.1,9070766.0
2005-11-01,27.05,-80.85,9060350.0
2005-11-01,26.8,-80.85,9049858.0
2005-11-01,27.05,-80.6,9009994.0
2005-11-01,26.8,-80.6,8935322.0
2005-12-01,27.05,-81.1,8502728.0
2005-12-01,26.8,-81.1,8676616.0
2005-12-01,27.05,-80.85,8338136.0
2005-12-01,26.8,-80.85,8497544.0
2005-12-01,27.05,-80.6,8122360.0
2005-12-01,26.8,-80.6,8246360.0
2006-01-01,27.05,-81.1,9699108.0
2006-01-01,26.8,-81.1,9663316.0
2006-01-01,27.05,-80.85,9488772.0
2006-01-01,26.8,-80.85,9427892.0
2006-01-01,27.05,-80.6,9240116.0
2006-01-01,26.8,-80.6,9109156.0
2006-02-01,27.05,-81.1,11335730.0
2006-02-01,26.8,-81.1,11432098.0
2006-02-01,27.05,-80.85,11178002.0
2006-02-01,26.8,-80.85,11263666.0
2006-02-01,27.05,-80.6,10916666.0
2006-02-01,26.8,-80.6,11048002.0
2006-03-01,27.05,-81.1,16154871.0
2006-03-01,26.8,-81.1,16241047.0
2006-03-01,27.05,-80.85,15638999.0
2006-03-01,26.8,-80.85,15676439.0
2006-03-01,27.05,-80.6,15067415.0
2006-03-01,26.8,-80.6,14911351.0
2006-04-01,27.05,-81.1,16469634.0
2006-04-01,26.8,-81.1,16504594.0
2006-04-01,27.05,-80.85,16340770.0
2006-04-01,26.8,-80.85,16311938.0
2006-04-01,27.05,-80.6,16269530.0
2006-04-01,26.8,-80.6,16081434.0
2006-05-01,27.05,-81.1,18239016.0
2006-05-01,26.8,-81.1,18042208.0
2006-05-01,27.05,-80.85,18342808.0
2006-05-01,26.8,-80.85,18072472.0
2006-05-01,27.05,-80.6,18422152.0
2006-05-01,26.8,-80.6,17927336.0
2006-06-01,27.05,-81.1,15151143.0
2006-06-01,26.8,-81.1,15074319.0
2006-06-01,27.05,-80.85,15387679.0
2006-06-01,26.8,-80.85,15213991.0
2006-06-01,27.05,-80.6,15594927.0
2006-06-01,26.8,-80.6,15136407.0
2006-07-01,27.05,-81.1,13721890.0
2006-07-01,26.8,-81.1,13516810.0
2006-07-01,27.05,-80.85,13811754.0
2006-07-01,26.8,-80.85,13539002.0
2006-07-01,27.05,-80.6,13815058.0
2006-07-01,26.8,-80.6,13386698.0
2006-08-01,27.05,-81.1,15564296.0
2006-08-01,26.8,-81.1,15450912.0
2006-08-01,27.05,-80.85,15778728.0
2006-08-01,26.8,-80.85,15607224.0
2006-08-01,27.05,-80.6,15920848.0
2006-08-01,26.8,-80.6,15561264.0
2006-09-01,27.05,-81.1,13611648.0
2006-09-01,26.8,-81.1,13688696.0
2006-09-01,27.05,-80.85,13751360.0
2006-09-01,26.8,-80.85,13747768.0
2006-09-01,27.05,-80.6,13790112.0
2006-09-01,26.8,-80.6,13528012.0
2006-10-01,27.05,-81.1,13041799.0
2006-10-01,26.8,-81.1,13186007.0
2006-10-01,27.05,-80.85,12719799.0
2006-10-01,26.8,-80.85,12851447.0
2006-10-01,27.05,-80.6,12321959.0
2006-10-01,26.8,-80.6,12389511.0
2006-11-01,27.05,-81.1,9410724.0
2006-11-01,26.8,-81.1,9419117.0
2006-11-01,27.05,-80.85,9461287.0
2006-11-01,26.8,-80.85,9467176.0
2006-11-01,27.05,-80.6,9415795.0
2006-11-01,26.8,-80.6,9409550.0
2006-12-01,27.05,-81.1,6373629.0
2006-12-01,26.8,-81.1,6419273.0
2006-12-01,27.05,-80.85,6287857.0
2006-12-01,26.8,-80.85,6318457.0
2006-12-01,27.05,-80.6,6187237.0
2006-12-01,26.8,-80.6,6200953.0
2007-01-01,27.05,-81.1,8023167.0
2007-01-01,26.8,-81.1,8025135.0
2007-01-01,27.05,-80.85,7760527.0
2007-01-01,26.8,-80.85,7748527.0
2007-01-01,27.05,-80.6,7408815.0
2007-01-01,26.8,-80.6,7418239.0
2007-02-01,27.05,-81.1,10615785.0
2007-02-01,26.8,-81.1,10581129.0
2007-02-01,27.05,-80.85,10449977.0
2007-02-01,26.8,-80.85,10380729.0
2007-02-01,27.05,-80.6,10248025.0
2007-02-01,26.8,-80.6,10055033.0
2007-03-01,27.05,-81.1,13450969.0
2007-03-01,26.8,-81.1,13533593.0
2007-03-01,27.05,-80.85,12982105.0
2007-03-01,26.8,-80.85,13018489.0
2007-03-01,27.05,-80.6,12496505.0
2007-03-01,26.8,-80.6,12368729.0
2007-04-01,27.05,-81.1,16405967.0
2007-04-01,26.8,-81.1,16379199.0
2007-04-01,27.05,-80.85,16008639.0
2007-04-01,26.8,-80.85,15909439.0
2007-04-01,27.05,-80.6,15780799.0
2007-04-01,26.8,-80.6,15417007.0
2007-05-01,27.05,-81.1,16369830.0
2007-05-01,26.8,-81.1,16328646.0
2007-05-01,27.05,-80.85,16209238.0
2007-05-01,26.8,-80.85,16097878.0
2007-05-01,27.05,-80.6,16112246.0
2007-05-01,26.8,-80.6,15832470.0
2007-06-01,27.05,-81.1,16090855.0
2007-06-01,26.8,-81.1,16039975.0
2007-06-01,27.05,-80.85,16010919.0
2007-06-01,26.8,-80.85,15876663.0
2007-06-01,27.05,-80.6,15746199.0
2007-06-01,26.8,-80.6,15369287.0
2007-07-01,27.05,-81.1,15509428.0
2007-07-01,26.8,-81.1,15547652.0
2007-07-01,27.05,-80.85,15613316.0
2007-07-01,26.8,-80.85,15603620.0
2007-07-01,27.05,-80.6,15413164.0
2007-07-01,26.8,-80.6,15292252.0
2007-08-01,27.05,-81.1,16919590.0
2007-08-01,26.8,-81.1,16850822.0
2007-08-01,27.05,-80.85,16933918.0
2007-08-01,26.8,-80.85,16819598.0
2007-08-01,27.05,-80.6,16741742.0
2007-08-01,26.8,-80.6,16484998.0
2007-09-01,27.05,-81.1,13138962.0
2007-09-01,26.8,-81.1,13291602.0
2007-09-01,27.05,-80.85,13103746.0
2007-09-01,26.8,-80.85,13212202.0
2007-09-01,27.05,-80.6,12926354.0
2007-09-01,26.8,-80.6,12896746.0
2007-10-01,27.05,-81.1,9558752.0
2007-10-01,26.8,-81.1,9595328.0
2007-10-01,27.05,-80.85,9595704.0
2007-10-01,26.8,-80.85,9605580.0
2007-10-01,27.05,-80.6,9449576.0
2007-10-01,26.8,-80.6,9416532.0
2007-11-01,27.05,-81.1,10438056.0
2007-11-01,26.8,-81.1,10412472.0
2007-11-01,27.05,-80.85,10131928.0
2007-11-01,26.8,-80.85,10068664.0
2007-11-01,27.05,-80.6,9661560.0
2007-11-01,26.8,-80.6,9520552.0
2007-12-01,27.05,-81.1,8727404.0
2007-12-01,26.8,-81.1,8746844.0
2007-12-01,27.05,-80.85,8473772.0
2007-12-01,26.8,-80.85,8464908.0
2007-12-01,27.05,-80.6,8116380.0
2007-12-01,26.8,-80.6,8070428.0
2008-01-01,27.05,-81.1,8601216.0
2008-01-01,26.8,-81.1,8804464.0
2008-01-01,27.05,-80.85,8219856.0
2008-01-01,26.8,-80.85,8396208.0
2008-01-01,27.05,-80.6,7790544.0
2008-01-01,26.8,-80.6,7860592.0
2008-02-01,27.05,-81.1,10462412.0
2008-02-01,26.8,-81.1,10590220.0
2008-02-01,27.05,-80.85,10243068.0
2008-02-01,26.8,-80.85,10322588.0
2008-02-01,27.05,-80.6,10079324.0
2008-02-01,26.8,-80.6,10010300.0
2008-03-01,27.05,-81.1,11993830.0
2008-03-01,26.8,-81.1,12325670.0
2008-03-01,27.05,-80.85,11442950.0
2008-03-01,26.8,-80.85,11735046.0
2008-03-01,27.05,-80.6,10992166.0
2008-03-01,26.8,-80.6,11106694.0
2008-04-01,27.05,-81.1,14759469.0
2008-04-01,26.8,-81.1,14826253.0
2008-04-01,27.05,-80.85,14502461.0
2008-04-01,26.8,-80.85,14513565.0
2008-04-01,27.05,-80.6,14280173.0
2008-04-01,26.8,-80.6,14142013.0
2008-05-01,27.05,-81.1,17622400.0
2008-05-01,26.8,-81.1,17873792.0
2008-05-01,27.05,-80.85,17418624.0
2008-05-01,26.8,-80.85,17603616.0
2008-05-01,27.05,-80.6,17222656.0
2008-05-01,26.8,-80.6,17159600.0
2008-06-01,27.05,-81.1,15455532.0
2008-06-01,26.8,-81.1,15142268.0
2008-06-01,27.05,-80.85,15534956.0
2008-06-01,26.8,-80.85,15162524.0
2008-06-01,27.05,-80.6,15436940.0
2008-06-01,26.8,-80.6,14985452.0
2008-07-01,27.05,-81.1,14412544.0
2008-07-01,26.8,-81.1,14440068.0
2008-07-01,27.05,-80.85,14547344.0
2008-07-01,26.8,-80.85,14532972.0
2008-07-01,27.05,-80.6,14536452.0
2008-07-01,26.8,-80.6,14468692.0
2008-08-01,27.05,-81.1,12749887.0
2008-08-01,26.8,-81.1,12828091.0
2008-08-01,27.05,-80.85,12867287.0
2008-08-01,26.8,-80.85,12885751.0
2008-08-01,27.05,-80.6,12838427.0
2008-08-01,26.8,-80.6,12696087.0
2008-09-01,27.05,-81.1,12391192.0
2008-09-01,26.8,-81.1,12187720.0
2008-09-01,27.05,-80.85,12398152.0
2008-09-01,26.8,-80.85,12132256.0
2008-09-01,27.05,-80.6,12380456.0
2008-09-01,26.8,-80.6,11947608.0
2008-10-01,27.05,-81.1,9731684.0
2008-10-01,26.8,-81.1,9763716.0
2008-10-01,27.05,-80.85,9444580.0
2008-10-01,26.8,-80.85,9440580.0
2008-10-01,27.05,-80.6,9155124.0
2008-10-01,26.8,-80.6,9058180.0
2008-11-01,27.05,-81.1,11685211.0
2008-11-01,26.8,-81.1,11762427.0
2008-11-01,27.05,-80.85,11397691.0
2008-11-01,26.8,-80.85,11460123.0
2008-11-01,27.05,-80.6,11017787.0
2008-11-01,26.8,-80.6,11011195.0
2008-12-01,27.05,-81.1,8488748.0
2008-12-01,26.8,-81.1,8607852.0
2008-12-01,27.05,-80.85,8076876.0
2008-12-01,26.8,-80.85,8186188.0
2008-12-01,27.05,-80.6,7615228.0
2008-12-01,26.8,-80.6,7713932.0
2009-01-01,27.05,-81.1,10756299.0
2009-01-01,26.8,-81.1,10898715.0
2009-01-01,27.05,-80.85,10505643.0
2009-01-01,26.8,-80.85,10626203.0
2009-01-01,27.05,-80.6,10236075.0
2009-01-01,26.8,-80.6,10253227.0
2009-02-01,27.05,-81.1,12571172.0
2009-02-01,26.8,-81.1,12856772.0
2009-02-01,27.05,-80.85,11889092.0
2009-02-01,26.8,-80.85,12131524.0
2009-02-01,27.05,-80.6,11207684.0
2009-02-01,26.8,-80.6,11285892.0
2009-03-01,27.05,-81.1,12388017.0
2009-03-01,26.8,-81.1,12281265.0
2009-03-01,27.05,-80.85,11761713.0
2009-03-01,26.8,-80.85,11608593.0
2009-03-01,27.05,-80.6,11261393.0
2009-03-01,26.8,-80.6,10944305.0
2009-04-01,27.05,-81.1,15722896.0
2009-04-01,26.8,-81.1,15873568.0
2009-04-01,27.05,-80.85,15463328.0
2009-04-01,26.8,-80.85,15546816.0
2009-04-01,27.05,-80.6,15438224.0
2009-04-01,26.8,-80.6,15236880.0
2009-05-01,27.05,-81.1,15833088.0
2009-05-01,26.8,-81.1,15579584.0
2009-05-01,27.05,-80.85,15615168.0
2009-05-01,26.8,-80.85,15322240.0
2009-05-01,27.05,-80.6,15205104.0
2009-05-01,26.8,-80.6,14905856.0
2009-06-01,27.05,-81.1,15534022.0
2009-06-01,26.8,-81.1,15362374.0
2009-06-01,27.05,-80.85,15702710.0
2009-06-01,26.8,-80.85,15480662.0
2009-06-01,27.05,-80.6,15911542.0
2009-06-01,26.8,-80.6,15528870.0
2009-07-01,27.05,-81.1,15524028.0
2009-07-01,26.8,-81.1,15474548.0
2009-07-01,27.05,-80.85,15596900.0
2009-07-01,26.8,-80.85,15470916.0
2009-07-01,27.05,-80.6,15580348.0
2009-07-01,26.8,-80.6,15279204.0
2009-08-01,27.05,-81.1,14983254.0
2009-08-01,26.8,-81.1,14921158.0
2009-08-01,27.05,-80.85,15234942.0
2009-08-01,26.8,-80.85,15138662.0
2009-08-01,27.05,-80.6,15316926.0
2009-08-01,26.8,-80.6,15161278.0
2009-09-01,27.05,-81.1,11788639.0
2009-09-01,26.8,-81.1,11808143.0
2009-09-01,27.05,-80.85,11667455.0
2009-09-01,26.8,-80.85,11646303.0
2009-09-01,27.05,-80.6,11371103.0
2009-09-01,26.8,-80.6,11188575.0
2009-10-01,27.05,-81.1,11960851.0
2009-10-01,26.8,-81.1,12060523.0
2009-10-01,27.05,-80.85,11800563.0
2009-10-01,26.8,-80.85,11878675.0
2009-10-01,27.05,-80.6,11665315.0
2009-10-01,26.8,-80.6,11688291.0
2009-11-01,27.05,-81.1,7988076.0
2009-11-01,26.8,-81.1,8094644.0
2009-11-01,27.05,-80.85,7736796.0
2009-11-01,26.8,-80.85,7840252.0
2009-11-01,27.05,-80.6,7580780.0
2009-11-01,26.8,-80.6,7707700.0
2009-12-01,27.05,-81.1,6494041.0
2009-12-01,26.8,-81.1,6644189.0
2009-12-01,27.05,-80.85,6438565.0
2009-12-01,26.8,-80.85,6556461.0
2009-12-01,27.05,-80.6,6421729.0
2009-12-01,26.8,-80.6,6447761.0
2010-01-01,27.05,-81.1,8840592.0
2010-01-01,26.8,-81.1,8822088.0
2010-01-01,27.05,-80.85,8751544.0
2010-01-01,26.8,-80.85,8726504.0
2010-01-01,27.05,-80.6,8578528.0
2010-01-01,26.8,-80.6,8572968.0
2010-02-01,27.05,-81.1,9972357.0
2010-02-01,26.8,-81.1,10100561.0
2010-02-01,27.05,-80.85,10019337.0
2010-02-01,26.8,-80.85,10130457.0
2010-02-01,27.05,-80.6,10019041.0
2010-02-01,26.8,-80.6,10084293.0
2010-03-01,27.05,-81.1,13362449.0
2010-03-01,26.8,-81.1,13357929.0
2010-03-01,27.05,-80.85,13293869.0
2010-03-01,26.8,-80.85,13268585.0
2010-03-01,27.05,-80.6,13178301.0
2010-03-01,26.8,-80.6,13106965.0
2010-04-01,27.05,-81.1,15184219.0
2010-04-01,26.8,-81.1,15220779.0
2010-04-01,27.05,-80.85,15157607.0
2010-04-01,26.8,-80.85,15129031.0
2010-04-01,27.05,-80.6,15233459.0
2010-04-01,26.8,-80.6,14985631.0
2010-05-01,27.05,-81.1,17263866.0
2010-05-01,26.8,-81.1,17080314.0
2010-05-01,27.05,-80.85,17135114.0
2010-05-01,26.8,-80.85,16875674.0
2010-05-01,27.05,-80.6,16925242.0
2010-05-01,26.8,-80.6,16527562.0
2010-06-01,27.05,-81.1,17014298.0
2010-06-01,26.8,-81.1,16993626.0
2010-06-01,27.05,-80.85,17034770.0
2010-06-01,26.8,-80.85,16947714.0
2010-06-01,27.05,-80.6,17029522.0
2010-06-01,26.8,-80.6,16730514.0
2010-07-01,27.05,-81.1,15327796.0
2010-07-01,26.8,-81.1,15260348.0
2010-07-01,27.05,-80.85,15562388.0
2010-07-01,26.8,-80.85,15427612.0
2010-07-01,27.05,-80.6,15761220.0
2010-07-01,26.8,-80.6,15401100.0
2010-08-01,27.05,-81.1,12293540.0
2010-08-01,26.8,-81.1,12190564.0
2010-08-01,27.05,-80.85,12589348.0
2010-08-01,26.8,-80.85,12442276.0
2010-08-01,27.05,-80.6,12817316.0
2010-08-01,26.8,-80.6,12500612.0
2010-09-01,27.05,-81.1,12949193.0
2010-09-01,26.8,-81.1,12839193.0
2010-09-01,27.05,-80.85,12792489.0
2010-09-01,26.8,-80.85,12646585.0
2010-09-01,27.05,-80.6,12658745.0
2010-09-01,26.8,-80.6,12391929.0
2010-10-01,27.05,-81.1,12680790.0
2010-10-01,26.8,-81.1,12614294.0
2010-10-01,27.05,-80.85,12184470.0
2010-10-01,26.8,-80.85,12116342.0
2010-10-01,27.05,-80.6,11522646.0
2010-10-01,26.8,-80.6,11511222.0
2010-11-01,27.05,-81.1,9744063.0
2010-11-01,26.8,-81.1,9861247.0
2010-11-01,27.05,-80.85,9299231.0
2010-11-01,26.8,-80.85,9386399.0
2010-11-01,27.05,-80.6,8884079.0
2010-11-01,26.8,-80.6,8866031.0
2010-12-01,27.05,-81.1,9790273.0
2010-12-01,26.8,-81.1,9843121.0
2010-12-01,27.05,-80.85,9741349.0
2010-12-01,26.8,-80.85,9799685.0
2010-12-01,27.05,-80.6,9598769.0
2010-12-01,26.8,-80.6,9710637.0
2011-01-01,27.05,-81.1,8756817.0
2011-01-01,26.8,-81.1,8808201.0
2011-01-01,27.05,-80.85,8564905.0
2011-01-01,26.8,-80.85,8604329.0
2011-01-01,27.05,-80.6,8373225.0
2011-01-01,26.8,-80.6,8366969.0
2011-02-01,27.05,-81.1,11225427.0
2011-02-01,26.8,-81.1,11377347.0
2011-02-01,27.05,-80.85,11052755.0
2011-02-01,26.8,-80.85,11127635.0
2011-02-01,27.05,-80.6,10992323.0
2011-02-01,26.8,-80.6,10773283.0
2011-03-01,27.05,-81.1,14242757.0
2011-03-01,26.8,-81.1,14557093.0
2011-03-01,27.05,-80.85,14134157.0
2011-03-01,26.8,-80.85,14398773.0
2011-03-01,27.05,-80.6,14099581.0
2011-03-01,26.8,-80.6,14214941.0
2011-04-01,27.05,-81.1,18144352.0
2011-04-01,26.8,-81.1,17660448.0
2011-04-01,27.05,-80.85,17884064.0
2011-04-01,26.8,-80.85,17360896.0
2011-04-01,27.05,-80.6,17559328.0
2011-04-01,26.8,-80.6,16991072.0
2011-05-01,27.05,-81.1,18870576.0
2011-05-01,26.8,-81.1,18585136.0
2011-05-01,27.05,-80.85,18681744.0
2011-05-01,26.8,-80.85,18356784.0
2011-05-01,27.05,-80.6,18476464.0
2011-05-01,26.8,-80.6,18013376.0
2011-06-01,27.05,-81.1,17154068.0
2011-06-01,26.8,-81.1,16920756.0
2011-06-01,27.05,-80.85,17203092.0
2011-06-01,26.8,-80.85,16915316.0
2011-06-01,27.05,-80.6,17100148.0
2011-06-01,26.8,-80.6,16649395.0
2011-07-01,27.05,-81.1,14629629.0
2011-07-01,26.8,-81.1,14463821.0
2011-07-01,27.05,-80.85,14878349.0
2011-07-01,26.8,-80.85,14652525.0
2011-07-01,27.05,-80.6,15013485.0
2011-07-01,26.8,-80.6,14567165.0
2011-08-01,27.05,-81.1,13593740.0
2011-08-01,26.8,-81.1,13439220.0
2011-08-01,27.05,-80.85,13722500.0
2011-08-01,26.8,-80.85,13529500.0
2011-08-01,27.05,-80.6,13618668.0
2011-08-01,26.8,-80.6,13316188.0
2011-09-01,27.05,-81.1,12625502.0
2011-09-01,26.8,-81.1,12598490.0
2011-09-01,27.05,-80.85,12710354.0
2011-09-01,26.8,-80.85,12642946.0
2011-09-01,27.05,-80.6,12687030.0
2011-09-01,26.8,-80.6,12511318.0
2011-10-01,27.05,-81.1,9352804.0
2011-10-01,26.8,-81.1,9144996.0
2011-10-01,27.05,-80.85,9137668.0
2011-10-01,26.8,-80.85,8910212.0
2011-10-01,27.05,-80.6,8764724.0
2011-10-01,26.8,-80.6,8539988.0
2011-11-01,27.05,-81.1,9348374.0
2011-11-01,26.8,-81.1,9420494.0
2011-11-01,27.05,-80.85,9238854.0
2011-11-01,26.8,-80.85,9297054.0
2011-11-01,27.05,-80.6,9025950.0
2011-11-01,26.8,-80.6,9066350.0
2011-12-01,27.05,-81.1,8441891.0
2011-12-01,26.8,-81.1,8439827.0
2011-12-01,27.05,-80.85,8117827.0
2011-12-01,26.8,-80.85,8096867.0
2011-12-01,27.05,-80.6,7646131.0
2011-12-01,26.8,-80.6,7571779.0
2012-01-01,27.05,-81.1,10224294.0
2012-01-01,26.8,-81.1,10210566.0
2012-01-01,27.05,-80.85,9899430.0
2012-01-01,26.8,-80.85,9869638.0
2012-01-01,27.05,-80.6,9536646.0
2012-01-01,26.8,-80.6,9455302.0
2012-02-01,27.05,-81.1,9881286.0
2012-02-01,26.8,-81.1,9884326.0
2012-02-01,27.05,-80.85,9667470.0
2012-02-01,26.8,-80.85,9654422.0
2012-02-01,27.05,-80.6,9369662.0
2012-02-01,26.8,-80.6,9385742.0
2012-03-01,27.05,-81.1,13580291.0
2012-03-01,26.8,-81.1,13374771.0
2012-03-01,27.05,-80.85,13370163.0
2012-03-01,26.8,-80.85,13134243.0
2012-03-01,27.05,-80.6,13100035.0
2012-03-01,26.8,-80.6,12777331.0
2012-04-01,27.05,-81.1,15376290.0
2012-04-01,26.8,-81.1,15277698.0
2012-04-01,27.05,-80.85,15035554.0
2012-04-01,26.8,-80.85,14890450.0
2012-04-01,27.05,-80.6,14599794.0
2012-04-01,26.8,-80.6,14339058.0
2012-05-01,27.05,-81.1,15651116.0
2012-05-01,26.8,-81.1,15432412.0
2012-05-01,27.05,-80.85,15500652.0
2012-05-01,26.8,-80.85,15209532.0
2012-05-01,27.05,-80.6,15428044.0
2012-05-01,26.8,-80.6,14941260.0
2012-06-01,27.05,-81.1,12442277.0
2012-06-01,26.8,-81.1,12337713.0
2012-06-01,27.05,-80.85,12510445.0
2012-06-01,26.8,-80.85,12368629.0
2012-06-01,27.05,-80.6,12566125.0
2012-06-01,26.8,-80.6,12329733.0
2012-07-01,27.05,-81.1,17401040.0
2012-07-01,26.8,-81.1,17055360.0
2012-07-01,27.05,-80.85,17586304.0
2012-07-01,26.8,-80.85,17182064.0
2012-07-01,27.05,-80.6,17625040.0
2012-07-01,26.8,-80.6,17088720.0
2012-08-01,27.05,-81.1,14127195.0
2012-08-01,26.8,-81.1,14075363.0
2012-08-01,27.05,-80.85,14116339.0
2012-08-01,26.8,-80.85,14009355.0
2012-08-01,27.05,-80.6,14027363.0
2012-08-01,26.8,-80.6,13814883.0
2012-09-01,27.05,-81.1,12293334.0
2012-09-01,26.8,-81.1,12103710.0
2012-09-01,27.05,-80.85,12233150.0
2012-09-01,26.8,-80.85,12003294.0
2012-09-01,27.05,-80.6,12107294.0
2012-09-01,26.8,-80.6,11807390.0
2012-10-01,27.05,-81.1,10614521.0
2012-10-01,26.8,-81.1,10589981.0
2012-10-01,27.05,-80.85,10588625.0
2012-10-01,26.8,-80.85,10543773.0
2012-10-01,27.05,-80.6,10452661.0
2012-10-01,26.8,-80.6,10398225.0
2012-11-01,27.05,-81.1,10544067.0
2012-11-01,26.8,-81.1,10690083.0
2012-11-01,27.05,-80.85,10414067.0
2012-11-01,26.8,-80.85,10561123.0
2012-11-01,27.05,-80.6,10162691.0
2012-11-01,26.8,-80.6,10347411.0
2012-12-01,27.05,-81.1,8772666.0
2012-12-01,26.8,-81.1,8899834.0
2012-12-01,27.05,-80.85,8590474.0
2012-12-01,26.8,-80.85,8689402.0
2012-12-01,27.05,-80.6,8331242.0
2012-12-01,26.8,-80.6,8353066.0
2013-01-01,27.05,-81.1,8259005.0
2013-01-01,26.8,-81.1,8382349.0
2013-01-01,27.05,-80.85,7981101.0
2013-01-01,26.8,-80.85,8068125.0
2013-01-01,27.05,-80.6,7661421.0
2013-01-01,26.8,-80.6,7657069.0
2013-02-01,27.05,-81.1,11192504.0
2013-02-01,26.8,-81.1,10973496.0
2013-02-01,27.05,-80.85,10929048.0
2013-02-01,26.8,-80.85,10669928.0
2013-02-01,27.05,-80.6,10590232.0
2013-02-01,26.8,-80.6,10252120.0
2013-03-01,27.05,-81.1,15622406.0
2013-03-01,26.8,-81.1,15645494.0
2013-03-01,27.05,-80.85,15487702.0
2013-03-01,26.8,-80.85,15462502.0
2013-03-01,27.05,-80.6,15338902.0
2013-03-01,26.8,-80.6,15106406.0
2013-04-01,27.05,-81.1,14147894.0
2013-04-01,26.8,-81.1,14206790.0
2013-04-01,27.05,-80.85,13990374.0
2013-04-01,26.8,-80.85,13994502.0
2013-04-01,27.05,-80.6,13798406.0
2013-04-01,26.8,-80.6,13664710.0
2013-05-01,27.05,-81.1,15710976.0
2013-05-01,26.8,-81.1,15733200.0
2013-05-01,27.05,-80.85,15463376.0
2013-05-01,26.8,-80.85,15423264.0
2013-05-01,27.05,-80.6,15240384.0
2013-05-01,26.8,-80.6,15022960.0
2013-06-01,27.05,-81.1,13249776.0
2013-06-01,26.8,-81.1,13003280.0
2013-06-01,27.05,-80.85,13278944.0
2013-06-01,26.8,-80.85,12981336.0
2013-06-01,27.05,-80.6,13289928.0
2013-06-01,26.8,-80.6,12842744.0
2013-07-01,27.05,-81.1,13416193.0
2013-07-01,26.8,-81.1,13285617.0
2013-07-01,27.05,-80.85,13430425.0
2013-07-01,26.8,-80.85,13253945.0
2013-07-01,27.05,-80.6,13362545.0
2013-07-01,26.8,-80.6,13050465.0
2013-08-01,27.05,-81.1,15442869.0
2013-08-01,26.8,-81.1,15399957.0
2013-08-01,27.05,-80.85,15399061.0
2013-08-01,26.8,-80.85,15315757.0
2013-08-01,27.05,-80.6,15206269.0
2013-08-01,26.8,-80.6,14985765.0
2013-09-01,27.05,-81.1,11692355.0
2013-09-01,26.8,-81.1,11700803.0
2013-09-01,27.05,-80.85,11649979.0
2013-09-01,26.8,-80.85,11606019.0
2013-09-01,27.05,-80.6,11569499.0
2013-09-01,26.8,-80.6,11358419.0
2013-10-01,27.05,-81.1,12132079.0
2013-10-01,26.8,-81.1,12069471.0
2013-10-01,27.05,-80.85,12024711.0
2013-10-01,26.8,-80.85,11909735.0
2013-10-01,27.05,-80.6,11910007.0
2013-10-01,26.8,-80.6,11636551.0
2013-11-01,27.05,-81.1,6740753.0
2013-11-01,26.8,-81.1,7041425.0
2013-11-01,27.05,-80.85,6567265.0
2013-11-01,26.8,-80.85,6827505.0
2013-11-01,27.05,-80.6,6405553.0
2013-11-01,26.8,-80.6,6522177.0
2013-12-01,27.05,-81.1,7379747.0
2013-12-01,26.8,-81.1,7438835.0
2013-12-01,27.05,-80.85,7115059.0
2013-12-01,26.8,-80.85,7156883.0
2013-12-01,27.05,-80.6,6872659.0
2013-12-01,26.8,-80.6,6909603.0
2014-01-01,27.05,-81.1,7986318.0
2014-01-01,26.8,-81.1,8120858.0
2014-01-01,27.05,-80.85,8051314.0
2014-01-01,26.8,-80.85,8169294.0
2014-01-01,27.05,-80.6,8081646.0
2014-01-01,26.8,-80.6,8171242.0
2014-02-01,27.05,-81.1,11319072.0
2014-02-01,26.8,-81.1,11587552.0
2014-02-01,27.05,-80.85,11418256.0
2014-02-01,26.8,-80.85,11637592.0
2014-02-01,27.05,-80.6,11554288.0
2014-02-01,26.8,-80.6,11635032.0
2014-03-01,27.05,-81.1,13800598.0
2014-03-01,26.8,-81.1,13854358.0
2014-03-01,27.05,-80.85,13443798.0
2014-03-01,26.8,-80.85,13435926.0
2014-03-01,27.05,-80.6,13020118.0
2014-03-01,26.8,-80.6,12827638.0
2014-04-01,27.05,-81.1,14982512.0
2014-04-01,26.8,-81.1,15322784.0
2014-04-01,27.05,-80.85,14682304.0
2014-04-01,26.8,-80.85,14946752.0
2014-04-01,27.05,-80.6,14468512.0
2014-04-01,26.8,-80.6,14493536.0
2014-05-01,27.05,-81.1,17829648.0
2014-05-01,26.8,-81.1,17778064.0
2014-05-01,27.05,-80.85,17628720.0
2014-05-01,26.8,-80.85,17518864.0
2014-05-01,27.05,-80.6,17302032.0
2014-05-01,26.8,-80.6,17009344.0
2014-06-01,27.05,-81.1,15724752.0
2014-06-01,26.8,-81.1,15296432.0
2014-06-01,27.05,-80.85,15548272.0
2014-06-01,26.8,-80.85,15056880.0
2014-06-01,27.05,-80.6,15382320.0
2014-06-01,26.8,-80.6,14674384.0
2014-07-01,27.05,-81.1,15176795.0
2014-07-01,26.8,-81.1,14949979.0
2014-07-01,27.05,-80.85,15120907.0
2014-07-01,26.8,-80.85,14857275.0
2014-07-01,27.05,-80.6,14792123.0
2014-07-01,26.8,-80.6,14486443.0
2014-08-01,27.05,-81.1,16961744.0
2014-08-01,26.8,-81.1,16831808.0
2014-08-01,27.05,-80.85,16940032.0
2014-08-01,26.8,-80.85,16746353.0
2014-08-01,27.05,-80.6,16735393.0
2014-08-01,26.8,-80.6,16357921.0
2014-09-01,27.05,-81.1,11730564.0
2014-09-01,26.8,-81.1,11863372.0
2014-09-01,27.05,-80.85,11694636.0
2014-09-01,26.8,-80.85,11784380.0
2014-09-01,27.05,-80.6,11626940.0
2014-09-01,26.8,-80.6,11533812.0
2014-10-01,27.05,-81.1,12637536.0
2014-10-01,26.8,-81.1,12441312.0
2014-10-01,27.05,-80.85,12478272.0
2014-10-01,26.8,-80.85,12246320.0
2014-10-01,27.05,-80.6,12351824.0
2014-10-01,26.8,-80.6,12028720.0
2014-11-01,27.05,-81.1,8749900.0
2014-11-01,26.8,-81.1,8906508.0
2014-11-01,27.05,-80.85,8546316.0
2014-11-01,26.8,-80.85,8686460.0
2014-11-01,27.05,-80.6,8296332.0
2014-11-01,26.8,-80.6,8392908.0
2014-12-01,27.05,-81.1,8601878.0
2014-12-01,26.8,-81.1,8734958.0
2014-12-01,27.05,-80.85,8552334.0
2014-12-01,26.8,-80.85,8655854.0
2014-12-01,27.05,-80.6,8455798.0
2014-12-01,26.8,-80.6,8484918.0
2015-01-01,27.05,-81.1,8542123.0
2015-01-01,26.8,-81.1,8632979.0
2015-01-01,27.05,-80.85,8408043.0
2015-01-01,26.8,-80.85,8480227.0
2015-01-01,27.05,-80.6,8233563.0
2015-01-01,26.8,-80.6,8249107.0
2015-02-01,27.05,-81.1,10639315.0
2015-02-01,26.8,-81.1,10884179.0
2015-02-01,27.05,-80.85,10511371.0
2015-02-01,26.8,-80.85,10732339.0
2015-02-01,27.05,-80.6,10392307.0
2015-02-01,26.8,-80.6,10525587.0
2015-03-01,27.05,-81.1,13180663.0
2015-03-01,26.8,-81.1,13160527.0
2015-03-01,27.05,-80.85,13252407.0
2015-03-01,26.8,-80.85,13161919.0
2015-03-01,27.05,-80.6,13299655.0
2015-03-01,26.8,-80.6,13019543.0
2015-04-01,27.05,-81.1,14841313.0
2015-04-01,26.8,-81.1,14790129.0
2015-04-01,27.05,-80.85,14640897.0
2015-04-01,26.8,-80.85,14576433.0
2015-04-01,27.05,-80.6,14349489.0
2015-04-01,26.8,-80.6,14300081.0
2015-05-01,27.05,-81.1,17703280.0
2015-05-01,26.8,-81.1,17520592.0
2015-05-01,27.05,-80.85,17522016.0
2015-05-01,26.8,-80.85,17271936.0
2015-05-01,27.05,-80.6,17350208.0
2015-05-01,26.8,-80.6,16858528.0
2015-06-01,27.05,-81.1,16763133.0
2015-06-01,26.8,-81.1,16447005.0
2015-06-01,27.05,-80.85,16797116.0
2015-06-01,26.8,-80.85,16411341.0
2015-06-01,27.05,-80.6,16617085.0
2015-06-01,26.8,-80.6,16046861.0
2015-07-01,27.05,-81.1,15219476.0
2015-07-01,26.8,-81.1,14922308.0
2015-07-01,27.05,-80.85,15563796.0
2015-07-01,26.8,-80.85,15206740.0
2015-07-01,27.05,-80.6,15886260.0
2015-07-01,26.8,-80.6,15434580.0
2015-08-01,27.05,-81.1,14251124.0
2015-08-01,26.8,-81.1,14079972.0
2015-08-01,27.05,-80.85,14262076.0
2015-08-01,26.8,-80.85,14069140.0
2015-08-01,27.05,-80.6,13980308.0
2015-08-01,26.8,-80.6,13839556.0
2015-09-01,27.05,-81.1,10570626.0
2015-09-01,26.8,-81.1,10480498.0
2015-09-01,27.05,-80.85,10848618.0
2015-09-01,26.8,-80.85,10740498.0
2015-09-01,27.05,-80.6,10982194.0
2015-09-01,26.8,-80.6,10914194.0
2015-10-01,27.05,-81.1,11167469.0
2015-10-01,26.8,-81.1,10982237.0
2015-10-01,27.05,-80.85,11135637.0
2015-10-01,26.8,-80.85,10917069.0
2015-10-01,27.05,-80.6,11026813.0
2015-10-01,26.8,-80.6,10745525.0
2015-11-01,27.05,-81.1,9041321.0
2015-11-01,26.8,-81.1,8982441.0
2015-11-01,27.05,-80.85,8801001.0
2015-11-01,26.8,-80.85,8722537.0
2015-11-01,27.05,-80.6,8474665.0
2015-11-01,26.8,-80.6,8385689.0
2015-12-01,27.05,-81.1,6604975.0
2015-12-01,26.8,-81.1,6786887.0
2015-12-01,27.05,-80.85,6599551.0
2015-12-01,26.8,-80.85,6765063.0
2015-12-01,27.05,-80.6,6562743.0
2015-12-01,26.8,-80.6,6674787.0
2016-01-01,27.05,-81.1,6885944.0
2016-01-01,26.8,-81.1,6742536.0
2016-01-01,27.05,-80.85,6665784.0
2016-01-01,26.8,-80.85,6518904.0
2016-01-01,27.05,-80.6,6392968.0
2016-01-01,26.8,-80.6,6255752.0
2016-02-01,27.05,-81.1,10647173.0
2016-02-01,26.8,-81.1,10348661.0
2016-02-01,27.05,-80.85,10353413.0
2016-02-01,26.8,-80.85,10027173.0
2016-02-01,27.05,-80.6,10036213.0
2016-02-01,26.8,-80.6,9679365.0
2016-03-01,27.05,-81.1,11016215.0
2016-03-01,26.8,-81.1,11007799.0
2016-03-01,27.05,-80.85,10635463.0
2016-03-01,26.8,-80.85,10565479.0
2016-03-01,27.05,-80.6,10342919.0
2016-03-01,26.8,-80.6,10096599.0
2016-04-01,27.05,-81.1,16308813.0
2016-04-01,26.8,-81.1,16373373.0
2016-04-01,27.05,-80.85,16102269.0
2016-04-01,26.8,-80.85,16076861.0
2016-04-01,27.05,-80.6,15896109.0
2016-04-01,26.8,-80.6,15532029.0
2016-05-01,27.05,-81.1,16417536.0
2016-05-01,26.8,-81.1,16283312.0
2016-05-01,27.05,-80.85,16380584.0
2016-05-01,26.8,-80.85,16182672.0
2016-05-01,27.05,-80.6,16273280.0
2016-05-01,26.8,-80.6,15947664.0
2016-06-01,27.05,-81.1,14981469.0
2016-06-01,26.8,-81.1,14704157.0
2016-06-01,27.05,-80.85,15124557.0
2016-06-01,26.8,-80.85,14780573.0
2016-06-01,27.05,-80.6,15048573.0
2016-06-01,26.8,-80.6,14574429.0
2016-07-01,27.05,-81.1,17302224.0
2016-07-01,26.8,-81.1,16910432.0
2016-07-01,27.05,-80.85,17424944.0
2016-07-01,26.8,-80.85,16984208.0
2016-07-01,27.05,-80.6,17342784.0
2016-07-01,26.8,-80.6,16770384.0
2016-08-01,27.05,-81.1,12354836.0
2016-08-01,26.8,-81.1,12178132.0
2016-08-01,27.05,-80.85,12507444.0
2016-08-01,26.8,-80.85,12261380.0
2016-08-01,27.05,-80.6,12630708.0
2016-08-01,26.8,-80.6,12191060.0
2016-09-01,27.05,-81.1,11634389.0
2016-09-01,26.8,-81.1,11601781.0
2016-09-01,27.05,-80.85,11601949.0
2016-09-01,26.8,-80.85,11514077.0
2016-09-01,27.05,-80.6,11453013.0
2016-09-01,26.8,-80.6,11226869.0
2016-10-01,27.05,-81.1,10208594.0
2016-10-01,26.8,-81.1,10099202.0
2016-10-01,27.05,-80.85,9862018.0
2016-10-01,26.8,-80.85,9729794.0
2016-10-01,27.05,-80.6,9387714.0
2016-10-01,26.8,-80.6,9199394.0
2016-11-01,27.05,-81.1,9579222.0
2016-11-01,26.8,-81.1,9595654.0
2016-11-01,27.05,-80.85,9294886.0
2016-11-01,26.8,-80.85,9286262.0
2016-11-01,27.05,-80.6,8946742.0
2016-11-01,26.8,-80.6,8883494.0
2016-12-01,27.05,-81.1,7796137.0
2016-12-01,26.8,-81.1,7754553.0
2016-12-01,27.05,-80.85,7617841.0
2016-12-01,26.8,-80.85,7561961.0
2016-12-01,27.05,-80.6,7381145.0
2016-12-01,26.8,-80.6,7299113.0
2017-01-01,27.05,-81.1,8708351.0
2017-01-01,26.8,-81.1,8859887.0
2017-01-01,27.05,-80.85,8658607.0
2017-01-01,26.8,-80.85,8788471.0
2017-01-01,27.05,-80.6,8567007.0
2017-01-01,26.8,-80.6,8630743.0
2017-02-01,27.05,-81.1,11294532.0
2017-02-01,26.8,-81.1,11439620.0
2017-02-01,27.05,-80.85,11101796.0
2017-02-01,26.8,-80.85,11180276.0
2017-02-01,27.05,-80.6,10987380.0
2017-02-01,26.8,-80.6,10840868.0
2017-03-01,27.05,-81.1,13892614.0
2017-03-01,26.8,-81.1,13859846.0
2017-03-01,27.05,-80.85,13625878.0
2017-03-01,26.8,-80.85,13547366.0
2017-03-01,27.05,-80.6,13303926.0
2017-03-01,26.8,-80.6,13110822.0
2017-04-01,27.05,-81.1,14854782.0
2017-04-01,26.8,-81.1,14647342.0
2017-04-01,27.05,-80.85,14680894.0
2017-04-01,26.8,-80.85,14416830.0
2017-04-01,27.05,-80.6,14549838.0
2017-04-01,26.8,-80.6,14028190.0
2017-05-01,27.05,-81.1,18459624.0
2017-05-01,26.8,-81.1,18321968.0
2017-05-01,27.05,-80.85,18525744.0
2017-05-01,26.8,-80.85,18329712.0
2017-05-01,27.05,-80.6,18553336.0
2017-05-01,26.8,-80.6,18233808.0
2017-06-01,27.05,-81.1,11022963.0
2017-06-01,26.8,-81.1,10947387.0
2017-06-01,27.05,-80.85,11140771.0
2017-06-01,26.8,-80.85,11017963.0
2017-06-01,27.05,-80.6,11135891.0
2017-06-01,26.8,-80.6,10920519.0
2017-07-01,27.05,-81.1,13778944.0
2017-07-01,26.8,-81.1,13507528.0
2017-07-01,27.05,-80.85,13938304.0
2017-07-01,26.8,-80.85,13616728.0
2017-07-01,27.05,-80.6,13983608.0
2017-07-01,26.8,-80.6,13551424.0
2017-08-01,27.05,-81.1,14281427.0
2017-08-01,26.8,-81.1,14175739.0
2017-08-01,27.05,-80.85,14433219.0
2017-08-01,26.8,-80.85,14283603.0
2017-08-01,27.05,-80.6,14532099.0
2017-08-01,26.8,-80.6,14255971.0
2017-09-01,27.05,-81.1,11977958.0
2017-09-01,26.8,-81.1,12071494.0
2017-09-01,27.05,-80.85,11952478.0
2017-09-01,26.8,-80.85,11978838.0
2017-09-01,27.05,-80.6,11931622.0
2017-09-01,26.8,-80.6,11766654.0
2017-10-01,27.05,-81.1,10096298.0
2017-10-01,26.8,-81.1,10089962.0
2017-10-01,27.05,-80.85,10050346.0
2017-10-01,26.8,-80.85,10008506.0
2017-10-01,27.05,-80.6,9938714.0
2017-10-01,26.8,-80.6,9778618.0
2017-11-01,27.05,-81.1,9419577.0
2017-11-01,26.8,-81.1,9634473.0
2017-11-01,27.05,-80.85,9266953.0
2017-11-01,26.8,-80.85,9436825.0
2017-11-01,27.05,-80.6,9093449.0
2017-11-01,26.8,-80.6,9145225.0
2017-12-01,27.05,-81.1,8623580.0
2017-12-01,26.8,-81.1,8765144.0
2017-12-01,27.05,-80.85,8665136.0
2017-12-01,26.8,-80.85,8785620.0
2017-12-01,27.05,-80.6,8688668.0
2017-12-01,26.8,-80.6,8739564.0
2018-01-01,27.05,-81.1,7725539.0
2018-01-01,26.8,-81.1,7802467.0
2018-01-01,27.05,-80.85,7376819.0
2018-01-01,26.8,-80.85,7469219.0
2018-01-01,27.05,-80.6,6930579.0
2018-01-01,26.8,-80.6,7141075.0
2018-02-01,27.05,-81.1,10384566.0
2018-02-01,26.8,-81.1,10437926.0
2018-02-01,27.05,-80.85,10276582.0
2018-02-01,26.8,-80.85,10301990.0
2018-02-01,27.05,-80.6,10130926.0
2018-02-01,26.8,-80.6,10066878.0
2018-03-01,27.05,-81.1,16624842.0
2018-03-01,26.8,-81.1,16747042.0
2018-03-01,27.05,-80.85,16473050.0
2018-03-01,26.8,-80.85,16553194.0
2018-03-01,27.05,-80.6,16318322.0
2018-03-01,26.8,-80.6,16224018.0
2018-04-01,27.05,-81.1,17178888.0
2018-04-01,26.8,-81.1,17261512.0
2018-04-01,27.05,-80.85,17067528.0
2018-04-01,26.8,-80.85,17091928.0
2018-04-01,27.05,-80.6,16998608.0
2018-04-01,26.8,-80.6,16849040.0
2018-05-01,27.05,-81.1,9303354.0
2018-05-01,26.8,-81.1,9153722.0
2018-05-01,27.05,-80.85,9221162.0
2018-05-01,26.8,-80.85,9030458.0
2018-05-01,27.05,-80.6,9131682.0
2018-05-01,26.8,-80.6,8841202.0
2018-06-01,27.05,-81.1,14396488.0
2018-06-01,26.8,-81.1,14108232.0
2018-06-01,27.05,-80.85,14481944.0
2018-06-01,26.8,-80.85,14125528.0
2018-06-01,27.05,-80.6,14418264.0
2018-06-01,26.8,-80.6,13908328.0
2018-07-01,27.05,-81.1,13603508.0
2018-07-01,26.8,-81.1,13545424.0
2018-07-01,27.05,-80.85,13685700.0
2018-07-01,26.8,-80.85,13577664.0
2018-07-01,27.05,-80.6,13756208.0
2018-07-01,26.8,-80.6,13526384.0
2018-08-01,27.05,-81.1,14140955.0
2018-08-01,26.8,-81.1,13891835.0
2018-08-01,27.05,-80.85,14390283.0
2018-08-01,26.8,-80.85,14091691.0
2018-08-01,27.05,-80.6,14578587.0
2018-08-01,26.8,-80.6,14172443.0
2018-09-01,27.05,-81.1,12767911.0
2018-09-01,26.8,-81.1,12684599.0
2018-09-01,27.05,-80.85,12715199.0
2018-09-01,26.8,-80.85,12577927.0
2018-09-01,27.05,-80.6,12694839.0
2018-09-01,26.8,-80.6,12392767.0
2018-10-01,27.05,-81.1,12061122.0
2018-10-01,26.8,-81.1,12018358.0
2018-10-01,27.05,-80.85,12080978.0
2018-10-01,26.8,-80.85,12004406.0
2018-10-01,27.05,-80.6,12143830.0
2018-10-01,26.8,-80.6,11948622.0
2018-11-01,27.05,-81.1,9079225.0
2018-11-01,26.8,-81.1,9113921.0
2018-11-01,27.05,-80.85,9027745.0
2018-11-01,26.8,-80.85,9028873.0
2018-11-01,27.05,-80.6,8926817.0
2018-11-01,26.8,-80.6,8850673.0
2018-12-01,27.05,-81.1,8002627.0
2018-12-01,26.8,-81.1,8153107.0
2018-12-01,27.05,-80.85,7960459.0
2018-12-01,26.8,-80.85,8091843.0
2018-12-01,27.05,-80.6,7787723.0
2018-12-01,26.8,-80.6,7894915.0
2019-01-01,27.05,-81.1,9159102.0
2019-01-01,26.8,-81.1,9249950.0
2019-01-01,27.05,-80.85,8998814.0
2019-01-01,26.8,-80.85,9073630.0
2019-01-01,27.05,-80.6,8820126.0
2019-01-01,26.8,-80.6,8843430.0
2019-02-01,27.05,-81.1,10168229.0
2019-02-01,26.8,-81.1,10160173.0
2019-02-01,27.05,-80.85,10100365.0
2019-02-01,26.8,-80.85,10047025.0
2019-02-01,27.05,-80.6,10089473.0
2019-02-01,26.8,-80.6,9936585.0
2019-03-01,27.05,-81.1,11658057.0
2019-03-01,26.8,-81.1,11715753.0
2019-03-01,27.05,-80.85,11610257.0
2019-03-01,26.8,-80.85,11627521.0
2019-03-01,27.05,-80.6,11473161.0
2019-03-01,26.8,-80.6,11447169.0
2019-04-01,27.05,-81.1,16478328.0
2019-04-01,26.8,-81.1,16542808.0
2019-04-01,27.05,-80.85,16113848.0
2019-04-01,26.8,-80.85,16126648.0
2019-04-01,27.05,-80.6,15750888.0
2019-04-01,26.8,-80.6,15607304.0
2019-05-01,27.05,-81.1,16937736.0
2019-05-01,26.8,-81.1,16927944.0
2019-05-01,27.05,-80.85,16830872.0
2019-05-01,26.8,-80.85,16749352.0
2019-05-01,27.05,-80.6,16745544.0
2019-05-01,26.8,-80.6,16404520.0
2019-06-01,27.05,-81.1,13685529.0
2019-06-01,26.8,-81.1,13685937.0
2019-06-01,27.05,-80.85,13711729.0
2019-06-01,26.8,-80.85,13655793.0
2019-06-01,27.05,-80.6,13693633.0
2019-06-01,26.8,-80.6,13487213.0
2019-07-01,27.05,-81.1,14160022.0
2019-07-01,26.8,-81.1,14084710.0
2019-07-01,27.05,-80.85,14256742.0
2019-07-01,26.8,-80.85,14114606.0
2019-07-01,27.05,-80.6,14237462.0
2019-07-01,26.8,-80.6,13915422.0
2019-08-01,27.05,-81.1,10775406.0
2019-08-01,26.8,-81.1,10322638.0
2019-08-01,27.05,-80.85,11236430.0
2019-08-01,26.8,-80.85,10729710.0
2019-08-01,27.05,-80.6,11705678.0
2019-08-01,26.8,-80.6,11078318.0
2019-09-01,27.05,-81.1,13521137.0
2019-09-01,26.8,-81.1,13668753.0
2019-09-01,27.05,-80.85,13290225.0
2019-09-01,26.8,-80.85,13391713.0
2019-09-01,27.05,-80.6,13199377.0
2019-09-01,26.8,-80.6,13128145.0
2019-10-01,27.05,-81.1,10822205.0
2019-10-01,26.8,-81.1,10844653.0
2019-10-01,27.05,-80.85,10762229.0
2019-10-01,26.8,-80.85,10748149.0
2019-10-01,27.05,-80.6,10620197.0
2019-10-01,26.8,-80.6,10512013.0
2019-11-01,27.05,-81.1,8830094.0
2019-11-01,26.8,-81.1,9011790.0
2019-11-01,27.05,-80.85,8671038.0
2019-11-01,26.8,-80.85,8828910.0
2019-11-01,27.05,-80.6,8512222.0
2019-11-01,26.8,-80.6,8603214.0
2019-12-01,27.05,-81.1,7196503.0
2019-12-01,26.8,-81.1,7280655.0
2019-12-01,27.05,-80.85,7151675.0
2019-12-01,26.8,-80.85,7225127.0
2019-12-01,27.05,-80.6,7022579.0
2019-12-01,26.8,-80.6,7095547.0
2020-01-01,27.05,-81.1,10058504.0
2020-01-01,26.8,-81.1,10233720.0
2020-01-01,27.05,-80.85,9825032.0
2020-01-01,26.8,-80.85,9974936.0
2020-01-01,27.05,-80.6,9479448.0
2020-01-01,26.8,-80.6,9560504.0
2020-02-01,27.05,-81.1,10145123.0
2020-02-01,26.8,-81.1,10294451.0
2020-02-01,27.05,-80.85,10020859.0
2020-02-01,26.8,-80.85,10117075.0
2020-02-01,27.05,-80.6,9868475.0
2020-02-01,26.8,-80.6,9831915.0
2020-03-01,27.05,-81.1,13619807.0
2020-03-01,26.8,-81.1,13613935.0
2020-03-01,27.05,-80.85,13597087.0
2020-03-01,26.8,-80.85,13513015.0
2020-03-01,27.05,-80.6,13485287.0
2020-03-01,26.8,-80.6,13100423.0
2020-04-01,27.05,-81.1,14603353.0
2020-04-01,26.8,-81.1,15055113.0
2020-04-01,27.05,-80.85,14402649.0
2020-04-01,26.8,-80.85,14793209.0
2020-04-01,27.05,-80.6,14263977.0
2020-04-01,26.8,-80.6,14444185.0
2020-05-01,27.05,-81.1,15305277.0
2020-05-01,26.8,-81.1,15150909.0
2020-05-01,27.05,-80.85,15138141.0
2020-05-01,26.8,-80.85,14947229.0
2020-05-01,27.05,-80.6,15011581.0
2020-05-01,26.8,-80.6,14700653.0
2020-06-01,27.05,-81.1,13589679.0
2020-06-01,26.8,-81.1,13578095.0
2020-06-01,27.05,-80.85,13570231.0
2020-06-01,26.8,-80.85,13509959.0
2020-06-01,27.05,-80.6,13524783.0
2020-06-01,26.8,-80.6,13280687.0
2020-07-01,27.05,-81.1,14693585.0
2020-07-01,26.8,-81.1,14622681.0
2020-07-01,27.05,-80.85,14717737.0
2020-07-01,26.8,-80.85,14582481.0
2020-07-01,27.05,-80.6,14706497.0
2020-07-01,26.8,-80.6,14422297.0
2020-08-01,27.05,-81.1,14146515.0
2020-08-01,26.8,-81.1,14180579.0
2020-08-01,27.05,-80.85,14161255.0
2020-08-01,26.8,-80.85,14166355.0
2020-08-01,27.05,-80.6,13936635.0
2020-08-01,26.8,-80.6,13932371.0
2020-09-01,27.05,-81.1,10820202.0
2020-09-01,26.8,-81.1,10893874.0
2020-09-01,27.05,-80.85,10887654.0
2020-09-01,26.8,-80.85,10901734.0
2020-09-01,27.05,-80.6,10925874.0
2020-09-01,26.8,-80.6,10765294.0
2020-10-01,27.05,-81.1,8801609.0
2020-10-01,26.8,-81.1,8669969.0
2020-10-01,27.05,-80.85,8799049.0
2020-10-01,26.8,-80.85,8629073.0
2020-10-01,27.05,-80.6,8748617.0
2020-10-01,26.8,-80.6,8492425.0
2020-11-01,27.05,-81.1,7431605.0
2020-11-01,26.8,-81.1,7452501.0
2020-11-01,27.05,-80.85,7210821.0
2020-11-01,26.8,-80.85,7203765.0
2020-11-01,27.05,-80.6,6974629.0
2020-11-01,26.8,-80.6,6886869.0
2020-12-01,27.05,-81.1,8174209.0
2020-12-01,26.8,-81.1,8386225.0
2020-12-01,27.05,-80.85,7962753.0
2020-12-01,26.8,-80.85,8173969.0
2020-12-01,27.05,-80.6,7657873.0
2020-12-01,26.8,-80.6,7881857.0
2021-01-01,27.05,-81.1,9207825.0
2021-01-01,26.8,-81.1,9199417.0
2021-01-01,27.05,-80.85,9091449.0
2021-01-01,26.8,-80.85,9075361.0
2021-01-01,27.05,-80.6,8892265.0
2021-01-01,26.8,-80.6,8862257.0
2021-02-01,27.05,-81.1,10485257.0
2021-02-01,26.8,-81.1,10476381.0
2021-02-01,27.05,-80.85,10434897.0
2021-02-01,26.8,-80.85,10396845.0
2021-02-01,27.05,-80.6,10434049.0
2021-02-01,26.8,-80.6,10352729.0
2021-03-01,27.05,-81.1,12986713.0
2021-03-01,26.8,-81.1,12812265.0
2021-03-01,27.05,-80.85,12597769.0
2021-03-01,26.8,-80.85,12394265.0
2021-03-01,27.05,-80.6,12262505.0
2021-03-01,26.8,-80.6,11967449.0
2021-04-01,27.05,-81.1,15079411.0
2021-04-01,26.8,-81.1,15195107.0
2021-04-01,27.05,-80.85,14612067.0
2021-04-01,26.8,-80.85,14673395.0
2021-04-01,27.05,-80.6,14268899.0
2021-04-01,26.8,-80.6,14218947.0
2021-05-01,27.05,-81.1,16515961.0
2021-05-01,26.8,-81.1,16196313.0
2021-05-01,27.05,-80.85,16371337.0
2021-05-01,26.8,-80.85,15960905.0
2021-05-01,27.05,-80.6,16334585.0
2021-05-01,26.8,-80.6,15681785.0
2021-06-01,27.05,-81.1,11266294.0
2021-06-01,26.8,-81.1,11179926.0
2021-06-01,27.05,-80.85,11260054.0
2021-06-01,26.8,-80.85,11110214.0
2021-06-01,27.05,-80.6,11348054.0
2021-06-01,26.8,-80.6,11018398.0
2021-07-01,27.05,-81.1,13882913.0
2021-07-01,26.8,-81.1,13803713.0
2021-07-01,27.05,-80.85,13966233.0
2021-07-01,26.8,-80.85,13816201.0
2021-07-01,27.05,-80.6,13782057.0
2021-07-01,26.8,-80.6,13479249.0
2021-08-01,27.05,-81.1,12367946.0
2021-08-01,26.8,-81.1,12208862.0
2021-08-01,27.05,-80.85,12404178.0
2021-08-01,26.8,-80.85,12219310.0
2021-08-01,27.05,-80.6,12361614.0
2021-08-01,26.8,-80.6,12145818.0
2021-09-01,27.05,-81.1,11658960.0
2021-09-01,26.8,-81.1,11623532.0
2021-09-01,27.05,-80.85,11807272.0
2021-09-01,26.8,-80.85,11715092.0
2021-09-01,27.05,-80.6,11830284.0
2021-09-01,26.8,-80.6,11639144.0
2021-10-01,27.05,-81.1,11020336.0
2021-10-01,26.8,-81.1,11083592.0
2021-10-01,27.05,-80.85,10831800.0
2021-10-01,26.8,-80.85,10871224.0
2021-10-01,27.05,-80.6,10618344.0
2021-10-01,26.8,-80.6,10561808.0
2021-11-01,27.05,-81.1,8932151.0
2021-11-01,26.8,-81.1,8860919.0
2021-11-01,27.05,-80.85,8689367.0
2021-11-01,26.8,-80.85,8603351.0
2021-11-01,27.05,-80.6,8373815.0
2021-11-01,26.8,-80.6,8298647.0
2021-12-01,27.05,-81.1,9185279.0
2021-12-01,26.8,-81.1,9022135.0
2021-12-01,27.05,-80.85,9135335.0
2021-12-01,26.8,-80.85,8943951.0
2021-12-01,27.05,-80.6,9055095.0
2021-12-01,26.8,-80.6,8816719.0
2022-01-01,27.05,-81.1,8329944.0
2022-01-01,26.8,-81.1,8483192.0
2022-01-01,27.05,-80.85,8251848.0
2022-01-01,26.8,-80.85,8398560.0
2022-01-01,27.05,-80.6,8218040.0
2022-01-01,26.8,-80.6,8348920.0
2022-02-01,27.05,-81.1,10105248.0
2022-02-01,26.8,-81.1,10310160.0
2022-02-01,27.05,-80.85,9770656.0
2022-02-01,26.8,-80.85,9950976.0
2022-02-01,27.05,-80.6,9509472.0
2022-02-01,26.8,-80.6,9574720.0
2022-03-01,27.05,-81.1,13842507.0
2022-03-01,26.8,-81.1,13828763.0
2022-03-01,27.05,-80.85,13516411.0
2022-03-01,26.8,-80.85,13473771.0
2022-03-01,27.05,-80.6,13217307.0
2022-03-01,26.8,-80.6,13131083.0
2022-04-01,27.05,-81.1,15147207.0
2022-04-01,26.8,-81.1,15303367.0
2022-04-01,27.05,-80.85,14854887.0
2022-04-01,26.8,-80.85,14942103.0
2022-04-01,27.05,-80.6,14569367.0
2022-04-01,26.8,-80.6,14476487.0
2022-05-01,27.05,-81.1,17067456.0
2022-05-01,26.8,-81.1,17072864.0
2022-05-01,27.05,-80.85,17025488.0
2022-05-01,26.8,-80.85,16974064.0
2022-05-01,27.05,-80.6,17012224.0
2022-05-01,26.8,-80.6,16789928.0
2022-06-01,27.05,-81.1,15542580.0
2022-06-01,26.8,-81.1,15498052.0
2022-06-01,27.05,-80.85,15730196.0
2022-06-01,26.8,-80.85,15624956.0
2022-06-01,27.05,-80.6,15926204.0
2022-06-01,26.8,-80.6,15610724.0
2022-07-01,27.05,-81.1,16832628.0
2022-07-01,26.8,-81.1,16562235.0
2022-07-01,27.05,-80.85,16832932.0
2022-07-01,26.8,-80.85,16530699.0
2022-07-01,27.05,-80.6,16692987.0
2022-07-01,26.8,-80.6,16342259.0
2022-08-01,27.05,-81.1,14942516.0
2022-08-01,26.8,-81.1,14697436.0
2022-08-01,27.05,-80.85,14970764.0
2022-08-01,26.8,-80.85,14697036.0
2022-08-01,27.05,-80.6,14833316.0
2022-08-01,26.8,-80.6,14541460.0
2022-09-01,27.05,-81.1,12775443.0
2022-09-01,26.8,-81.1,12662251.0
2022-09-01,27.05,-80.85,12806555.0
2022-09-01,26.8,-80.85,12660315.0
2022-09-01,27.05,-80.6,12588699.0
2022-09-01,26.8,-80.6,12405659.0
2022-10-01,27.05,-81.1,11004399.0
2022-10-01,26.8,-81.1,11125375.0
2022-10-01,27.05,-80.85,10857631.0
2022-10-01,26.8,-80.85,10929071.0
2022-10-01,27.05,-80.6,10632175.0
2022-10-01,26.8,-80.6,10557423.0
2022-11-01,27.05,-81.1,8337037.0
2022-11-01,26.8,-81.1,8486381.0
2022-11-01,27.05,-80.85,8303057.0
2022-11-01,26.8,-80.85,8390429.0
2022-11-01,27.05,-80.6,8376245.0
2022-11-01,26.8,-80.6,8270877.0
2022-12-01,27.05,-81.1,7448489.0
2022-12-01,26.8,-81.1,7573977.0
2022-12-01,27.05,-80.85,7360977.0
2022-12-01,26.8,-80.85,7448249.0
2022-12-01,27.05,-80.6,7320169.0
2022-12-01,26.8,-80.6,7263905.0
2023-01-01,27.05,-81.1,9554538.0
2023-01-01,26.8,-81.1,9647362.0
2023-01-01,27.05,-80.85,9423834.0
2023-01-01,26.8,-80.85,9497578.0
2023-01-01,27.05,-80.6,9283562.0
2023-01-01,26.8,-80.6,9302178.0
2023-02-01,27.05,-81.1,11818767.0
2023-02-01,26.8,-81.1,12043023.0
2023-02-01,27.05,-80.85,11601871.0
2023-02-01,26.8,-80.85,11755791.0
2023-02-01,27.05,-80.6,11585535.0
2023-02-01,26.8,-80.6,11453951.0
2023-03-01,27.05,-81.1,14385512.0
2023-03-01,26.8,-81.1,14273320.0
2023-03-01,27.05,-80.85,14234856.0
2023-03-01,26.8,-80.85,14055672.0
2023-03-01,27.05,-80.6,14107544.0
2023-03-01,26.8,-80.6,13745032.0
2023-04-01,27.05,-81.1,14667048.0
2023-04-01,26.8,-81.1,14780176.0
2023-04-01,27.05,-80.85,14516280.0
2023-04-01,26.8,-80.85,14563864.0
2023-04-01,27.05,-80.6,14350240.0
2023-04-01,26.8,-80.6,14271536.0
2023-05-01,27.05,-81.1,17890232.0
2023-05-01,26.8,-81.1,17966760.0
2023-05-01,27.05,-80.85,17873040.0
2023-05-01,26.8,-80.85,17895144.0
2023-05-01,27.05,-80.6,17730264.0
2023-05-01,26.8,-80.6,17604552.0
2023-06-01,27.05,-81.1,15953240.0
2023-06-01,26.8,-81.1,15806120.0
2023-06-01,27.05,-80.85,15993568.0
2023-06-01,26.8,-80.85,15776568.0
2023-06-01,27.05,-80.6,15977016.0
2023-06-01,26.8,-80.6,15589152.0
2023-07-01,27.05,-81.1,16056728.0
2023-07-01,26.8,-81.1,15980472.0
2023-07-01,27.05,-80.85,16131144.0
2023-07-01,26.8,-80.85,15979104.0
2023-07-01,27.05,-80.6,16117864.0
2023-07-01,26.8,-80.6,15742872.0
2023-08-01,27.05,-81.1,15144005.0
2023-08-01,26.8,-81.1,14864629.0
2023-08-01,27.05,-80.85,15326709.0
2023-08-01,26.8,-80.85,15006821.0
2023-08-01,27.05,-80.6,15415061.0
2023-08-01,26.8,-80.6,14959541.0
2023-09-01,27.05,-81.1,13103666.0
2023-09-01,26.8,-81.1,13001330.0
2023-09-01,27.05,-80.85,13065490.0
2023-09-01,26.8,-80.85,12899890.0
2023-09-01,27.05,-80.6,12865970.0
2023-09-01,26.8,-80.6,12542162.0
2023-10-01,27.05,-81.1,11218172.0
2023-10-01,26.8,-81.1,11289020.0
2023-10-01,27.05,-80.85,11061364.0
2023-10-01,26.8,-80.85,11103484.0
2023-10-01,27.05,-80.6,10890748.0
2023-10-01,26.8,-80.6,10841044.0
2023-11-01,27.05,-81.1,8530611.0
2023-11-01,26.8,-81.1,8621411.0
2023-11-01,27.05,-80.85,8241347.0
2023-11-01,26.8,-80.85,8286915.0
2023-11-01,27.05,-80.6,7828547.0
2023-11-01,26.8,-80.6,7758051.0
2023-12-01,27.05,-81.1,5684521.0
2023-12-01,26.8,-81.1,5813745.0
2023-12-01,27.05,-80.85,5494345.0
2023-12-01,26.8,-80.85,5616017.0
2023-12-01,27.05,-80.6,5360945.0
2023-12-01,26.8,-80.6,5441809.0
2024-01-01,27.05,-81.1,6655288.0
2024-01-01,26.8,-81.1,6609416.0
2024-01-01,27.05,-80.85,6554064.0
2024-01-01,26.8,-80.85,6504512.0
2024-01-01,27.05,-80.6,6403560.0
2024-01-01,26.8,-80.6,6365512.0
2024-02-01,27.05,-81.1,11741082.0
2024-02-01,26.8,-81.1,11709002.0
2024-02-01,27.05,-80.85,11364714.0
2024-02-01,26.8,-80.85,11291210.0
2024-02-01,27.05,-80.6,10916266.0
2024-02-01,26.8,-80.6,10728666.0
2024-03-01,27.05,-81.1,11910336.0
2024-03-01,26.8,-81.1,11876704.0
2024-03-01,27.05,-80.85,11611776.0
2024-03-01,26.8,-80.85,11512144.0
2024-03-01,27.05,-80.6,11365024.0
2024-03-01,26.8,-80.6,11089216.0
2024-04-01,27.05,-81.1,18042064.0
2024-04-01,26.8,-81.1,17972144.0
2024-04-01,27.05,-80.85,17751472.0
2024-04-01,26.8,-80.85,17602000.0
2024-04-01,27.05,-80.6,17405520.0
2024-04-01,26.8,-80.6,16968912.0
2024-05-01,27.05,-81.1,18080512.0
2024-05-01,26.8,-81.1,18198072.0
2024-05-01,27.05,-80.85,18081744.0
2024-05-01,26.8,-80.85,18118968.0
2024-05-01,27.05,-80.6,18025608.0
2024-05-01,26.8,-80.6,17745784.0
2024-06-01,27.05,-81.1,14026246.0
2024-06-01,26.8,-81.1,13651062.0
2024-06-01,27.05,-80.85,13733718.0
2024-06-01,26.8,-80.85,13320950.0
2024-06-01,27.05,-80.6,13602630.0
2024-06-01,26.8,-80.6,13070278.0
2024-07-01,27.05,-81.1,14691919.0
2024-07-01,26.8,-81.1,14503911.0
2024-07-01,27.05,-80.85,14697343.0
2024-07-01,26.8,-80.85,14479247.0
2024-07-01,27.05,-80.6,14528751.0
2024-07-01,26.8,-80.6,14254063.0
2024-08-01,27.05,-81.1,13188654.0
2024-08-01,26.8,-81.1,12899758.0
2024-08-01,27.05,-80.85,13142998.0
2024-08-01,26.8,-80.85,12822190.0
2024-08-01,27.05,-80.6,13019406.0
2024-08-01,26.8,-80.6,12672550.0
2024-09-01,27.05,-81.1,12104213.0
2024-09-01,26.8,-81.1,12208597.0
2024-09-01,27.05,-80.85,12023045.0
2024-09-01,26.8,-80.85,12071221.0
2024-09-01,27.05,-80.6,11712677.0
2024-09-01,26.8,-80.6,11611957.0
2024-10-01,27.05,-81.1,9720098.0
2024-10-01,26.8,-81.1,9631762.0
2024-10-01,27.05,-80.85,9485922.0
2024-10-01,26.8,-80.85,9365506.0
2024-10-01,27.05,-80.6,9267650.0
2024-10-01,26.8,-80.6,9043698.0
2024-11-01,27.05,-81.1,9320283.0
2024-11-01,26.8,-81.1,9522763.0
2024-11-01,27.05,-80.85,9143515.0
2024-11-01,26.8,-80.85,9317451.0
2024-11-01,27.05,-80.6,8967067.0
2024-11-01,26.8,-80.6,9012123.0
