Date,RADT_0,RADT_1,RADT_2,RADT_3,average_RADT
1988-08-31,,0.3486666666666667,,,0.3486666666666667
1988-09-30,,0.391,,,0.391
1988-10-31,,0.24633333333333332,,,0.24633333333333332
1988-11-30,,0.17126666666666665,,,0.17126666666666665
1988-12-31,,0.072,,,0.072
1989-01-31,,0.213875,0.2352,,0.2225625
1989-02-28,,0.24360714285714286,0.2890357142857143,,0.26632142857142854
1989-03-31,,0.25566666666666665,185.54177419354838,,185.54291935483872
1989-04-30,,0.213,294.09029999999996,,255.75847826086957
1989-05-31,,0.41887096774193544,420.417625,,108.80677419354839
1989-06-30,,199.36633333333333,425.7142857142857,,371.79083333333335
1989-07-31,,,,,
1989-08-31,,0.3557272727272727,0.3523478260869565,,0.35093478260869565
1989-09-30,,0.33376666666666666,0.3396666666666667,,0.33671666666666666
1989-10-31,,0.23958064516129035,0.2918064516129032,,0.26569354838709675
1989-11-30,,0.16320833333333332,0.22193333333333334,,0.20173333333333335
1989-12-31,,0.17116666666666666,0.15383870967741936,,0.16896774193548386
1990-01-31,,0.13815384615384615,0.20858064516129032,,0.19058064516129034
1990-02-28,,0.20947619047619048,0.25760714285714287,,0.23785714285714285
1990-03-31,,0.22761290322580646,0.31973333333333337,,0.25412903225806455
1990-04-30,,0.3082,,0.5276666666666666,0.4279090909090909
1990-05-31,,,,0.3495161290322581,0.3495161290322581
1990-06-30,,0.27470370370370367,0.2605,0.3531,0.3172388888888889
1990-07-31,,0.22329032258064516,0.2674285714285714,0.33195652173913043,0.2703655913978495
1990-08-31,,0.203125,0.22895833333333335,0.21696774193548388,0.21491397849462365
1990-09-30,,,,0.20900000000000002,0.20900000000000002
1990-10-31,,0.128,0.17039285714285715,0.15538709677419354,0.16689247311827957
1990-11-30,,0.1254,0.15736666666666668,0.022724137931034484,0.10236111111111111
1990-12-31,,0.11038709677419355,0.13615789473684212,,0.11659677419354839
1991-01-31,,0.0885,0.11208695652173913,0.0007777777777777778,0.09200537634408602
1991-02-28,,0.09178571428571428,0.11866666666666666,-0.0018571428571428573,0.08874404761904763
1991-03-31,,0.0647741935483871,0.004857142857142857,,0.0462741935483871
1991-04-30,,0.0473125,0.001,-0.000375,0.017333333333333333
1991-05-31,,,0.0006774193548387097,0.0016451612903225807,0.0011612903225806453
1991-06-30,,,0.00046153846153846153,0.0021666666666666666,0.001966666666666667
1991-07-31,,,,0.0024193548387096775,0.0024193548387096775
1991-08-31,,,,0.0003548387096774193,0.0003548387096774193
1991-09-30,,,,-0.00020000000000000012,-0.00020000000000000012
1991-10-31,,,,0.005190476190476191,0.005190476190476191
1991-11-30,,,0.14241176470588238,,0.14241176470588238
1991-12-31,,,0.15222727272727274,,0.15222727272727274
1992-01-31,,0.1358888888888889,0.14241935483870968,,0.13811290322580647
1992-02-29,,0.16886206896551725,0.16184,,0.16844827586206895
1992-03-31,,0.20442105263157895,0.24276470588235294,,0.2212037037037037
1992-04-30,,0.2506333333333333,0.2516333333333333,,0.2511333333333333
1992-05-31,,0.2845161290322581,0.2931290322580645,,0.2888225806451613
1992-06-30,,0.2236,0.3461739130434783,,0.27165
1992-07-31,,0.25261290322580643,0.4357419354838709,,0.3441774193548387
1992-08-31,,0.2023548387096774,0.3669032258064516,,0.2846290322580645
1992-09-30,,0.21353333333333332,0.3424,,0.2779666666666667
1992-10-31,,0.15664516129032258,0.3011935483870968,,0.22891935483870968
1992-11-30,,0.1158,0.22383333333333333,,0.16981666666666667
1992-12-31,,0.12483870967741936,0.25025000000000003,,0.13906451612903226
1993-01-31,,0.13206451612903228,,,0.13206451612903228
1993-02-28,,0.14182142857142857,,,0.14182142857142857
1993-03-31,,0.14735483870967742,0.21438709677419354,,0.18087096774193548
1993-04-30,,0.2586,0.2624666666666667,0.2792777777777778,0.2626777777777778
1993-05-31,,0.2633225806451613,0.2593225806451613,0.2650322580645161,0.2625591397849462
1993-06-30,,0.2769333333333333,0.2940666666666667,0.2910333333333333,0.28734444444444446
1993-07-31,,0.24938709677419355,0.26996774193548384,0.2650322580645161,0.2614623655913978
1993-08-31,,0.21983870967741936,0.24393548387096775,0.23800000000000002,0.23392473118279572
1993-09-30,,0.20643333333333333,0.21116666666666667,0.21673333333333333,0.21144444444444446
1993-10-31,,0.15893548387096773,0.17693548387096775,0.17780645161290323,0.1712258064516129
1993-11-30,,0.13563333333333333,0.1459,0.15071428571428572,0.14363333333333334
1993-12-31,,0.12464516129032258,0.13451612903225807,0.1426774193548387,0.13394623655913981
1994-01-31,,0.12093548387096774,0.11541935483870967,0.12774193548387097,0.12136559139784946
1994-02-28,,0.13075,0.16724999999999998,0.16217857142857145,0.15339285714285714
1994-03-31,,0.2085483870967742,0.21545161290322581,0.19729032258064516,0.20709677419354838
1994-04-30,,0.22613333333333333,0.2427666666666667,0.24023333333333333,0.23637777777777777
1994-05-31,,0.26541935483870965,0.2824516129032258,0.2663225806451613,0.2713978494623656
1994-06-30,,0.25296,0.22846666666666668,0.2111333333333333,0.22981111111111113
1994-07-31,,0.21133333333333332,0.19593548387096774,0.15593548387096773,0.18590860215053764
1994-08-31,0.17996428571428572,0.11642857142857142,0.21706451612903227,0.18525806451612906,0.1890967741935484
1994-09-30,0.1966,0.093,0.16703333333333334,0.15940000000000001,0.15400833333333336
1994-10-31,0.16848387096774192,0.08580645161290323,0.17380645161290323,0.17325806451612905,0.15033870967741936
1994-11-30,0.12200000000000001,0.0673,0.12440000000000001,0.10623076923076923,0.10547777777777778
1994-12-31,0.12480645161290321,0.05870967741935484,0.10880645161290323,0.08351612903225807,0.09395967741935483
1995-01-31,0.13893548387096774,0.08445161290322581,0.13425806451612904,0.09538709677419355,0.11325806451612903
1995-02-28,0.19010714285714286,0.15296428571428572,0.18392857142857144,0.13178571428571428,0.16469642857142858
1995-03-31,0.2143225806451613,0.2845806451612903,0.21723333333333333,0.1610344827586207,0.2194758064516129
1995-04-30,0.2351,0.3670333333333333,0.22283333333333333,0.22684210526315793,0.26453611111111114
1995-05-31,0.28193548387096773,0.44748387096774195,0.28674193548387095,0.24893548387096773,0.3162741935483871
1995-06-30,0.20856666666666665,0.14736666666666667,0.22836666666666666,0.21559999999999999,0.19997499999999999
1995-07-31,0.1651290322580645,0.1589032258064516,0.23299999999999998,0.1816774193548387,0.1846774193548387
1995-08-31,0.2000357142857143,0.1612258064516129,0.23122580645161292,0.18238709677419354,0.19250537634408604
1995-09-30,0.17752941176470588,0.07596666666666667,0.19833333333333333,0.1825,0.15560555555555558
1995-10-31,0.09732258064516129,0.0223,0.15967741935483873,0.14372,0.12159677419354838
1995-11-30,0.13996666666666666,0.053649999999999996,0.1665,0.11092857142857142,0.12556111111111112
1995-12-31,0.11009677419354838,0.06103225806451613,0.1345806451612903,0.08909677419354839,0.0987016129032258
1996-01-31,0.15003225806451612,0.08919354838709678,0.1412258064516129,0.12158064516129033,0.12550806451612903
1996-02-29,0.20382758620689656,0.07796551724137932,0.2025862068965517,0.18882758620689655,0.16830172413793104
1996-03-31,0.22774193548387098,0.07070967741935484,0.22696774193548389,0.22067741935483873,0.18652419354838712
1996-04-30,0.21533333333333332,0.08607407407407407,0.26306666666666667,0.2547333333333333,0.2071333333333333
1996-05-31,0.19293548387096773,0.06503225806451612,0.25990322580645164,0.24338709677419354,0.19031451612903225
1996-06-30,0.20633333333333334,0.06483333333333334,0.24486666666666668,0.20803333333333332,0.18101666666666666
1996-07-31,0.1539032258064516,0.1711935483870968,0.2637096774193548,0.21619354838709678,0.20124999999999998
1996-08-31,0.1657741935483871,0.20664516129032257,0.20877419354838708,0.16396774193548388,0.18629032258064518
1996-09-30,0.16206666666666666,0.18513333333333334,0.17573333333333335,0.17723333333333333,0.17504166666666665
1996-10-31,0.09561290322580646,0.1355483870967742,0.16416129032258067,0.15658064516129033,0.13797580645161292
1996-11-30,0.09046666666666667,0.1195,0.1504,0.13843333333333332,0.1247
1996-12-31,0.0900909090909091,0.10493548387096775,0.14516129032258066,0.12321739130434783,0.11938172043010754
1997-01-31,0.10283870967741936,0.11141935483870968,0.1465806451612903,0.103,0.11617741935483872
1997-02-28,0.12832142857142856,0.13499999999999998,0.1715357142857143,0.10342857142857143,0.1345714285714286
1997-03-31,0.17225806451612902,0.1775483870967742,0.21048387096774196,0.1318709677419355,0.17304032258064517
1997-04-30,0.1662,0.18266666666666667,0.21276666666666666,0.17350000000000002,0.18378333333333333
1997-05-31,0.18358064516129033,0.21754838709677418,0.25329032258064516,0.22983870967741934,0.22106451612903225
1997-06-30,0.16896666666666665,0.21253333333333335,0.24296666666666666,0.2064,0.20771666666666666
1997-07-31,0.18251612903225808,0.20974193548387096,0.2561290322580645,0.17751612903225808,0.20647580645161293
1997-08-31,0.15722580645161288,0.17896774193548387,0.18764516129032258,0.13712903225806453,0.16524193548387095
1997-09-30,0.13226666666666667,0.15193333333333334,0.1623666666666667,0.1673333333333333,0.153475
1997-10-31,0.12683870967741936,0.15003225806451612,0.19664516129032258,0.16564516129032258,0.15979032258064516
1997-11-30,0.07096666666666666,0.1129,0.1259,0.09426666666666667,0.10100833333333334
1997-12-31,0.05970967741935484,0.09374193548387097,0.125,0.061258064516129036,0.08492741935483872
1998-01-31,0.07825806451612903,0.07848387096774193,0.13174193548387095,0.06525806451612903,0.08843548387096774
1998-02-28,0.12267857142857143,0.08910714285714286,0.159,0.12646428571428572,0.1243125
1998-03-31,0.17003225806451613,0.17370967741935484,0.21929032258064515,0.2075483870967742,0.19264516129032258
1998-04-30,0.19403333333333334,0.20156666666666664,0.2554,0.21526666666666666,0.21656666666666666
1998-05-31,0.18574193548387097,0.2228709677419355,0.2709677419354839,0.23429032258064517,0.2284677419354839
1998-06-30,0.18773333333333334,0.23026666666666668,0.2793333333333334,0.24946666666666667,0.2367
1998-07-31,0.11480645161290323,0.18125806451612902,0.23674193548387096,0.2095483870967742,0.18558870967741933
1998-08-31,0.10964516129032258,0.1767741935483871,0.22438709677419355,0.18564516129032257,0.17411290322580644
1998-09-30,0.10086206896551725,0.1052,0.14279999999999998,0.16849999999999998,0.12999444444444444
1998-10-31,0.013741935483870968,0.12216129032258065,0.1674516129032258,0.16522222222222224,0.11498924731182796
1998-11-30,0.0,0.07913333333333333,0.15033333333333335,0.11492,0.08050833333333333
1998-12-31,0.005419354838709678,0.10763333333333333,0.15230000000000002,0.08361290322580646,0.07150806451612904
1999-01-31,0.13106451612903225,0.10364516129032258,0.17580645161290323,0.08525806451612902,0.12394354838709677
1999-02-28,0.17810714285714285,0.15724999999999997,0.18239285714285716,0.12103571428571427,0.15969642857142857
1999-03-31,0.24158064516129032,0.2200967741935484,0.22848387096774195,0.15732258064516128,0.2118709677419355
1999-04-30,0.26333333333333336,0.267,0.2535,0.17333333333333334,0.23929166666666665
1999-05-31,0.275,0.2840967741935484,0.24658064516129033,0.21883870967741934,0.2561290322580645
1999-06-30,0.20306666666666665,0.22426666666666667,0.21836666666666668,0.207,0.213175
1999-07-31,0.21416129032258066,0.26703225806451614,0.23983870967741938,0.17948387096774193,0.22512903225806452
1999-08-31,0.1716774193548387,0.2204193548387097,0.17600000000000002,0.1593225806451613,0.18185483870967742
1999-09-30,0.13136666666666666,0.16553333333333334,0.1456,0.16360000000000002,0.151525
1999-10-31,0.12251612903225807,0.1349677419354839,0.1315806451612903,0.15287096774193548,0.13548387096774195
1999-11-30,0.10996666666666667,0.12480000000000001,0.1469,0.12733333333333333,0.12725
1999-12-31,0.10216129032258064,0.11441935483870969,0.12880645161290322,0.0925483870967742,0.10948387096774194
2000-01-31,0.1569032258064516,0.1271935483870968,0.15606451612903227,0.12109677419354839,0.14031451612903226
2000-02-29,0.194,0.17417241379310344,0.19175862068965516,0.14996551724137933,0.17747413793103448
2000-03-31,0.23080645161290322,0.21938709677419355,0.2298709677419355,0.19025806451612903,0.21758064516129033
2000-04-30,0.2768333333333333,0.2771,0.27366666666666667,0.25103333333333333,0.26965833333333333
2000-05-31,0.3050645161290323,0.2962258064516129,0.29916129032258065,0.3077741935483871,0.30205645161290323
2000-06-30,0.24296666666666666,0.2626,0.26976666666666665,0.28076666666666666,0.264025
2000-07-31,0.2166774193548387,0.21980645161290321,0.23819354838709678,0.25451612903225806,0.2322983870967742
2000-08-31,0.18603225806451615,0.2447741935483871,0.20461290322580644,0.19070967741935482,0.2065322580645161
2000-09-30,0.15503333333333333,0.2237,0.1971,0.2165,0.19808333333333333
2000-10-31,0.1786774193548387,0.18764516129032258,0.18980645161290324,0.19196774193548385,0.1870241935483871
2000-11-30,0.15253333333333333,0.11309999999999999,0.14723333333333333,0.11883333333333333,0.13292500000000002
2000-12-31,0.13858064516129034,0.0742258064516129,0.13574193548387098,0.08790322580645162,0.10911290322580645
2001-01-31,0.1576774193548387,0.10393548387096774,0.15677419354838712,0.10916129032258064,0.13188709677419355
2001-02-28,0.20439285714285713,0.1309642857142857,0.19446428571428573,0.16025,0.17251785714285714
2001-03-31,0.21080645161290323,0.14458064516129032,0.20487096774193547,0.16606451612903225,0.18158064516129033
2001-04-30,0.2674333333333333,0.2406,0.26516666666666666,0.225,0.24955
2001-05-31,0.24664516129032257,0.27003225806451614,0.2634193548387097,0.2529677419354839,0.25826612903225804
2001-06-30,0.22276666666666667,0.2552,0.22216666666666668,0.23906666666666665,0.23479999999999998
2001-07-31,0.20974193548387096,0.23651612903225805,0.1996774193548387,0.21483870967741936,0.21519354838709678
2001-08-31,0.22983870967741934,0.2633225806451613,0.20783870967741938,0.21061290322580645,0.2279032258064516
2001-09-30,0.15519999999999998,0.14573333333333333,0.13543333333333332,0.18743333333333334,0.15595
2001-10-31,0.14158064516129032,0.09216129032258064,0.1600967741935484,0.17961290322580648,0.14336290322580647
2001-11-30,0.15510000000000002,0.06366666666666666,0.10379310344827586,0.11013333333333333,0.10872222222222222
2001-12-31,0.16238709677419355,0.06051612903225806,0.11851612903225807,0.081,0.10560483870967742
2002-01-31,0.15229032258064518,0.0661290322580645,0.1347741935483871,0.08674193548387096,0.10998387096774194
2002-02-28,0.17110714285714287,0.05992857142857143,0.15775,0.1278,0.1284047619047619
2002-03-31,0.24346428571428572,0.041625,0.22383870967741937,0.1794193548387097,0.2043225806451613
2002-04-30,0.2569666666666667,0.2700909090909091,0.25056666666666666,0.16856666666666667,0.23227777777777778
2002-05-31,0.2797741935483871,0.2624444444444445,0.2839677419354839,0.272741935483871,0.27614516129032257
2002-06-30,0.21176666666666666,0.14025,0.17993333333333333,0.18263333333333334,0.18155000000000002
2002-07-31,0.2136451612903226,0.1763225806451613,0.18419354838709678,0.14383870967741935,0.1795
2002-08-31,0.2204516129032258,0.1792258064516129,0.17670967741935484,0.1587741935483871,0.18379032258064515
2002-09-30,0.22383333333333333,0.11506666666666666,0.13166666666666668,0.17140000000000002,0.16049166666666667
2002-10-31,0.2102258064516129,0.07142857142857142,0.19116129032258064,0.16916129032258065,0.18331182795698925
2002-11-30,0.15730000000000002,,0.13096666666666665,0.07976666666666667,0.12267777777777779
2002-12-31,0.1268709677419355,,0.10274193548387096,0.05993548387096775,0.09651612903225806
2003-01-31,0.16416129032258067,0.0005,0.1534193548387097,0.10480645161290322,0.13906182795698924
2003-02-28,0.1687857142857143,0.0958,0.18607142857142858,0.10585714285714286,0.1470922619047619
2003-03-31,0.14561290322580647,0.09835483870967741,0.19870967741935483,0.10925806451612903,0.13798387096774192
2003-04-30,0.2277,0.16583333333333333,0.2452,0.15423333333333333,0.19824166666666668
2003-05-31,0.2762903225806451,0.26970967741935487,0.23948387096774193,0.1927741935483871,0.24456451612903227
2003-06-30,0.1905666666666667,0.2113076923076923,0.1928,0.1549333333333333,0.18849722222222223
2003-07-31,0.2296774193548387,0.24896774193548388,0.17541935483870966,0.14764516129032257,0.2004274193548387
2003-08-31,0.20587096774193547,0.20251612903225807,0.11696774193548387,0.16006451612903225,0.17135483870967744
2003-09-30,0.18719999999999998,0.1535,0.10946666666666666,0.15976666666666667,0.15248333333333336
2003-10-31,0.1686774193548387,0.12964516129032258,0.16338709677419355,0.14874193548387096,0.15261290322580645
2003-11-30,0.11723333333333333,0.04396666666666667,0.1509333333333333,0.027266666666666665,0.08485000000000001
2003-12-31,0.09393548387096774,0.02625806451612903,0.1470322580645161,0.037,0.07605645161290324
2004-01-31,0.12193548387096775,0.04003225806451613,0.14061290322580644,0.023193548387096773,0.08144354838709678
2004-02-29,0.1177142857142857,0.04971428571428571,0.16517857142857142,0.07993103448275862,0.10044827586206896
2004-03-31,0.07971428571428572,0.07858064516129032,0.2204193548387097,0.1309032258064516,0.12861021505376344
2004-04-30,0.4302666666666667,0.1017,0.2517241379310345,0.19736666666666666,0.20603333333333335
2004-05-31,0.41793548387096774,0.2990645161290323,0.2766774193548387,0.29835483870967744,0.323008064516129
2004-06-30,0.25143333333333334,0.26563333333333333,0.2043103448275862,0.2427666666666667,0.2416083333333333
2004-07-31,0.2225483870967742,0.2303548387096774,0.1970967741935484,0.18951612903225806,0.2098790322580645
2004-08-31,0.1829032258064516,0.19306451612903228,0.146741935483871,0.18312903225806454,0.17645967741935484
2004-09-30,0.15296666666666667,0.17056666666666667,0.132,0.1791,0.15865833333333335
2004-10-31,0.14803225806451614,0.13812903225806453,0.2244736842105263,0.18264516129032257,0.16721236559139785
2004-11-30,0.10286666666666666,0.003,0.13803333333333334,0.08626666666666667,0.10690555555555556
2004-12-31,0.13032258064516128,0.10705555555555556,0.1244516129032258,0.06648387096774193,0.10822849462365591
2005-01-31,0.13432258064516128,0.1673225806451613,0.14941935483870966,0.13768181818181818,0.14778225806451611
2005-02-28,0.15050000000000002,0.17710714285714285,0.17378571428571427,0.17467857142857143,0.16901785714285714
2005-03-31,0.18425806451612903,0.15503225806451612,0.20346153846153847,0.20241935483870968,0.18577419354838712
2005-04-30,0.23356666666666664,0.20633333333333334,0.275,0.2754333333333333,0.24758333333333335
2005-05-31,0.26664516129032256,0.23729032258064517,0.2583548387096774,0.2709032258064516,0.25829838709677416
2005-06-30,0.2043,0.19826666666666667,0.19643333333333332,0.20473333333333335,0.20093333333333332
2005-07-31,0.24125806451612902,0.24033333333333332,0.23474193548387098,0.24880645161290324,0.2409032258064516
2005-08-31,0.19038709677419355,0.22964516129032259,0.2133225806451613,0.24732258064516127,0.22016935483870967
2005-09-30,0.18033333333333335,0.21536666666666668,0.18141379310344827,0.23253333333333334,0.19642777777777776
2005-10-31,0.14889285714285716,0.17162068965517244,0.178741935483871,0.14500000000000002,0.16494086021505375
2005-11-30,0.13946666666666668,0.025,0.15320833333333334,0.13803333333333334,0.1429
2005-12-31,0.11845161290322581,0.08364516129032258,0.14058064516129032,0.11219354838709678,0.11371774193548387
2006-01-31,0.1563548387096774,0.12151612903225806,0.154,0.14461290322580644,0.14412096774193547
2006-02-28,0.18742857142857144,0.15475,0.1895,0.17578571428571427,0.17686607142857144
2006-03-31,0.24212903225806454,0.1847741935483871,0.25370967741935485,0.23099999999999998,0.2279032258064516
2006-04-30,0.26166666666666666,0.23746666666666666,0.28576666666666667,0.23973333333333333,0.2561583333333333
2006-05-31,0.26841935483870966,0.2674193548387097,0.27745161290322584,0.2547741935483871,0.2670161290322581
2006-06-30,0.249,0.2507,0.2720666666666667,0.2564,0.25704166666666667
2006-07-31,0.23274193548387095,0.21935483870967742,0.23632258064516132,0.22887096774193547,0.22932258064516128
2006-08-31,0.2328709677419355,0.21738709677419354,0.20006451612903225,0.22938709677419353,0.21992741935483873
2006-09-30,0.1897,0.17766666666666667,0.15346666666666667,0.22603333333333334,0.18671666666666667
2006-10-31,0.1880967741935484,0.17093548387096774,0.19764516129032259,0.19303225806451613,0.1874274193548387
2006-11-30,0.14413333333333334,0.11766666666666667,0.1286,0.14943333333333333,0.13495833333333335
2006-12-31,0.11512903225806452,0.11174193548387097,0.13016129032258064,0.10977419354838709,0.11670161290322581
2007-01-31,0.138,0.13251612903225804,0.1414516129032258,0.1454516129032258,0.13935483870967744
2007-02-28,0.17057142857142857,0.14485714285714285,0.16489285714285715,0.16489285714285715,0.1613035714285714
2007-03-31,0.2265483870967742,0.2144516129032258,0.22461290322580646,0.22825806451612904,0.22346774193548388
2007-04-30,0.23803333333333335,0.25576666666666664,0.26030000000000003,0.2643333333333333,0.2546083333333333
2007-05-31,0.2678387096774194,0.26406451612903226,0.270516129032258,0.27561290322580645,0.269508064516129
2007-06-30,0.23876666666666668,0.23416666666666666,0.2521,0.2577333333333333,0.24569166666666667
2007-07-31,0.2509677419354839,0.22961290322580646,0.2178709677419355,0.2540322580645161,0.2381209677419355
2007-08-31,0.24567741935483872,0.24438709677419357,0.20016129032258065,0.2321875,0.23018548387096774
2007-09-30,0.2094,0.20983333333333334,0.15686666666666668,0.20365384615384616,0.19545
2007-10-31,0.17970967741935484,0.17400000000000002,0.1520967741935484,0.1778709677419355,0.17091935483870968
2007-11-30,0.1717,0.1611,0.16290000000000002,0.16613333333333333,0.16545833333333335
2007-12-31,0.14383870967741935,0.1472258064516129,0.14309677419354838,0.1424516129032258,0.14415322580645162
2008-01-31,0.15151612903225806,0.14509999999999998,0.14338709677419356,0.14490322580645162,0.1460215053763441
2008-02-29,0.1713448275862069,0.18013793103448278,0.17627586206896553,0.1759655172413793,0.17593103448275862
2008-03-31,0.21025806451612902,0.21216129032258063,0.2039032258064516,0.207,0.20833064516129032
2008-04-30,0.2657,0.24163333333333334,0.2585,0.2551333333333333,0.2552416666666667
2008-05-31,0.27983870967741936,0.271,0.27699999999999997,0.27322580645161293,0.2752661290322581
2008-06-30,0.2535,0.19266666666666668,0.23733333333333334,0.23613333333333333,0.22990833333333333
2008-07-31,0.23793548387096775,0.09477777777777778,0.2302258064516129,0.23206451612903226,0.2121747311827957
2008-08-31,0.17012903225806453,0.13493548387096774,0.18716129032258066,0.20274193548387098,0.17374193548387099
2008-09-30,0.13426666666666665,0.17733333333333334,0.18683333333333335,0.20936666666666667,0.17695000000000002
2008-10-31,0.13761290322580647,0.17970967741935484,0.16758064516129034,0.1817741935483871,0.16666935483870965
2008-11-30,0.1229,0.09776666666666665,0.17693333333333333,0.17223333333333332,0.14245833333333333
2008-12-31,0.1259032258064516,0.08861290322580645,0.1428064516129032,0.14219354838709677,0.12487903225806453
2009-01-31,0.13029032258064516,0.10619354838709677,0.1599032258064516,0.15493548387096773,0.13783064516129034
2009-02-28,0.1650357142857143,0.15435714285714286,0.2089642857142857,0.2000357142857143,0.1820982142857143
2009-03-31,0.17541935483870966,0.17587096774193547,0.22661290322580646,0.21574193548387097,0.19841129032258062
2009-04-30,0.19176666666666667,0.1511,0.27096666666666663,0.26063333333333333,0.21861666666666665
2009-05-31,0.22774193548387098,0.25074193548387097,0.259,0.24696774193548385,0.24611290322580645
2009-06-30,0.2506333333333333,0.25116666666666665,0.2581,0.24496666666666667,0.2512166666666667
2009-07-31,0.21051612903225805,0.24348387096774193,0.1221,0.20519354838709677,0.19638978494623657
2009-08-31,0.23003225806451613,0.21929032258064515,0.22403225806451613,0.20461290322580644,0.21949193548387097
2009-09-30,0.1971,0.1724,0.20986666666666667,0.18233333333333332,0.19042499999999998
2009-10-31,0.12180645161290322,0.12606451612903224,0.20383870967741935,0.2056451612903226,0.16433870967741934
2009-11-30,0.07143333333333333,0.0908,0.14703333333333332,0.15116666666666667,0.11510833333333334
2009-12-31,0.09593548387096774,0.07093548387096774,0.12006451612903225,0.11496774193548387,0.1004758064516129
2010-01-31,0.08490322580645161,0.08832258064516128,0.1361290322580645,0.13635483870967743,0.11142741935483871
2010-02-28,0.09857142857142856,0.08707142857142858,0.16389285714285715,0.16614285714285715,0.12891964285714286
2010-03-31,0.11161290322580646,0.11480645161290323,0.20729032258064517,0.2132258064516129,0.16173387096774194
2010-04-30,0.16623333333333334,0.0749,0.23446666666666666,0.23779999999999998,0.17835
2010-05-31,0.26161290322580644,0.14771428571428571,0.27890322580645166,0.24916129032258066,0.25573655913978494
2010-06-30,0.24096666666666666,0.23632,0.26946666666666663,0.2661,0.2548694444444444
2010-07-31,0.1712258064516129,0.1756451612903226,0.24119354838709678,0.21596774193548388,0.20100806451612904
2010-08-31,0.17822580645161293,0.19974193548387098,0.20316129032258065,0.1921935483870968,0.1933306451612903
2010-09-30,0.10677272727272728,0.18842857142857142,0.21023333333333336,0.20383333333333334,0.17999722222222223
2010-10-31,0.12570967741935485,0.3427222222222222,0.2036774193548387,0.20474193548387096,0.2001478494623656
2010-11-30,0.08253333333333333,,0.16283333333333333,0.15288888888888888,0.1323222222222222
2010-12-31,0.0817741935483871,,0.14103225806451614,0.14929032258064517,0.12403225806451613
2011-01-31,0.07761290322580645,0.06035714285714285,0.1390967741935484,0.14161290322580644,0.10623924731182796
2011-02-28,0.09196428571428572,0.008,0.17942857142857144,0.16632142857142856,0.14486011904761906
2011-03-31,0.11003225806451614,0.0902,0.2255483870967742,0.18383870967741936,0.15452419354838712
2011-04-30,0.2248,0.2394736842105263,0.2636,0.29313333333333336,0.25977500000000003
2011-05-31,0.2888064516129032,0.22875,0.286,0.3074516129032258,0.2842795698924731
2011-06-30,0.26713333333333333,0.29091666666666666,0.2587,0.2838333333333333,0.2764666666666667
2011-07-31,0.24448387096774193,0.19974193548387098,0.1643225806451613,0.2283225806451613,0.20921774193548387
2011-08-31,0.2069677419354839,0.1694516129032258,0.15367741935483872,0.19893548387096774,0.18225806451612905
2011-09-30,0.1762,0.1641,0.21356666666666665,0.23253333333333334,0.1966
2011-10-31,0.16093548387096773,0.1510967741935484,0.15167741935483872,0.1778709677419355,0.16039516129032258
2011-11-30,0.08048275862068965,0.04926666666666667,0.16363333333333333,0.1765,0.12854444444444446
2011-12-31,0.0898,0.0695,0.1288709677419355,0.1490967741935484,0.1245752688172043
2012-01-31,0.10487096774193548,0.07441666666666667,0.1594516129032258,0.1675483870967742,0.13008870967741937
2012-02-29,0.09096296296296297,,0.16689655172413792,0.17193103448275862,0.14570114942528736
2012-03-31,0.13196,,0.2172258064516129,0.2375483870967742,0.20354838709677417
2012-04-30,,,0.2438,0.2576333333333333,0.25071666666666664
2012-05-31,,,0.25751612903225807,0.2681935483870968,0.2628548387096774
2012-06-30,,,0.21836666666666668,0.21723333333333333,0.2178
2012-07-31,,,0.25967741935483873,0.2425483870967742,0.2511129032258065
2012-08-31,,,0.21551612903225806,0.2124193548387097,0.21396774193548387
2012-09-30,,,0.19973333333333335,0.21923333333333334,0.20948333333333333
2012-10-31,,,0.18738709677419355,0.1963225806451613,0.1918548387096774
2012-11-30,,,0.1627333333333333,0.17113333333333333,0.16693333333333332
2012-12-31,,,0.1324516129032258,0.14716129032258066,0.13980645161290323
2013-01-31,,,0.1375483870967742,0.15493548387096773,0.14624193548387096
2013-02-28,,,0.1772142857142857,0.19357142857142856,0.18539285714285714
2013-03-31,,,0.22522580645161291,0.13974193548387095,0.18248387096774193
2013-04-30,,,0.24386666666666665,0.23620000000000002,0.24003333333333335
2013-05-31,,,0.26448387096774195,0.28041935483870967,0.2724516129032258
2013-06-30,,,0.2216,0.23973333333333333,0.23066666666666666
2013-07-31,,,0.19412903225806452,0.1974516129032258,0.19579032258064516
2013-08-31,,,0.18064516129032257,0.22993548387096774,0.20529032258064517
2013-09-30,,,0.13023333333333334,0.179,0.15461666666666668
2013-10-31,,,0.18712903225806451,0.18867741935483873,0.1879032258064516
2013-11-30,,,0.13583333333333333,0.1407,0.13826666666666665
2013-12-31,,,0.08774193548387096,0.11883870967741936,0.10329032258064516
2014-01-31,,,0.06838709677419355,0.09203225806451613,0.08020967741935484
2014-02-28,,,0.10853846153846154,0.12907142857142856,0.11958928571428572
2014-03-31,,,,0.16986666666666667,0.16986666666666667
2014-04-30,,,0.25956250000000003,0.24514285714285713,0.24905357142857146
2014-05-31,,,0.26838709677419353,0.24074193548387096,0.25456451612903225
2014-06-30,,,0.20866666666666667,0.18380000000000002,0.19623333333333334
2014-07-31,,,0.14748387096774193,0.13841935483870968,0.1429516129032258
2014-08-31,,,0.19290322580645164,0.18219354838709675,0.18754838709677418
2014-09-30,,,0.13233333333333333,0.1366,0.13446666666666665
2014-10-31,,,0.1681935483870968,0.13680645161290322,0.1525
2014-11-30,,,0.07613333333333333,0.12586666666666665,0.10099999999999999
2014-12-31,,,0.06016129032258064,0.1023225806451613,0.08124193548387097
2015-01-31,,,0.09438709677419356,0.10741935483870968,0.10090322580645161
2015-02-28,,,0.15353571428571428,0.154,0.15376785714285715
2015-03-31,,,0.183,0.19222580645161289,0.18761290322580645
2015-04-30,,,0.2343,0.23850000000000002,0.23640000000000003
2015-05-31,,,0.2857096774193548,0.26938709677419354,0.27754838709677415
2015-06-30,,,0.2805666666666667,0.22613333333333333,0.25335
2015-07-31,,,0.22916129032258065,0.17361290322580647,0.20138709677419356
2015-08-31,,,0.22432258064516128,0.21100000000000002,0.21766129032258066
2015-09-30,,,0.21043333333333333,0.17140000000000002,0.19091666666666668
2015-10-31,,,0.15251612903225806,0.1377741935483871,0.1451451612903226
2015-11-30,,,0.13316666666666668,0.13406666666666667,0.13361666666666666
2015-12-31,,,0.07848387096774193,0.07016129032258064,0.07432258064516128
2016-01-31,,,0.07666666666666666,0.07025,0.07670967741935485
2016-02-29,,,0.121,0.11642857142857142,0.11746153846153845
2016-03-31,,,0.1554,0.18925,0.1718
2016-04-30,,,0.23943333333333333,0.22633333333333333,0.23331666666666667
2016-05-31,,,0.24238709677419357,0.2381290322580645,0.24025806451612905
2016-06-30,,,0.23356666666666664,0.2337,0.23363333333333333
2016-07-31,,,0.2242758620689655,0.2036774193548387,0.21464516129032257
2016-08-31,,,0.1698,0.17276666666666665,0.17206451612903226
2016-09-30,,,0.17329999999999998,0.1661,0.16970000000000002
2016-10-31,,,0.15988888888888889,0.16835483870967743,0.1701774193548387
2016-11-30,,,0.0864,0.12175000000000001,0.12050000000000001
2016-12-31,,,0.07831578947368421,0.07370588235294118,0.075875
2017-01-31,,,0.11575,0.10158333333333334,0.11434615384615385
2017-02-28,,,0.1348888888888889,0.10700000000000001,0.13094999999999998
2017-03-31,,,0.20775,0.14853333333333335,0.1718095238095238
2017-04-30,,,0.24803448275862067,0.2641538461538462,0.24889655172413794
2017-05-31,,,0.28325806451612906,0.2838709677419355,0.2835645161290323
2017-06-30,,,0.1963,0.16778260869565217,0.19186666666666669
2017-07-31,,,0.186,0.20477419354838708,0.19538709677419355
2017-08-31,,,0.19074193548387097,0.1876774193548387,0.18920967741935485
2017-09-30,,,0.19443333333333335,0.20856666666666665,0.20149999999999998
2017-10-31,,,0.18248387096774193,0.15948387096774194,0.17098387096774195
2017-11-30,,,0.17296666666666666,0.1555,0.16423333333333331
2017-12-31,,,0.13193548387096773,0.10374193548387098,0.11783870967741936
2018-01-31,,,0.12290322580645162,0.11903225806451613,0.12096774193548387
2018-02-28,,,0.1738888888888889,0.16667857142857143,0.17016071428571428
2018-03-31,,,0.2174,0.193,0.21716666666666665
2018-04-30,,,0.24860000000000002,0.25104,0.24998333333333334
2018-05-31,,,0.1733548387096774,0.1803225806451613,0.17683870967741935
2018-06-30,,,0.23676666666666665,0.24646666666666667,0.24161666666666667
2018-07-31,,,0.23629032258064517,0.22503333333333334,0.23149999999999998
2018-08-31,,,0.2025483870967742,0.20283870967741938,0.20269354838709677
2018-09-30,,,0.1816,0.15636666666666665,0.16898333333333332
2018-10-31,,,0.1774516129032258,0.1587741935483871,0.16811290322580646
2018-11-30,,,0.12126666666666666,0.0949655172413793,0.10816666666666667
2018-12-31,,,0.09703703703703705,0.08025,0.09123214285714286
2019-01-31,,,0.08518181818181819,0.05542857142857143,0.0841304347826087
2019-02-28,,,0.07845454545454546,0.066,0.08025
2019-03-31,,,0.20400000000000001,0.009,0.20366666666666666
2019-04-30,,,0.24509999999999998,,0.24509999999999998
2019-05-31,,,0.2739677419354839,0.31,0.2735645161290322
2019-06-30,,,0.2297,0.2167857142857143,0.22513333333333332
2019-07-31,,,0.21448387096774194,0.20507692307692307,0.21188709677419357
2019-08-31,,,0.1774193548387097,0.1564193548387097,0.16691935483870968
2019-09-30,,,0.20416666666666666,0.1739,0.18903333333333333
2019-10-31,,,0.14764516129032257,0.1300967741935484,0.13887096774193547
2019-11-30,,,0.10747999999999999,0.07306666666666667,0.08543333333333333
2019-12-31,,,0.06841379310344828,0.07064516129032258,0.0702741935483871
2020-01-31,,,0.11654838709677419,0.0902258064516129,0.10338709677419355
2020-02-29,,,0.1323181818181818,0.12159090909090908,0.12797826086956524
2020-03-31,,,0.25052631578947365,0.1825,0.221
2020-04-30,,,0.22106666666666666,0.18450000000000003,0.20293333333333333
2020-05-31,,,0.2418064516129032,0.23725806451612902,0.2395322580645161
2020-06-30,,,0.23433333333333334,0.23158620689655174,0.23399999999999999
2020-07-31,,,0.22441935483870967,0.16542857142857142,0.2073548387096774
2020-08-31,,,0.2000322580645161,0.17885,0.19051612903225806
2020-09-30,,,0.1600666666666667,0.14673076923076922,0.15466666666666665
2020-10-31,,,0.13125806451612904,0.11312903225806452,0.12219354838709677
2020-11-30,,,0.11683333333333333,0.10919999999999999,0.11301666666666667
2020-12-31,,,0.12124137931034483,0.11623333333333334,0.1173225806451613
2021-01-31,,,0.13173333333333334,0.12334482758620689,0.12853225806451613
2021-02-28,,,0.1497391304347826,0.15552,0.1556607142857143
2021-03-31,,,0.20776666666666666,0.16451612903225804,0.18566129032258064
2021-04-30,,,0.22026666666666667,0.16557692307692307,0.19923333333333335
2021-05-31,,,0.2506451612903226,0.25170967741935485,0.2511774193548387
2021-06-30,,,0.18710000000000002,0.21088461538461536,0.19473333333333334
2021-07-31,,,0.23183870967741937,0.225625,0.22640322580645159
2021-08-31,,,0.17570967741935484,0.15716666666666668,0.1733709677419355
2021-09-30,,,0.19893333333333332,0.18683333333333332,0.19606666666666667
2021-10-31,,,0.1749032258064516,0.13865384615384616,0.16261290322580646
2021-11-30,,,0.13463333333333333,0.09704347826086958,0.12268333333333332
2021-12-31,,,0.11480645161290323,0.09173076923076923,0.10724193548387097
2022-01-31,,,0.12173333333333333,0.10083333333333333,0.11441666666666667
2022-02-28,,,0.161875,0.13166666666666668,0.1533095238095238
2022-03-31,,,0.21909090909090911,0.15150000000000002,0.21613636363636363
2022-04-30,,,0.2245,0.2718846153846154,0.23929999999999998
2022-05-31,,,0.2564516129032258,0.281,0.2687258064516129
2022-06-30,,,0.2584,0.23986666666666664,0.24913333333333335
2022-07-31,,,0.19438709677419355,0.19156666666666666,0.19269354838709676
2022-08-31,,,0.18313333333333331,0.1816896551724138,0.18319354838709678
2022-09-30,,,0.17750000000000002,0.18056666666666665,0.17903333333333335
2022-10-31,,,0.1749032258064516,0.15816666666666665,0.17425806451612905
2022-11-30,,,0.11333333333333333,0.12985185185185186,0.12774137931034482
2022-12-31,,,0.08027272727272727,0.11903571428571429,0.10825862068965517
2023-01-31,,,0.14355555555555555,0.1356,0.13948387096774192
2023-02-28,,,0.1678148148148148,0.17910714285714285,0.17439285714285716
2023-03-31,,,0.20916129032258066,0.2120967741935484,0.2106290322580645
2023-04-30,,,0.22926666666666667,0.2196,0.22443333333333335
2023-05-31,,,0.2713225806451613,0.26051612903225807,0.26591935483870965
2023-06-30,,,0.2446333333333333,0.23567857142857143,0.24021666666666666
2023-07-31,,,0.23183870967741937,0.20465384615384613,0.2217258064516129
2023-08-31,,,0.20796774193548387,0.1895806451612903,0.1987741935483871
2023-09-30,,,0.16806666666666667,0.1943,0.18118333333333334
2023-10-31,,,0.16722580645161292,0.17013793103448277,0.16933870967741937
2023-11-30,,,0.12,0.14150000000000001,0.13733333333333334
2023-12-31,,,0.08266666666666668,0.09933333333333333,0.09153225806451612
2024-01-31,,,0.0768125,0.11403846153846153,0.10223333333333334
2024-02-29,,,0.10441379310344828,0.1629655172413793,0.1336896551724138
2024-03-31,,,0.1612258064516129,0.17735483870967741,0.16929032258064516
2024-04-30,,,0.25716666666666665,0.25176666666666664,0.2544666666666667
2024-05-31,,,0.2637741935483871,0.2603225806451613,0.2620483870967742
2024-06-30,,,0.2038,0.22416666666666665,0.21398333333333333
2024-07-31,,,0.22616129032258064,0.22312903225806452,0.22464516129032258
2024-08-31,,,0.17351612903225805,0.1816774193548387,0.1775967741935484
2024-09-30,,,0.152,0.18113333333333334,0.16656666666666667
2024-10-31,,,0.13574193548387098,0.14735483870967742,0.1415483870967742
2024-11-30,,,0.14193333333333333,0.14016666666666666,0.14104999999999998
2024-12-31,,,0.13216129032258064,0.13183870967741934,0.13199999999999998
2025-01-31,,,0.1545,0.15175,0.153125
